[12:26:06] [Server thread/INFO]: Starting minecraft server version 1.12.2
[12:26:06] [Server thread/INFO]: Loading properties
[12:26:06] [Server thread/INFO]: Default game type: SURVIVAL
[12:26:07] [Server thread/INFO]: This server is running CraftBukkit version git-Spigot-79a30d7-acbc348 (MC: 1.12.2) (Implementing API version 1.12.2-R0.1-SNAPSHOT)
[12:26:07] [Server thread/INFO]: Debug logging is disabled
[12:26:07] [Server thread/INFO]: Server Ping Player Sample Count: 12
[12:26:07] [Server thread/INFO]: Using 4 threads for Netty based IO
[12:26:07] [Server thread/INFO]: Generating keypair
[12:26:07] [Server thread/INFO]: Starting Minecraft server on *:25565
[12:26:07] [Server thread/INFO]: Using default channel type
[12:26:09] [Server thread/INFO]: Set PluginClassLoader as parallel capable
[12:26:10] [Server thread/INFO]: Loading library org.jetbrains.kotlin:kotlin-stdlib-common:1.5.20
[12:26:10] [Server thread/INFO]: Loading library org.jetbrains.kotlin:kotlin-stdlib:1.5.20
[12:26:10] [Server thread/INFO]: Loading library org.jetbrains:annotations:13.0
[12:26:10] [Server thread/INFO]: Loading library org.jetbrains.kotlin:kotlin-stdlib-jdk7:1.5.20
[12:26:10] [Server thread/INFO]: Loading library org.jetbrains.kotlin:kotlin-stdlib-jdk8:1.5.20
[12:26:11] [Server thread/INFO]: Loading library org.yaml:snakeyaml:2.2
[12:26:11] [Server thread/INFO]: Loading library com.typesafe:config:1.4.3
[12:26:11] [Server thread/INFO]: Loading library com.electronwill.night-config:core:3.6.7
[12:26:11] [Server thread/INFO]: Loading library com.electronwill.night-config:toml:3.6.7
[12:26:11] [Server thread/INFO]: Loading library com.electronwill.night-config:json:3.6.7
[12:26:11] [Server thread/INFO]: Loading library com.typesafe:config:1.4.2
[12:26:11] [Server thread/INFO]: Loading library com.electronwill.night-config:hocon:3.6.7
[12:26:11] [ForkJoinPool.commonPool-worker-15/INFO]: Loading library com.google.code.gson:gson:2.8.7
[12:26:11] [ForkJoinPool.commonPool-worker-15/INFO]: Loading library org.apache.commons:commons-jexl3:3.2.1
[12:26:11] [ForkJoinPool.commonPool-worker-15/INFO]: Downloading library com.mojang:datafixerupper:4.0.26 (transitive)
[12:26:11] [ForkJoinPool.commonPool-worker-4/INFO]: Loading library org.slf4j:slf4j-api:2.0.8
[12:26:11] [ForkJoinPool.commonPool-worker-4/INFO]: Loading library com.zaxxer:HikariCP:4.0.3
[12:26:33] [ForkJoinPool.commonPool-worker-15/WARN]: java.net.ConnectException: Connection timed out: connect
[12:26:33] [ForkJoinPool.commonPool-worker-15/WARN]: 	at java.net.DualStackPlainSocketImpl.connect0(Native Method)
[12:26:33] [ForkJoinPool.commonPool-worker-15/WARN]: 	at java.net.DualStackPlainSocketImpl.socketConnect(DualStackPlainSocketImpl.java:75)
[12:26:33] [ForkJoinPool.commonPool-worker-15/WARN]: 	at java.net.AbstractPlainSocketImpl.doConnect(AbstractPlainSocketImpl.java:476)
[12:26:33] [ForkJoinPool.commonPool-worker-15/WARN]: 	at java.net.AbstractPlainSocketImpl.connectToAddress(AbstractPlainSocketImpl.java:218)
[12:26:33] [ForkJoinPool.commonPool-worker-15/WARN]: 	at java.net.AbstractPlainSocketImpl.connect(AbstractPlainSocketImpl.java:200)
[12:26:33] [ForkJoinPool.commonPool-worker-15/WARN]: 	at java.net.PlainSocketImpl.connect(PlainSocketImpl.java:162)
[12:26:33] [ForkJoinPool.commonPool-worker-15/WARN]: 	at java.net.SocksSocketImpl.connect(SocksSocketImpl.java:394)
[12:26:33] [ForkJoinPool.commonPool-worker-15/WARN]: 	at java.net.Socket.connect(Socket.java:606)
[12:26:33] [ForkJoinPool.commonPool-worker-15/WARN]: 	at java.net.Socket.connect(Socket.java:555)
[12:26:33] [ForkJoinPool.commonPool-worker-15/WARN]: 	at sun.net.NetworkClient.doConnect(NetworkClient.java:180)
[12:26:33] [ForkJoinPool.commonPool-worker-15/WARN]: 	at sun.net.www.http.HttpClient.openServer(HttpClient.java:499)
[12:26:33] [ForkJoinPool.commonPool-worker-15/WARN]: 	at sun.net.www.http.HttpClient.openServer(HttpClient.java:594)
[12:26:33] [ForkJoinPool.commonPool-worker-15/WARN]: 	at sun.net.www.http.HttpClient.<init>(HttpClient.java:278)
[12:26:33] [ForkJoinPool.commonPool-worker-15/WARN]: 	at sun.net.www.http.HttpClient.New(HttpClient.java:375)
[12:26:33] [ForkJoinPool.commonPool-worker-15/WARN]: 	at sun.net.www.http.HttpClient.New(HttpClient.java:393)
[12:26:33] [ForkJoinPool.commonPool-worker-15/WARN]: 	at sun.net.www.protocol.http.HttpURLConnection.getNewHttpClient(HttpURLConnection.java:1240)
[12:26:33] [ForkJoinPool.commonPool-worker-15/WARN]: 	at sun.net.www.protocol.http.HttpURLConnection.plainConnect0(HttpURLConnection.java:1167)
[12:26:33] [ForkJoinPool.commonPool-worker-15/WARN]: 	at sun.net.www.protocol.http.HttpURLConnection.plainConnect(HttpURLConnection.java:1061)
[12:26:33] [ForkJoinPool.commonPool-worker-15/WARN]: 	at sun.net.www.protocol.http.HttpURLConnection.connect(HttpURLConnection.java:995)
[12:26:33] [ForkJoinPool.commonPool-worker-15/WARN]: 	at sun.net.www.protocol.http.HttpURLConnection.getInputStream0(HttpURLConnection.java:1584)
[12:26:33] [ForkJoinPool.commonPool-worker-15/WARN]: 	at sun.net.www.protocol.http.HttpURLConnection.getInputStream(HttpURLConnection.java:1512)
[12:26:33] [ForkJoinPool.commonPool-worker-15/WARN]: 	at java.net.URL.openStream(URL.java:1092)
[12:26:33] [ForkJoinPool.commonPool-worker-15/WARN]: 	at org.serverct.ersha.taboolib.common.env.RuntimeEnv.loadDependency(RuntimeEnv.java:216)
[12:26:33] [ForkJoinPool.commonPool-worker-15/WARN]: 	at org.serverct.ersha.taboolib.common.env.RuntimeEnv.loadDependency(RuntimeEnv.java:162)
[12:26:33] [ForkJoinPool.commonPool-worker-15/WARN]: 	at org.serverct.ersha.taboolib.common.env.RuntimeEnv.inject(RuntimeEnv.java:64)
[12:26:33] [ForkJoinPool.commonPool-worker-15/WARN]: 	at org.serverct.ersha.taboolib.common.platform.PlatformFactory.init$lambda-3(PlatformFactory.kt:42)
[12:26:33] [ForkJoinPool.commonPool-worker-15/WARN]: 	at java.util.stream.ForEachOps$ForEachOp$OfRef.accept(ForEachOps.java:184)
[12:26:33] [ForkJoinPool.commonPool-worker-15/WARN]: 	at java.util.Spliterators$ArraySpliterator.forEachRemaining(Spliterators.java:948)
[12:26:33] [ForkJoinPool.commonPool-worker-15/WARN]: 	at java.util.stream.AbstractPipeline.copyInto(AbstractPipeline.java:482)
[12:26:33] [ForkJoinPool.commonPool-worker-15/WARN]: 	at java.util.stream.ForEachOps$ForEachTask.compute(ForEachOps.java:291)
[12:26:33] [ForkJoinPool.commonPool-worker-15/WARN]: 	at java.util.concurrent.CountedCompleter.exec(CountedCompleter.java:731)
[12:26:33] [ForkJoinPool.commonPool-worker-15/WARN]: 	at java.util.concurrent.ForkJoinTask.doExec(ForkJoinTask.java:289)
[12:26:33] [ForkJoinPool.commonPool-worker-15/WARN]: 	at java.util.concurrent.ForkJoinPool$WorkQueue.runTask(ForkJoinPool.java:1067)
[12:26:33] [ForkJoinPool.commonPool-worker-15/WARN]: 	at java.util.concurrent.ForkJoinPool.runWorker(ForkJoinPool.java:1703)
[12:26:33] [ForkJoinPool.commonPool-worker-15/WARN]: 	at java.util.concurrent.ForkJoinWorkerThread.run(ForkJoinWorkerThread.java:172)
[12:26:34] [Server thread/INFO]: [PlaceholderAPI] Loading PlaceholderAPI v2.9.2
[12:26:34] [Server thread/INFO]: [GroupManager] Loading GroupManager v2.0.5
[12:26:34] [Server thread/INFO]: [DcBanItem] Loading DcBanItem v1.0
[12:26:34] [Server thread/INFO]: [Vault] Loading Vault v1.6.7-b${env.TRAVIS_BUILD_NUMBER}
[12:26:34] [Server thread/INFO]: [RichAutoMessage] Loading RichAutoMessage v1.3.7
[12:26:34] [Server thread/INFO]: [ProtocolLib] Loading ProtocolLib v4.3.0
[12:26:34] [Server thread/WARN]: [ProtocolLib] Version (MC: 1.12.2) has not yet been tested! Proceed with caution.
[12:26:34] [Server thread/INFO]: [EasyKitsRel] Loading EasyKitsRel v2.3
[12:26:34] [Server thread/INFO]: [ChestCommands] Loading ChestCommands v3.1.4
[12:26:34] [Server thread/INFO]: [Essentials] Loading Essentials v2.15.0.45
[12:26:34] [Server thread/INFO]: [EssentialsProtect] Loading EssentialsProtect v2.15.0.45
[12:26:34] [Server thread/INFO]: [EssentialsChat] Loading EssentialsChat v2.15.0.45
[12:26:34] [Server thread/INFO]: [PlotMe] Loading PlotMe v0.16.3
[12:26:34] [Server thread/INFO]: [ColorMOTD] Loading ColorMOTD v1.5.3
[12:26:34] [Server thread/INFO]: [NeverLag] Loading NeverLag v1.3.0
[12:26:34] [Server thread/INFO]: [EssentialsSpawn] Loading EssentialsSpawn v2.15.0.45
[12:26:34] [Server thread/INFO]: [PlotMe-DefaultGenerator] Loading PlotMe-DefaultGenerator v0.16.1
[12:26:34] [Server thread/INFO]: [Multiverse-Core] Loading Multiverse-Core v1.1
[12:26:34] [Server thread/INFO]: [MythicMobs] Loading MythicMobs v4.11.0-da8c22c1
[12:26:34] [Server thread/INFO]: [MythicCrucible] Loading MythicCrucible v0.0.1-SNAPSHOT
[12:26:34] [Server thread/INFO]: [AttributePlus] Loading AttributePlus v3.3.2.7
[12:26:34] [Server thread/WARN]: org.serverct.ersha.taboolib.common.inject.ClassVisitException: class org.serverct.ersha.taboolib.module.kether.action.Actions#actionNot: VisitorGroup{priority=0, list=[AwakeFunction(lifeCycle=CONST), AwakeFunction(lifeCycle=INIT), AwakeFunction(lifeCycle=LOAD), AwakeFunction(lifeCycle=ENABLE), AwakeFunction(lifeCycle=ACTIVE), AwakeFunction(lifeCycle=DISABLE), org.serverct.ersha.taboolib.common.platform.command.SimpleCommandRegister@69c8c963, org.serverct.ersha.taboolib.common.platform.event.EventBus@410c9315, org.serverct.ersha.taboolib.module.kether.KetherLoader@71b06f94, org.serverct.ersha.taboolib.platform.compat.PlaceholderExpansion$PlaceholderRegister@206f6c42]} (LOAD)
[12:26:34] [Server thread/WARN]: 	at org.serverct.ersha.taboolib.common.inject.VisitorHandler.visitMethod(VisitorHandler.java:135)
[12:26:34] [Server thread/WARN]: 	at org.serverct.ersha.taboolib.common.inject.VisitorHandler.inject(VisitorHandler.java:103)
[12:26:34] [Server thread/WARN]: 	at org.serverct.ersha.taboolib.common.inject.VisitorHandler.injectAll(VisitorHandler.java:62)
[12:26:34] [Server thread/WARN]: 	at org.serverct.ersha.taboolib.common.TabooLibCommon.lifeCycle(TabooLibCommon.java:204)
[12:26:34] [Server thread/WARN]: 	at org.serverct.ersha.taboolib.common.TabooLibCommon.lifeCycle(TabooLibCommon.java:122)
[12:26:34] [Server thread/WARN]: 	at org.serverct.ersha.taboolib.platform.BukkitPlugin.onLoad(BukkitPlugin.java:98)
[12:26:34] [Server thread/WARN]: 	at org.bukkit.craftbukkit.v1_12_R1.CraftServer.loadPlugins(CraftServer.java:310)
[12:26:34] [Server thread/WARN]: 	at net.minecraft.server.v1_12_R1.DedicatedServer.init(DedicatedServer.java:205)
[12:26:34] [Server thread/WARN]: 	at net.minecraft.server.v1_12_R1.MinecraftServer.run(MinecraftServer.java:545)
[12:26:34] [Server thread/WARN]: 	at java.lang.Thread.run(Thread.java:750)
[12:26:34] [Server thread/WARN]: Caused by: java.lang.NoClassDefFoundError: com/mojang/datafixers/kinds/App
[12:26:34] [Server thread/WARN]: 	at java.lang.ClassLoader.defineClass1(Native Method)
[12:26:34] [Server thread/WARN]: 	at java.lang.ClassLoader.defineClass(ClassLoader.java:756)
[12:26:34] [Server thread/WARN]: 	at java.security.SecureClassLoader.defineClass(SecureClassLoader.java:142)
[12:26:34] [Server thread/WARN]: 	at org.bukkit.plugin.java.PluginClassLoader.findClass(PluginClassLoader.java:148)
[12:26:34] [Server thread/WARN]: 	at org.bukkit.plugin.java.JavaPluginLoader.getClassByName(JavaPluginLoader.java:191)
[12:26:34] [Server thread/WARN]: 	at org.bukkit.plugin.java.PluginClassLoader.findClass(PluginClassLoader.java:111)
[12:26:34] [Server thread/WARN]: 	at org.bukkit.plugin.java.PluginClassLoader.findClass(PluginClassLoader.java:100)
[12:26:34] [Server thread/WARN]: 	at java.lang.ClassLoader.loadClass(ClassLoader.java:418)
[12:26:34] [Server thread/WARN]: 	at java.lang.ClassLoader.loadClass(ClassLoader.java:351)
[12:26:34] [Server thread/WARN]: 	at org.serverct.ersha.taboolib.module.kether.KetherHelperKt.combinationParser(KetherHelper.kt:36)
[12:26:34] [Server thread/WARN]: 	at org.serverct.ersha.taboolib.module.kether.action.Actions.actionNot(Actions.kt:101)
[12:26:34] [Server thread/WARN]: 	at java.lang.invoke.MethodHandle.invokeWithArguments(MethodHandle.java:627)
[12:26:34] [Server thread/WARN]: 	at org.serverct.ersha.taboolib.library.reflex.JavaClassMethod.invoke(JavaClassMethod.kt:31)
[12:26:34] [Server thread/WARN]: 	at org.serverct.ersha.taboolib.module.kether.KetherLoader.visit(KetherLoader.kt:25)
[12:26:34] [Server thread/WARN]: 	at org.serverct.ersha.taboolib.common.inject.VisitorHandler.visitMethod(VisitorHandler.java:133)
[12:26:34] [Server thread/WARN]: 	... 9 more
[12:26:34] [Server thread/WARN]: Caused by: java.lang.ClassNotFoundException: com.mojang.datafixers.kinds.App
[12:26:34] [Server thread/WARN]: 	at java.net.URLClassLoader.findClass(URLClassLoader.java:387)
[12:26:34] [Server thread/WARN]: 	at org.bukkit.plugin.java.PluginClassLoader.findClass(PluginClassLoader.java:152)
[12:26:34] [Server thread/WARN]: 	at org.bukkit.plugin.java.PluginClassLoader.findClass(PluginClassLoader.java:100)
[12:26:34] [Server thread/WARN]: 	at java.lang.ClassLoader.loadClass(ClassLoader.java:418)
[12:26:34] [Server thread/WARN]: 	at java.lang.ClassLoader.loadClass(ClassLoader.java:351)
[12:26:34] [Server thread/WARN]: 	... 24 more
[12:26:34] [Server thread/WARN]: org.serverct.ersha.taboolib.common.inject.ClassVisitException: class org.serverct.ersha.taboolib.module.kether.action.Actions#actionSevere: VisitorGroup{priority=0, list=[AwakeFunction(lifeCycle=CONST), AwakeFunction(lifeCycle=INIT), AwakeFunction(lifeCycle=LOAD), AwakeFunction(lifeCycle=ENABLE), AwakeFunction(lifeCycle=ACTIVE), AwakeFunction(lifeCycle=DISABLE), org.serverct.ersha.taboolib.common.platform.command.SimpleCommandRegister@69c8c963, org.serverct.ersha.taboolib.common.platform.event.EventBus@410c9315, org.serverct.ersha.taboolib.module.kether.KetherLoader@71b06f94, org.serverct.ersha.taboolib.platform.compat.PlaceholderExpansion$PlaceholderRegister@206f6c42]} (LOAD)
[12:26:34] [Server thread/WARN]: 	at org.serverct.ersha.taboolib.common.inject.VisitorHandler.visitMethod(VisitorHandler.java:135)
[12:26:34] [Server thread/WARN]: 	at org.serverct.ersha.taboolib.common.inject.VisitorHandler.inject(VisitorHandler.java:103)
[12:26:34] [Server thread/WARN]: 	at org.serverct.ersha.taboolib.common.inject.VisitorHandler.injectAll(VisitorHandler.java:62)
[12:26:34] [Server thread/WARN]: 	at org.serverct.ersha.taboolib.common.TabooLibCommon.lifeCycle(TabooLibCommon.java:204)
[12:26:34] [Server thread/WARN]: 	at org.serverct.ersha.taboolib.common.TabooLibCommon.lifeCycle(TabooLibCommon.java:122)
[12:26:34] [Server thread/WARN]: 	at org.serverct.ersha.taboolib.platform.BukkitPlugin.onLoad(BukkitPlugin.java:98)
[12:26:34] [Server thread/WARN]: 	at org.bukkit.craftbukkit.v1_12_R1.CraftServer.loadPlugins(CraftServer.java:310)
[12:26:34] [Server thread/WARN]: 	at net.minecraft.server.v1_12_R1.DedicatedServer.init(DedicatedServer.java:205)
[12:26:34] [Server thread/WARN]: 	at net.minecraft.server.v1_12_R1.MinecraftServer.run(MinecraftServer.java:545)
[12:26:34] [Server thread/WARN]: 	at java.lang.Thread.run(Thread.java:750)
[12:26:34] [Server thread/WARN]: Caused by: java.lang.NoClassDefFoundError: com/mojang/datafixers/kinds/App
[12:26:34] [Server thread/WARN]: 	at org.serverct.ersha.taboolib.module.kether.KetherHelperKt.combinationParser(KetherHelper.kt:36)
[12:26:34] [Server thread/WARN]: 	at org.serverct.ersha.taboolib.module.kether.action.Actions.actionSevere(Actions.kt:46)
[12:26:34] [Server thread/WARN]: 	at java.lang.invoke.MethodHandle.invokeWithArguments(MethodHandle.java:627)
[12:26:34] [Server thread/WARN]: 	at org.serverct.ersha.taboolib.library.reflex.JavaClassMethod.invoke(JavaClassMethod.kt:31)
[12:26:34] [Server thread/WARN]: 	at org.serverct.ersha.taboolib.module.kether.KetherLoader.visit(KetherLoader.kt:25)
[12:26:34] [Server thread/WARN]: 	at org.serverct.ersha.taboolib.common.inject.VisitorHandler.visitMethod(VisitorHandler.java:133)
[12:26:34] [Server thread/WARN]: 	... 9 more
[12:26:34] [Server thread/WARN]: org.serverct.ersha.taboolib.common.inject.ClassVisitException: class org.serverct.ersha.taboolib.module.kether.action.Actions#actionWarning: VisitorGroup{priority=0, list=[AwakeFunction(lifeCycle=CONST), AwakeFunction(lifeCycle=INIT), AwakeFunction(lifeCycle=LOAD), AwakeFunction(lifeCycle=ENABLE), AwakeFunction(lifeCycle=ACTIVE), AwakeFunction(lifeCycle=DISABLE), org.serverct.ersha.taboolib.common.platform.command.SimpleCommandRegister@69c8c963, org.serverct.ersha.taboolib.common.platform.event.EventBus@410c9315, org.serverct.ersha.taboolib.module.kether.KetherLoader@71b06f94, org.serverct.ersha.taboolib.platform.compat.PlaceholderExpansion$PlaceholderRegister@206f6c42]} (LOAD)
[12:26:34] [Server thread/WARN]: 	at org.serverct.ersha.taboolib.common.inject.VisitorHandler.visitMethod(VisitorHandler.java:135)
[12:26:34] [Server thread/WARN]: 	at org.serverct.ersha.taboolib.common.inject.VisitorHandler.inject(VisitorHandler.java:103)
[12:26:34] [Server thread/WARN]: 	at org.serverct.ersha.taboolib.common.inject.VisitorHandler.injectAll(VisitorHandler.java:62)
[12:26:34] [Server thread/WARN]: 	at org.serverct.ersha.taboolib.common.TabooLibCommon.lifeCycle(TabooLibCommon.java:204)
[12:26:34] [Server thread/WARN]: 	at org.serverct.ersha.taboolib.common.TabooLibCommon.lifeCycle(TabooLibCommon.java:122)
[12:26:34] [Server thread/WARN]: 	at org.serverct.ersha.taboolib.platform.BukkitPlugin.onLoad(BukkitPlugin.java:98)
[12:26:34] [Server thread/WARN]: 	at org.bukkit.craftbukkit.v1_12_R1.CraftServer.loadPlugins(CraftServer.java:310)
[12:26:34] [Server thread/WARN]: 	at net.minecraft.server.v1_12_R1.DedicatedServer.init(DedicatedServer.java:205)
[12:26:34] [Server thread/WARN]: 	at net.minecraft.server.v1_12_R1.MinecraftServer.run(MinecraftServer.java:545)
[12:26:34] [Server thread/WARN]: 	at java.lang.Thread.run(Thread.java:750)
[12:26:34] [Server thread/WARN]: Caused by: java.lang.NoClassDefFoundError: com/mojang/datafixers/kinds/App
[12:26:34] [Server thread/WARN]: 	at org.serverct.ersha.taboolib.module.kether.KetherHelperKt.combinationParser(KetherHelper.kt:36)
[12:26:34] [Server thread/WARN]: 	at org.serverct.ersha.taboolib.module.kether.action.Actions.actionWarning(Actions.kt:41)
[12:26:34] [Server thread/WARN]: 	at java.lang.invoke.MethodHandle.invokeWithArguments(MethodHandle.java:627)
[12:26:34] [Server thread/WARN]: 	at org.serverct.ersha.taboolib.library.reflex.JavaClassMethod.invoke(JavaClassMethod.kt:31)
[12:26:34] [Server thread/WARN]: 	at org.serverct.ersha.taboolib.module.kether.KetherLoader.visit(KetherLoader.kt:25)
[12:26:34] [Server thread/WARN]: 	at org.serverct.ersha.taboolib.common.inject.VisitorHandler.visitMethod(VisitorHandler.java:133)
[12:26:34] [Server thread/WARN]: 	... 9 more
[12:26:34] [Server thread/WARN]: org.serverct.ersha.taboolib.common.inject.ClassVisitException: class org.serverct.ersha.taboolib.module.kether.action.Actions#actionInfo: VisitorGroup{priority=0, list=[AwakeFunction(lifeCycle=CONST), AwakeFunction(lifeCycle=INIT), AwakeFunction(lifeCycle=LOAD), AwakeFunction(lifeCycle=ENABLE), AwakeFunction(lifeCycle=ACTIVE), AwakeFunction(lifeCycle=DISABLE), org.serverct.ersha.taboolib.common.platform.command.SimpleCommandRegister@69c8c963, org.serverct.ersha.taboolib.common.platform.event.EventBus@410c9315, org.serverct.ersha.taboolib.module.kether.KetherLoader@71b06f94, org.serverct.ersha.taboolib.platform.compat.PlaceholderExpansion$PlaceholderRegister@206f6c42]} (LOAD)
[12:26:34] [Server thread/WARN]: 	at org.serverct.ersha.taboolib.common.inject.VisitorHandler.visitMethod(VisitorHandler.java:135)
[12:26:34] [Server thread/WARN]: 	at org.serverct.ersha.taboolib.common.inject.VisitorHandler.inject(VisitorHandler.java:103)
[12:26:34] [Server thread/WARN]: 	at org.serverct.ersha.taboolib.common.inject.VisitorHandler.injectAll(VisitorHandler.java:62)
[12:26:34] [Server thread/WARN]: 	at org.serverct.ersha.taboolib.common.TabooLibCommon.lifeCycle(TabooLibCommon.java:204)
[12:26:34] [Server thread/WARN]: 	at org.serverct.ersha.taboolib.common.TabooLibCommon.lifeCycle(TabooLibCommon.java:122)
[12:26:34] [Server thread/WARN]: 	at org.serverct.ersha.taboolib.platform.BukkitPlugin.onLoad(BukkitPlugin.java:98)
[12:26:34] [Server thread/WARN]: 	at org.bukkit.craftbukkit.v1_12_R1.CraftServer.loadPlugins(CraftServer.java:310)
[12:26:34] [Server thread/WARN]: 	at net.minecraft.server.v1_12_R1.DedicatedServer.init(DedicatedServer.java:205)
[12:26:34] [Server thread/WARN]: 	at net.minecraft.server.v1_12_R1.MinecraftServer.run(MinecraftServer.java:545)
[12:26:34] [Server thread/WARN]: 	at java.lang.Thread.run(Thread.java:750)
[12:26:34] [Server thread/WARN]: Caused by: java.lang.NoClassDefFoundError: com/mojang/datafixers/kinds/App
[12:26:34] [Server thread/WARN]: 	at org.serverct.ersha.taboolib.module.kether.KetherHelperKt.combinationParser(KetherHelper.kt:36)
[12:26:34] [Server thread/WARN]: 	at org.serverct.ersha.taboolib.module.kether.action.Actions.actionInfo(Actions.kt:36)
[12:26:34] [Server thread/WARN]: 	at java.lang.invoke.MethodHandle.invokeWithArguments(MethodHandle.java:627)
[12:26:34] [Server thread/WARN]: 	at org.serverct.ersha.taboolib.library.reflex.JavaClassMethod.invoke(JavaClassMethod.kt:31)
[12:26:34] [Server thread/WARN]: 	at org.serverct.ersha.taboolib.module.kether.KetherLoader.visit(KetherLoader.kt:25)
[12:26:34] [Server thread/WARN]: 	at org.serverct.ersha.taboolib.common.inject.VisitorHandler.visitMethod(VisitorHandler.java:133)
[12:26:34] [Server thread/WARN]: 	... 9 more
[12:26:34] [Server thread/WARN]: org.serverct.ersha.taboolib.common.inject.ClassVisitException: class org.serverct.ersha.taboolib.module.kether.action.Actions#actionIf: VisitorGroup{priority=0, list=[AwakeFunction(lifeCycle=CONST), AwakeFunction(lifeCycle=INIT), AwakeFunction(lifeCycle=LOAD), AwakeFunction(lifeCycle=ENABLE), AwakeFunction(lifeCycle=ACTIVE), AwakeFunction(lifeCycle=DISABLE), org.serverct.ersha.taboolib.common.platform.command.SimpleCommandRegister@69c8c963, org.serverct.ersha.taboolib.common.platform.event.EventBus@410c9315, org.serverct.ersha.taboolib.module.kether.KetherLoader@71b06f94, org.serverct.ersha.taboolib.platform.compat.PlaceholderExpansion$PlaceholderRegister@206f6c42]} (LOAD)
[12:26:34] [Server thread/WARN]: 	at org.serverct.ersha.taboolib.common.inject.VisitorHandler.visitMethod(VisitorHandler.java:135)
[12:26:34] [Server thread/WARN]: 	at org.serverct.ersha.taboolib.common.inject.VisitorHandler.inject(VisitorHandler.java:103)
[12:26:34] [Server thread/WARN]: 	at org.serverct.ersha.taboolib.common.inject.VisitorHandler.injectAll(VisitorHandler.java:62)
[12:26:34] [Server thread/WARN]: 	at org.serverct.ersha.taboolib.common.TabooLibCommon.lifeCycle(TabooLibCommon.java:204)
[12:26:34] [Server thread/WARN]: 	at org.serverct.ersha.taboolib.common.TabooLibCommon.lifeCycle(TabooLibCommon.java:122)
[12:26:34] [Server thread/WARN]: 	at org.serverct.ersha.taboolib.platform.BukkitPlugin.onLoad(BukkitPlugin.java:98)
[12:26:34] [Server thread/WARN]: 	at org.bukkit.craftbukkit.v1_12_R1.CraftServer.loadPlugins(CraftServer.java:310)
[12:26:34] [Server thread/WARN]: 	at net.minecraft.server.v1_12_R1.DedicatedServer.init(DedicatedServer.java:205)
[12:26:34] [Server thread/WARN]: 	at net.minecraft.server.v1_12_R1.MinecraftServer.run(MinecraftServer.java:545)
[12:26:34] [Server thread/WARN]: 	at java.lang.Thread.run(Thread.java:750)
[12:26:34] [Server thread/WARN]: Caused by: java.lang.NoClassDefFoundError: com/mojang/datafixers/kinds/App
[12:26:34] [Server thread/WARN]: 	at org.serverct.ersha.taboolib.module.kether.KetherHelperKt.combinationParser(KetherHelper.kt:36)
[12:26:34] [Server thread/WARN]: 	at org.serverct.ersha.taboolib.module.kether.action.Actions.actionIf(Actions.kt:92)
[12:26:34] [Server thread/WARN]: 	at java.lang.invoke.MethodHandle.invokeWithArguments(MethodHandle.java:627)
[12:26:34] [Server thread/WARN]: 	at org.serverct.ersha.taboolib.library.reflex.JavaClassMethod.invoke(JavaClassMethod.kt:31)
[12:26:34] [Server thread/WARN]: 	at org.serverct.ersha.taboolib.module.kether.KetherLoader.visit(KetherLoader.kt:25)
[12:26:34] [Server thread/WARN]: 	at org.serverct.ersha.taboolib.common.inject.VisitorHandler.visitMethod(VisitorHandler.java:133)
[12:26:34] [Server thread/WARN]: 	... 9 more
[12:26:34] [Server thread/WARN]: org.serverct.ersha.taboolib.common.inject.ClassVisitException: class org.serverct.ersha.taboolib.module.kether.action.game.Actions#actionStopSound: VisitorGroup{priority=0, list=[AwakeFunction(lifeCycle=CONST), AwakeFunction(lifeCycle=INIT), AwakeFunction(lifeCycle=LOAD), AwakeFunction(lifeCycle=ENABLE), AwakeFunction(lifeCycle=ACTIVE), AwakeFunction(lifeCycle=DISABLE), org.serverct.ersha.taboolib.common.platform.command.SimpleCommandRegister@69c8c963, org.serverct.ersha.taboolib.common.platform.event.EventBus@410c9315, org.serverct.ersha.taboolib.module.kether.KetherLoader@71b06f94, org.serverct.ersha.taboolib.platform.compat.PlaceholderExpansion$PlaceholderRegister@206f6c42]} (LOAD)
[12:26:34] [Server thread/WARN]: 	at org.serverct.ersha.taboolib.common.inject.VisitorHandler.visitMethod(VisitorHandler.java:135)
[12:26:34] [Server thread/WARN]: 	at org.serverct.ersha.taboolib.common.inject.VisitorHandler.inject(VisitorHandler.java:103)
[12:26:34] [Server thread/WARN]: 	at org.serverct.ersha.taboolib.common.inject.VisitorHandler.injectAll(VisitorHandler.java:62)
[12:26:34] [Server thread/WARN]: 	at org.serverct.ersha.taboolib.common.TabooLibCommon.lifeCycle(TabooLibCommon.java:204)
[12:26:34] [Server thread/WARN]: 	at org.serverct.ersha.taboolib.common.TabooLibCommon.lifeCycle(TabooLibCommon.java:122)
[12:26:34] [Server thread/WARN]: 	at org.serverct.ersha.taboolib.platform.BukkitPlugin.onLoad(BukkitPlugin.java:98)
[12:26:34] [Server thread/WARN]: 	at org.bukkit.craftbukkit.v1_12_R1.CraftServer.loadPlugins(CraftServer.java:310)
[12:26:34] [Server thread/WARN]: 	at net.minecraft.server.v1_12_R1.DedicatedServer.init(DedicatedServer.java:205)
[12:26:34] [Server thread/WARN]: 	at net.minecraft.server.v1_12_R1.MinecraftServer.run(MinecraftServer.java:545)
[12:26:34] [Server thread/WARN]: 	at java.lang.Thread.run(Thread.java:750)
[12:26:34] [Server thread/WARN]: Caused by: java.lang.NoClassDefFoundError: com/mojang/datafixers/kinds/App
[12:26:34] [Server thread/WARN]: 	at org.serverct.ersha.taboolib.module.kether.KetherHelperKt.combinationParser(KetherHelper.kt:36)
[12:26:34] [Server thread/WARN]: 	at org.serverct.ersha.taboolib.module.kether.action.game.Actions.actionStopSound(Actions.kt:127)
[12:26:34] [Server thread/WARN]: 	at java.lang.invoke.MethodHandle.invokeWithArguments(MethodHandle.java:627)
[12:26:34] [Server thread/WARN]: 	at org.serverct.ersha.taboolib.library.reflex.JavaClassMethod.invoke(JavaClassMethod.kt:31)
[12:26:34] [Server thread/WARN]: 	at org.serverct.ersha.taboolib.module.kether.KetherLoader.visit(KetherLoader.kt:25)
[12:26:34] [Server thread/WARN]: 	at org.serverct.ersha.taboolib.common.inject.VisitorHandler.visitMethod(VisitorHandler.java:133)
[12:26:34] [Server thread/WARN]: 	... 9 more
[12:26:34] [Server thread/WARN]: org.serverct.ersha.taboolib.common.inject.ClassVisitException: class org.serverct.ersha.taboolib.module.kether.action.game.Actions#actionColor: VisitorGroup{priority=0, list=[AwakeFunction(lifeCycle=CONST), AwakeFunction(lifeCycle=INIT), AwakeFunction(lifeCycle=LOAD), AwakeFunction(lifeCycle=ENABLE), AwakeFunction(lifeCycle=ACTIVE), AwakeFunction(lifeCycle=DISABLE), org.serverct.ersha.taboolib.common.platform.command.SimpleCommandRegister@69c8c963, org.serverct.ersha.taboolib.common.platform.event.EventBus@410c9315, org.serverct.ersha.taboolib.module.kether.KetherLoader@71b06f94, org.serverct.ersha.taboolib.platform.compat.PlaceholderExpansion$PlaceholderRegister@206f6c42]} (LOAD)
[12:26:34] [Server thread/WARN]: 	at org.serverct.ersha.taboolib.common.inject.VisitorHandler.visitMethod(VisitorHandler.java:135)
[12:26:34] [Server thread/WARN]: 	at org.serverct.ersha.taboolib.common.inject.VisitorHandler.inject(VisitorHandler.java:103)
[12:26:34] [Server thread/WARN]: 	at org.serverct.ersha.taboolib.common.inject.VisitorHandler.injectAll(VisitorHandler.java:62)
[12:26:34] [Server thread/WARN]: 	at org.serverct.ersha.taboolib.common.TabooLibCommon.lifeCycle(TabooLibCommon.java:204)
[12:26:34] [Server thread/WARN]: 	at org.serverct.ersha.taboolib.common.TabooLibCommon.lifeCycle(TabooLibCommon.java:122)
[12:26:34] [Server thread/WARN]: 	at org.serverct.ersha.taboolib.platform.BukkitPlugin.onLoad(BukkitPlugin.java:98)
[12:26:34] [Server thread/WARN]: 	at org.bukkit.craftbukkit.v1_12_R1.CraftServer.loadPlugins(CraftServer.java:310)
[12:26:34] [Server thread/WARN]: 	at net.minecraft.server.v1_12_R1.DedicatedServer.init(DedicatedServer.java:205)
[12:26:34] [Server thread/WARN]: 	at net.minecraft.server.v1_12_R1.MinecraftServer.run(MinecraftServer.java:545)
[12:26:34] [Server thread/WARN]: 	at java.lang.Thread.run(Thread.java:750)
[12:26:34] [Server thread/WARN]: Caused by: java.lang.NoClassDefFoundError: com/mojang/datafixers/kinds/App
[12:26:34] [Server thread/WARN]: 	at org.serverct.ersha.taboolib.module.kether.KetherHelperKt.combinationParser(KetherHelper.kt:36)
[12:26:34] [Server thread/WARN]: 	at org.serverct.ersha.taboolib.module.kether.action.game.Actions.actionColor(Actions.kt:39)
[12:26:34] [Server thread/WARN]: 	at java.lang.invoke.MethodHandle.invokeWithArguments(MethodHandle.java:627)
[12:26:34] [Server thread/WARN]: 	at org.serverct.ersha.taboolib.library.reflex.JavaClassMethod.invoke(JavaClassMethod.kt:31)
[12:26:34] [Server thread/WARN]: 	at org.serverct.ersha.taboolib.module.kether.KetherLoader.visit(KetherLoader.kt:25)
[12:26:34] [Server thread/WARN]: 	at org.serverct.ersha.taboolib.common.inject.VisitorHandler.visitMethod(VisitorHandler.java:133)
[12:26:34] [Server thread/WARN]: 	... 9 more
[12:26:34] [Server thread/WARN]: org.serverct.ersha.taboolib.common.inject.ClassVisitException: class org.serverct.ersha.taboolib.module.kether.action.game.Actions#actionLocation: VisitorGroup{priority=0, list=[AwakeFunction(lifeCycle=CONST), AwakeFunction(lifeCycle=INIT), AwakeFunction(lifeCycle=LOAD), AwakeFunction(lifeCycle=ENABLE), AwakeFunction(lifeCycle=ACTIVE), AwakeFunction(lifeCycle=DISABLE), org.serverct.ersha.taboolib.common.platform.command.SimpleCommandRegister@69c8c963, org.serverct.ersha.taboolib.common.platform.event.EventBus@410c9315, org.serverct.ersha.taboolib.module.kether.KetherLoader@71b06f94, org.serverct.ersha.taboolib.platform.compat.PlaceholderExpansion$PlaceholderRegister@206f6c42]} (LOAD)
[12:26:34] [Server thread/WARN]: 	at org.serverct.ersha.taboolib.common.inject.VisitorHandler.visitMethod(VisitorHandler.java:135)
[12:26:34] [Server thread/WARN]: 	at org.serverct.ersha.taboolib.common.inject.VisitorHandler.inject(VisitorHandler.java:103)
[12:26:34] [Server thread/WARN]: 	at org.serverct.ersha.taboolib.common.inject.VisitorHandler.injectAll(VisitorHandler.java:62)
[12:26:34] [Server thread/WARN]: 	at org.serverct.ersha.taboolib.common.TabooLibCommon.lifeCycle(TabooLibCommon.java:204)
[12:26:34] [Server thread/WARN]: 	at org.serverct.ersha.taboolib.common.TabooLibCommon.lifeCycle(TabooLibCommon.java:122)
[12:26:34] [Server thread/WARN]: 	at org.serverct.ersha.taboolib.platform.BukkitPlugin.onLoad(BukkitPlugin.java:98)
[12:26:34] [Server thread/WARN]: 	at org.bukkit.craftbukkit.v1_12_R1.CraftServer.loadPlugins(CraftServer.java:310)
[12:26:34] [Server thread/WARN]: 	at net.minecraft.server.v1_12_R1.DedicatedServer.init(DedicatedServer.java:205)
[12:26:34] [Server thread/WARN]: 	at net.minecraft.server.v1_12_R1.MinecraftServer.run(MinecraftServer.java:545)
[12:26:34] [Server thread/WARN]: 	at java.lang.Thread.run(Thread.java:750)
[12:26:34] [Server thread/WARN]: Caused by: java.lang.NoClassDefFoundError: com/mojang/datafixers/kinds/App
[12:26:34] [Server thread/WARN]: 	at org.serverct.ersha.taboolib.module.kether.KetherHelperKt.combinationParser(KetherHelper.kt:36)
[12:26:34] [Server thread/WARN]: 	at org.serverct.ersha.taboolib.module.kether.action.game.Actions.actionLocation(Actions.kt:95)
[12:26:34] [Server thread/WARN]: 	at java.lang.invoke.MethodHandle.invokeWithArguments(MethodHandle.java:627)
[12:26:34] [Server thread/WARN]: 	at org.serverct.ersha.taboolib.library.reflex.JavaClassMethod.invoke(JavaClassMethod.kt:31)
[12:26:34] [Server thread/WARN]: 	at org.serverct.ersha.taboolib.module.kether.KetherLoader.visit(KetherLoader.kt:25)
[12:26:34] [Server thread/WARN]: 	at org.serverct.ersha.taboolib.common.inject.VisitorHandler.visitMethod(VisitorHandler.java:133)
[12:26:34] [Server thread/WARN]: 	... 9 more
[12:26:34] [Server thread/WARN]: org.serverct.ersha.taboolib.common.inject.ClassVisitException: class org.serverct.ersha.taboolib.module.kether.action.game.Actions#actionPermission: VisitorGroup{priority=0, list=[AwakeFunction(lifeCycle=CONST), AwakeFunction(lifeCycle=INIT), AwakeFunction(lifeCycle=LOAD), AwakeFunction(lifeCycle=ENABLE), AwakeFunction(lifeCycle=ACTIVE), AwakeFunction(lifeCycle=DISABLE), org.serverct.ersha.taboolib.common.platform.command.SimpleCommandRegister@69c8c963, org.serverct.ersha.taboolib.common.platform.event.EventBus@410c9315, org.serverct.ersha.taboolib.module.kether.KetherLoader@71b06f94, org.serverct.ersha.taboolib.platform.compat.PlaceholderExpansion$PlaceholderRegister@206f6c42]} (LOAD)
[12:26:34] [Server thread/WARN]: 	at org.serverct.ersha.taboolib.common.inject.VisitorHandler.visitMethod(VisitorHandler.java:135)
[12:26:34] [Server thread/WARN]: 	at org.serverct.ersha.taboolib.common.inject.VisitorHandler.inject(VisitorHandler.java:103)
[12:26:34] [Server thread/WARN]: 	at org.serverct.ersha.taboolib.common.inject.VisitorHandler.injectAll(VisitorHandler.java:62)
[12:26:34] [Server thread/WARN]: 	at org.serverct.ersha.taboolib.common.TabooLibCommon.lifeCycle(TabooLibCommon.java:204)
[12:26:34] [Server thread/WARN]: 	at org.serverct.ersha.taboolib.common.TabooLibCommon.lifeCycle(TabooLibCommon.java:122)
[12:26:34] [Server thread/WARN]: 	at org.serverct.ersha.taboolib.platform.BukkitPlugin.onLoad(BukkitPlugin.java:98)
[12:26:34] [Server thread/WARN]: 	at org.bukkit.craftbukkit.v1_12_R1.CraftServer.loadPlugins(CraftServer.java:310)
[12:26:34] [Server thread/WARN]: 	at net.minecraft.server.v1_12_R1.DedicatedServer.init(DedicatedServer.java:205)
[12:26:34] [Server thread/WARN]: 	at net.minecraft.server.v1_12_R1.MinecraftServer.run(MinecraftServer.java:545)
[12:26:34] [Server thread/WARN]: 	at java.lang.Thread.run(Thread.java:750)
[12:26:34] [Server thread/WARN]: Caused by: java.lang.NoClassDefFoundError: com/mojang/datafixers/kinds/App
[12:26:34] [Server thread/WARN]: 	at org.serverct.ersha.taboolib.module.kether.KetherHelperKt.combinationParser(KetherHelper.kt:36)
[12:26:34] [Server thread/WARN]: 	at org.serverct.ersha.taboolib.module.kether.action.game.Actions.actionPermission(Actions.kt:50)
[12:26:34] [Server thread/WARN]: 	at java.lang.invoke.MethodHandle.invokeWithArguments(MethodHandle.java:627)
[12:26:34] [Server thread/WARN]: 	at org.serverct.ersha.taboolib.library.reflex.JavaClassMethod.invoke(JavaClassMethod.kt:31)
[12:26:34] [Server thread/WARN]: 	at org.serverct.ersha.taboolib.module.kether.KetherLoader.visit(KetherLoader.kt:25)
[12:26:34] [Server thread/WARN]: 	at org.serverct.ersha.taboolib.common.inject.VisitorHandler.visitMethod(VisitorHandler.java:133)
[12:26:34] [Server thread/WARN]: 	... 9 more
[12:26:34] [Server thread/WARN]: org.serverct.ersha.taboolib.common.inject.ClassVisitException: class org.serverct.ersha.taboolib.module.kether.action.game.Actions#actionBroadcast: VisitorGroup{priority=0, list=[AwakeFunction(lifeCycle=CONST), AwakeFunction(lifeCycle=INIT), AwakeFunction(lifeCycle=LOAD), AwakeFunction(lifeCycle=ENABLE), AwakeFunction(lifeCycle=ACTIVE), AwakeFunction(lifeCycle=DISABLE), org.serverct.ersha.taboolib.common.platform.command.SimpleCommandRegister@69c8c963, org.serverct.ersha.taboolib.common.platform.event.EventBus@410c9315, org.serverct.ersha.taboolib.module.kether.KetherLoader@71b06f94, org.serverct.ersha.taboolib.platform.compat.PlaceholderExpansion$PlaceholderRegister@206f6c42]} (LOAD)
[12:26:34] [Server thread/WARN]: 	at org.serverct.ersha.taboolib.common.inject.VisitorHandler.visitMethod(VisitorHandler.java:135)
[12:26:34] [Server thread/WARN]: 	at org.serverct.ersha.taboolib.common.inject.VisitorHandler.inject(VisitorHandler.java:103)
[12:26:34] [Server thread/WARN]: 	at org.serverct.ersha.taboolib.common.inject.VisitorHandler.injectAll(VisitorHandler.java:62)
[12:26:34] [Server thread/WARN]: 	at org.serverct.ersha.taboolib.common.TabooLibCommon.lifeCycle(TabooLibCommon.java:204)
[12:26:34] [Server thread/WARN]: 	at org.serverct.ersha.taboolib.common.TabooLibCommon.lifeCycle(TabooLibCommon.java:122)
[12:26:34] [Server thread/WARN]: 	at org.serverct.ersha.taboolib.platform.BukkitPlugin.onLoad(BukkitPlugin.java:98)
[12:26:34] [Server thread/WARN]: 	at org.bukkit.craftbukkit.v1_12_R1.CraftServer.loadPlugins(CraftServer.java:310)
[12:26:34] [Server thread/WARN]: 	at net.minecraft.server.v1_12_R1.DedicatedServer.init(DedicatedServer.java:205)
[12:26:34] [Server thread/WARN]: 	at net.minecraft.server.v1_12_R1.MinecraftServer.run(MinecraftServer.java:545)
[12:26:34] [Server thread/WARN]: 	at java.lang.Thread.run(Thread.java:750)
[12:26:34] [Server thread/WARN]: Caused by: java.lang.NoClassDefFoundError: com/mojang/datafixers/kinds/App
[12:26:34] [Server thread/WARN]: 	at org.serverct.ersha.taboolib.module.kether.KetherHelperKt.combinationParser(KetherHelper.kt:36)
[12:26:34] [Server thread/WARN]: 	at org.serverct.ersha.taboolib.module.kether.action.game.Actions.actionBroadcast(Actions.kt:32)
[12:26:34] [Server thread/WARN]: 	at java.lang.invoke.MethodHandle.invokeWithArguments(MethodHandle.java:627)
[12:26:34] [Server thread/WARN]: 	at org.serverct.ersha.taboolib.library.reflex.JavaClassMethod.invoke(JavaClassMethod.kt:31)
[12:26:34] [Server thread/WARN]: 	at org.serverct.ersha.taboolib.module.kether.KetherLoader.visit(KetherLoader.kt:25)
[12:26:34] [Server thread/WARN]: 	at org.serverct.ersha.taboolib.common.inject.VisitorHandler.visitMethod(VisitorHandler.java:133)
[12:26:34] [Server thread/WARN]: 	... 9 more
[12:26:34] [Server thread/WARN]: org.serverct.ersha.taboolib.common.inject.ClassVisitException: class org.serverct.ersha.taboolib.module.kether.action.game.Actions#actionActionBar: VisitorGroup{priority=0, list=[AwakeFunction(lifeCycle=CONST), AwakeFunction(lifeCycle=INIT), AwakeFunction(lifeCycle=LOAD), AwakeFunction(lifeCycle=ENABLE), AwakeFunction(lifeCycle=ACTIVE), AwakeFunction(lifeCycle=DISABLE), org.serverct.ersha.taboolib.common.platform.command.SimpleCommandRegister@69c8c963, org.serverct.ersha.taboolib.common.platform.event.EventBus@410c9315, org.serverct.ersha.taboolib.module.kether.KetherLoader@71b06f94, org.serverct.ersha.taboolib.platform.compat.PlaceholderExpansion$PlaceholderRegister@206f6c42]} (LOAD)
[12:26:34] [Server thread/WARN]: 	at org.serverct.ersha.taboolib.common.inject.VisitorHandler.visitMethod(VisitorHandler.java:135)
[12:26:34] [Server thread/WARN]: 	at org.serverct.ersha.taboolib.common.inject.VisitorHandler.inject(VisitorHandler.java:103)
[12:26:34] [Server thread/WARN]: 	at org.serverct.ersha.taboolib.common.inject.VisitorHandler.injectAll(VisitorHandler.java:62)
[12:26:34] [Server thread/WARN]: 	at org.serverct.ersha.taboolib.common.TabooLibCommon.lifeCycle(TabooLibCommon.java:204)
[12:26:34] [Server thread/WARN]: 	at org.serverct.ersha.taboolib.common.TabooLibCommon.lifeCycle(TabooLibCommon.java:122)
[12:26:34] [Server thread/WARN]: 	at org.serverct.ersha.taboolib.platform.BukkitPlugin.onLoad(BukkitPlugin.java:98)
[12:26:34] [Server thread/WARN]: 	at org.bukkit.craftbukkit.v1_12_R1.CraftServer.loadPlugins(CraftServer.java:310)
[12:26:34] [Server thread/WARN]: 	at net.minecraft.server.v1_12_R1.DedicatedServer.init(DedicatedServer.java:205)
[12:26:34] [Server thread/WARN]: 	at net.minecraft.server.v1_12_R1.MinecraftServer.run(MinecraftServer.java:545)
[12:26:34] [Server thread/WARN]: 	at java.lang.Thread.run(Thread.java:750)
[12:26:34] [Server thread/WARN]: Caused by: java.lang.NoClassDefFoundError: com/mojang/datafixers/kinds/App
[12:26:34] [Server thread/WARN]: 	at org.serverct.ersha.taboolib.module.kether.KetherHelperKt.combinationParser(KetherHelper.kt:36)
[12:26:34] [Server thread/WARN]: 	at org.serverct.ersha.taboolib.module.kether.action.game.Actions.actionActionBar(Actions.kt:25)
[12:26:34] [Server thread/WARN]: 	at java.lang.invoke.MethodHandle.invokeWithArguments(MethodHandle.java:627)
[12:26:34] [Server thread/WARN]: 	at org.serverct.ersha.taboolib.library.reflex.JavaClassMethod.invoke(JavaClassMethod.kt:31)
[12:26:34] [Server thread/WARN]: 	at org.serverct.ersha.taboolib.module.kether.KetherLoader.visit(KetherLoader.kt:25)
[12:26:34] [Server thread/WARN]: 	at org.serverct.ersha.taboolib.common.inject.VisitorHandler.visitMethod(VisitorHandler.java:133)
[12:26:34] [Server thread/WARN]: 	... 9 more
[12:26:34] [Server thread/WARN]: org.serverct.ersha.taboolib.common.inject.ClassVisitException: class org.serverct.ersha.taboolib.module.kether.action.game.Actions#actionSound: VisitorGroup{priority=0, list=[AwakeFunction(lifeCycle=CONST), AwakeFunction(lifeCycle=INIT), AwakeFunction(lifeCycle=LOAD), AwakeFunction(lifeCycle=ENABLE), AwakeFunction(lifeCycle=ACTIVE), AwakeFunction(lifeCycle=DISABLE), org.serverct.ersha.taboolib.common.platform.command.SimpleCommandRegister@69c8c963, org.serverct.ersha.taboolib.common.platform.event.EventBus@410c9315, org.serverct.ersha.taboolib.module.kether.KetherLoader@71b06f94, org.serverct.ersha.taboolib.platform.compat.PlaceholderExpansion$PlaceholderRegister@206f6c42]} (LOAD)
[12:26:34] [Server thread/WARN]: 	at org.serverct.ersha.taboolib.common.inject.VisitorHandler.visitMethod(VisitorHandler.java:135)
[12:26:34] [Server thread/WARN]: 	at org.serverct.ersha.taboolib.common.inject.VisitorHandler.inject(VisitorHandler.java:103)
[12:26:34] [Server thread/WARN]: 	at org.serverct.ersha.taboolib.common.inject.VisitorHandler.injectAll(VisitorHandler.java:62)
[12:26:34] [Server thread/WARN]: 	at org.serverct.ersha.taboolib.common.TabooLibCommon.lifeCycle(TabooLibCommon.java:204)
[12:26:34] [Server thread/WARN]: 	at org.serverct.ersha.taboolib.common.TabooLibCommon.lifeCycle(TabooLibCommon.java:122)
[12:26:34] [Server thread/WARN]: 	at org.serverct.ersha.taboolib.platform.BukkitPlugin.onLoad(BukkitPlugin.java:98)
[12:26:34] [Server thread/WARN]: 	at org.bukkit.craftbukkit.v1_12_R1.CraftServer.loadPlugins(CraftServer.java:310)
[12:26:34] [Server thread/WARN]: 	at net.minecraft.server.v1_12_R1.DedicatedServer.init(DedicatedServer.java:205)
[12:26:34] [Server thread/WARN]: 	at net.minecraft.server.v1_12_R1.MinecraftServer.run(MinecraftServer.java:545)
[12:26:34] [Server thread/WARN]: 	at java.lang.Thread.run(Thread.java:750)
[12:26:34] [Server thread/WARN]: Caused by: java.lang.NoClassDefFoundError: com/mojang/datafixers/kinds/App
[12:26:34] [Server thread/WARN]: 	at org.serverct.ersha.taboolib.module.kether.KetherHelperKt.combinationParser(KetherHelper.kt:36)
[12:26:34] [Server thread/WARN]: 	at org.serverct.ersha.taboolib.module.kether.action.game.Actions.actionSound(Actions.kt:109)
[12:26:34] [Server thread/WARN]: 	at java.lang.invoke.MethodHandle.invokeWithArguments(MethodHandle.java:627)
[12:26:34] [Server thread/WARN]: 	at org.serverct.ersha.taboolib.library.reflex.JavaClassMethod.invoke(JavaClassMethod.kt:31)
[12:26:34] [Server thread/WARN]: 	at org.serverct.ersha.taboolib.module.kether.KetherLoader.visit(KetherLoader.kt:25)
[12:26:34] [Server thread/WARN]: 	at org.serverct.ersha.taboolib.common.inject.VisitorHandler.visitMethod(VisitorHandler.java:133)
[12:26:34] [Server thread/WARN]: 	... 9 more
[12:26:34] [Server thread/WARN]: org.serverct.ersha.taboolib.common.inject.ClassVisitException: class org.serverct.ersha.taboolib.module.kether.action.game.Actions#actionSwitch: VisitorGroup{priority=0, list=[AwakeFunction(lifeCycle=CONST), AwakeFunction(lifeCycle=INIT), AwakeFunction(lifeCycle=LOAD), AwakeFunction(lifeCycle=ENABLE), AwakeFunction(lifeCycle=ACTIVE), AwakeFunction(lifeCycle=DISABLE), org.serverct.ersha.taboolib.common.platform.command.SimpleCommandRegister@69c8c963, org.serverct.ersha.taboolib.common.platform.event.EventBus@410c9315, org.serverct.ersha.taboolib.module.kether.KetherLoader@71b06f94, org.serverct.ersha.taboolib.platform.compat.PlaceholderExpansion$PlaceholderRegister@206f6c42]} (LOAD)
[12:26:34] [Server thread/WARN]: 	at org.serverct.ersha.taboolib.common.inject.VisitorHandler.visitMethod(VisitorHandler.java:135)
[12:26:34] [Server thread/WARN]: 	at org.serverct.ersha.taboolib.common.inject.VisitorHandler.inject(VisitorHandler.java:103)
[12:26:34] [Server thread/WARN]: 	at org.serverct.ersha.taboolib.common.inject.VisitorHandler.injectAll(VisitorHandler.java:62)
[12:26:34] [Server thread/WARN]: 	at org.serverct.ersha.taboolib.common.TabooLibCommon.lifeCycle(TabooLibCommon.java:204)
[12:26:34] [Server thread/WARN]: 	at org.serverct.ersha.taboolib.common.TabooLibCommon.lifeCycle(TabooLibCommon.java:122)
[12:26:34] [Server thread/WARN]: 	at org.serverct.ersha.taboolib.platform.BukkitPlugin.onLoad(BukkitPlugin.java:98)
[12:26:34] [Server thread/WARN]: 	at org.bukkit.craftbukkit.v1_12_R1.CraftServer.loadPlugins(CraftServer.java:310)
[12:26:34] [Server thread/WARN]: 	at net.minecraft.server.v1_12_R1.DedicatedServer.init(DedicatedServer.java:205)
[12:26:34] [Server thread/WARN]: 	at net.minecraft.server.v1_12_R1.MinecraftServer.run(MinecraftServer.java:545)
[12:26:34] [Server thread/WARN]: 	at java.lang.Thread.run(Thread.java:750)
[12:26:34] [Server thread/WARN]: Caused by: java.lang.NoClassDefFoundError: com/mojang/datafixers/kinds/App
[12:26:34] [Server thread/WARN]: 	at org.serverct.ersha.taboolib.module.kether.KetherHelperKt.combinationParser(KetherHelper.kt:36)
[12:26:34] [Server thread/WARN]: 	at org.serverct.ersha.taboolib.module.kether.action.game.Actions.actionSwitch(Actions.kt:65)
[12:26:34] [Server thread/WARN]: 	at java.lang.invoke.MethodHandle.invokeWithArguments(MethodHandle.java:627)
[12:26:34] [Server thread/WARN]: 	at org.serverct.ersha.taboolib.library.reflex.JavaClassMethod.invoke(JavaClassMethod.kt:31)
[12:26:34] [Server thread/WARN]: 	at org.serverct.ersha.taboolib.module.kether.KetherLoader.visit(KetherLoader.kt:25)
[12:26:34] [Server thread/WARN]: 	at org.serverct.ersha.taboolib.common.inject.VisitorHandler.visitMethod(VisitorHandler.java:133)
[12:26:34] [Server thread/WARN]: 	... 9 more
[12:26:34] [Server thread/WARN]: org.serverct.ersha.taboolib.common.inject.ClassVisitException: class org.serverct.ersha.taboolib.module.kether.action.game.Actions#actionUncolored: VisitorGroup{priority=0, list=[AwakeFunction(lifeCycle=CONST), AwakeFunction(lifeCycle=INIT), AwakeFunction(lifeCycle=LOAD), AwakeFunction(lifeCycle=ENABLE), AwakeFunction(lifeCycle=ACTIVE), AwakeFunction(lifeCycle=DISABLE), org.serverct.ersha.taboolib.common.platform.command.SimpleCommandRegister@69c8c963, org.serverct.ersha.taboolib.common.platform.event.EventBus@410c9315, org.serverct.ersha.taboolib.module.kether.KetherLoader@71b06f94, org.serverct.ersha.taboolib.platform.compat.PlaceholderExpansion$PlaceholderRegister@206f6c42]} (LOAD)
[12:26:34] [Server thread/WARN]: 	at org.serverct.ersha.taboolib.common.inject.VisitorHandler.visitMethod(VisitorHandler.java:135)
[12:26:34] [Server thread/WARN]: 	at org.serverct.ersha.taboolib.common.inject.VisitorHandler.inject(VisitorHandler.java:103)
[12:26:34] [Server thread/WARN]: 	at org.serverct.ersha.taboolib.common.inject.VisitorHandler.injectAll(VisitorHandler.java:62)
[12:26:34] [Server thread/WARN]: 	at org.serverct.ersha.taboolib.common.TabooLibCommon.lifeCycle(TabooLibCommon.java:204)
[12:26:34] [Server thread/WARN]: 	at org.serverct.ersha.taboolib.common.TabooLibCommon.lifeCycle(TabooLibCommon.java:122)
[12:26:34] [Server thread/WARN]: 	at org.serverct.ersha.taboolib.platform.BukkitPlugin.onLoad(BukkitPlugin.java:98)
[12:26:34] [Server thread/WARN]: 	at org.bukkit.craftbukkit.v1_12_R1.CraftServer.loadPlugins(CraftServer.java:310)
[12:26:34] [Server thread/WARN]: 	at net.minecraft.server.v1_12_R1.DedicatedServer.init(DedicatedServer.java:205)
[12:26:34] [Server thread/WARN]: 	at net.minecraft.server.v1_12_R1.MinecraftServer.run(MinecraftServer.java:545)
[12:26:34] [Server thread/WARN]: 	at java.lang.Thread.run(Thread.java:750)
[12:26:34] [Server thread/WARN]: Caused by: java.lang.NoClassDefFoundError: com/mojang/datafixers/kinds/App
[12:26:34] [Server thread/WARN]: 	at org.serverct.ersha.taboolib.module.kether.KetherHelperKt.combinationParser(KetherHelper.kt:36)
[12:26:34] [Server thread/WARN]: 	at org.serverct.ersha.taboolib.module.kether.action.game.Actions.actionUncolored(Actions.kt:45)
[12:26:34] [Server thread/WARN]: 	at java.lang.invoke.MethodHandle.invokeWithArguments(MethodHandle.java:627)
[12:26:34] [Server thread/WARN]: 	at org.serverct.ersha.taboolib.library.reflex.JavaClassMethod.invoke(JavaClassMethod.kt:31)
[12:26:34] [Server thread/WARN]: 	at org.serverct.ersha.taboolib.module.kether.KetherLoader.visit(KetherLoader.kt:25)
[12:26:34] [Server thread/WARN]: 	at org.serverct.ersha.taboolib.common.inject.VisitorHandler.visitMethod(VisitorHandler.java:133)
[12:26:34] [Server thread/WARN]: 	... 9 more
[12:26:34] [Server thread/WARN]: org.serverct.ersha.taboolib.common.inject.ClassVisitException: class org.serverct.ersha.taboolib.module.kether.action.game.Actions#actionTell: VisitorGroup{priority=0, list=[AwakeFunction(lifeCycle=CONST), AwakeFunction(lifeCycle=INIT), AwakeFunction(lifeCycle=LOAD), AwakeFunction(lifeCycle=ENABLE), AwakeFunction(lifeCycle=ACTIVE), AwakeFunction(lifeCycle=DISABLE), org.serverct.ersha.taboolib.common.platform.command.SimpleCommandRegister@69c8c963, org.serverct.ersha.taboolib.common.platform.event.EventBus@410c9315, org.serverct.ersha.taboolib.module.kether.KetherLoader@71b06f94, org.serverct.ersha.taboolib.platform.compat.PlaceholderExpansion$PlaceholderRegister@206f6c42]} (LOAD)
[12:26:34] [Server thread/WARN]: 	at org.serverct.ersha.taboolib.common.inject.VisitorHandler.visitMethod(VisitorHandler.java:135)
[12:26:34] [Server thread/WARN]: 	at org.serverct.ersha.taboolib.common.inject.VisitorHandler.inject(VisitorHandler.java:103)
[12:26:34] [Server thread/WARN]: 	at org.serverct.ersha.taboolib.common.inject.VisitorHandler.injectAll(VisitorHandler.java:62)
[12:26:34] [Server thread/WARN]: 	at org.serverct.ersha.taboolib.common.TabooLibCommon.lifeCycle(TabooLibCommon.java:204)
[12:26:34] [Server thread/WARN]: 	at org.serverct.ersha.taboolib.common.TabooLibCommon.lifeCycle(TabooLibCommon.java:122)
[12:26:34] [Server thread/WARN]: 	at org.serverct.ersha.taboolib.platform.BukkitPlugin.onLoad(BukkitPlugin.java:98)
[12:26:34] [Server thread/WARN]: 	at org.bukkit.craftbukkit.v1_12_R1.CraftServer.loadPlugins(CraftServer.java:310)
[12:26:34] [Server thread/WARN]: 	at net.minecraft.server.v1_12_R1.DedicatedServer.init(DedicatedServer.java:205)
[12:26:34] [Server thread/WARN]: 	at net.minecraft.server.v1_12_R1.MinecraftServer.run(MinecraftServer.java:545)
[12:26:34] [Server thread/WARN]: 	at java.lang.Thread.run(Thread.java:750)
[12:26:34] [Server thread/WARN]: Caused by: java.lang.NoClassDefFoundError: com/mojang/datafixers/kinds/App
[12:26:34] [Server thread/WARN]: 	at org.serverct.ersha.taboolib.module.kether.KetherHelperKt.combinationParser(KetherHelper.kt:36)
[12:26:34] [Server thread/WARN]: 	at org.serverct.ersha.taboolib.module.kether.action.game.Actions.actionTell(Actions.kt:18)
[12:26:34] [Server thread/WARN]: 	at java.lang.invoke.MethodHandle.invokeWithArguments(MethodHandle.java:627)
[12:26:34] [Server thread/WARN]: 	at org.serverct.ersha.taboolib.library.reflex.JavaClassMethod.invoke(JavaClassMethod.kt:31)
[12:26:34] [Server thread/WARN]: 	at org.serverct.ersha.taboolib.module.kether.KetherLoader.visit(KetherLoader.kt:25)
[12:26:34] [Server thread/WARN]: 	at org.serverct.ersha.taboolib.common.inject.VisitorHandler.visitMethod(VisitorHandler.java:133)
[12:26:34] [Server thread/WARN]: 	... 9 more
[12:26:34] [Server thread/WARN]: org.serverct.ersha.taboolib.common.inject.ClassVisitException: class org.serverct.ersha.taboolib.module.kether.action.game.Actions#actionTitle: VisitorGroup{priority=0, list=[AwakeFunction(lifeCycle=CONST), AwakeFunction(lifeCycle=INIT), AwakeFunction(lifeCycle=LOAD), AwakeFunction(lifeCycle=ENABLE), AwakeFunction(lifeCycle=ACTIVE), AwakeFunction(lifeCycle=DISABLE), org.serverct.ersha.taboolib.common.platform.command.SimpleCommandRegister@69c8c963, org.serverct.ersha.taboolib.common.platform.event.EventBus@410c9315, org.serverct.ersha.taboolib.module.kether.KetherLoader@71b06f94, org.serverct.ersha.taboolib.platform.compat.PlaceholderExpansion$PlaceholderRegister@206f6c42]} (LOAD)
[12:26:34] [Server thread/WARN]: 	at org.serverct.ersha.taboolib.common.inject.VisitorHandler.visitMethod(VisitorHandler.java:135)
[12:26:34] [Server thread/WARN]: 	at org.serverct.ersha.taboolib.common.inject.VisitorHandler.inject(VisitorHandler.java:103)
[12:26:34] [Server thread/WARN]: 	at org.serverct.ersha.taboolib.common.inject.VisitorHandler.injectAll(VisitorHandler.java:62)
[12:26:34] [Server thread/WARN]: 	at org.serverct.ersha.taboolib.common.TabooLibCommon.lifeCycle(TabooLibCommon.java:204)
[12:26:34] [Server thread/WARN]: 	at org.serverct.ersha.taboolib.common.TabooLibCommon.lifeCycle(TabooLibCommon.java:122)
[12:26:34] [Server thread/WARN]: 	at org.serverct.ersha.taboolib.platform.BukkitPlugin.onLoad(BukkitPlugin.java:98)
[12:26:34] [Server thread/WARN]: 	at org.bukkit.craftbukkit.v1_12_R1.CraftServer.loadPlugins(CraftServer.java:310)
[12:26:34] [Server thread/WARN]: 	at net.minecraft.server.v1_12_R1.DedicatedServer.init(DedicatedServer.java:205)
[12:26:34] [Server thread/WARN]: 	at net.minecraft.server.v1_12_R1.MinecraftServer.run(MinecraftServer.java:545)
[12:26:34] [Server thread/WARN]: 	at java.lang.Thread.run(Thread.java:750)
[12:26:34] [Server thread/WARN]: Caused by: java.lang.NoClassDefFoundError: com/mojang/datafixers/kinds/App
[12:26:34] [Server thread/WARN]: 	at org.serverct.ersha.taboolib.module.kether.KetherHelperKt.combinationParser(KetherHelper.kt:36)
[12:26:34] [Server thread/WARN]: 	at org.serverct.ersha.taboolib.module.kether.action.game.Actions.actionTitle(Actions.kt:72)
[12:26:34] [Server thread/WARN]: 	at java.lang.invoke.MethodHandle.invokeWithArguments(MethodHandle.java:627)
[12:26:34] [Server thread/WARN]: 	at org.serverct.ersha.taboolib.library.reflex.JavaClassMethod.invoke(JavaClassMethod.kt:31)
[12:26:34] [Server thread/WARN]: 	at org.serverct.ersha.taboolib.module.kether.KetherLoader.visit(KetherLoader.kt:25)
[12:26:34] [Server thread/WARN]: 	at org.serverct.ersha.taboolib.common.inject.VisitorHandler.visitMethod(VisitorHandler.java:133)
[12:26:34] [Server thread/WARN]: 	... 9 more
[12:26:34] [Server thread/WARN]: org.serverct.ersha.taboolib.common.inject.ClassVisitException: class org.serverct.ersha.taboolib.module.kether.action.game.Actions#actionSubtitle: VisitorGroup{priority=0, list=[AwakeFunction(lifeCycle=CONST), AwakeFunction(lifeCycle=INIT), AwakeFunction(lifeCycle=LOAD), AwakeFunction(lifeCycle=ENABLE), AwakeFunction(lifeCycle=ACTIVE), AwakeFunction(lifeCycle=DISABLE), org.serverct.ersha.taboolib.common.platform.command.SimpleCommandRegister@69c8c963, org.serverct.ersha.taboolib.common.platform.event.EventBus@410c9315, org.serverct.ersha.taboolib.module.kether.KetherLoader@71b06f94, org.serverct.ersha.taboolib.platform.compat.PlaceholderExpansion$PlaceholderRegister@206f6c42]} (LOAD)
[12:26:34] [Server thread/WARN]: 	at org.serverct.ersha.taboolib.common.inject.VisitorHandler.visitMethod(VisitorHandler.java:135)
[12:26:34] [Server thread/WARN]: 	at org.serverct.ersha.taboolib.common.inject.VisitorHandler.inject(VisitorHandler.java:103)
[12:26:34] [Server thread/WARN]: 	at org.serverct.ersha.taboolib.common.inject.VisitorHandler.injectAll(VisitorHandler.java:62)
[12:26:34] [Server thread/WARN]: 	at org.serverct.ersha.taboolib.common.TabooLibCommon.lifeCycle(TabooLibCommon.java:204)
[12:26:34] [Server thread/WARN]: 	at org.serverct.ersha.taboolib.common.TabooLibCommon.lifeCycle(TabooLibCommon.java:122)
[12:26:34] [Server thread/WARN]: 	at org.serverct.ersha.taboolib.platform.BukkitPlugin.onLoad(BukkitPlugin.java:98)
[12:26:34] [Server thread/WARN]: 	at org.bukkit.craftbukkit.v1_12_R1.CraftServer.loadPlugins(CraftServer.java:310)
[12:26:34] [Server thread/WARN]: 	at net.minecraft.server.v1_12_R1.DedicatedServer.init(DedicatedServer.java:205)
[12:26:34] [Server thread/WARN]: 	at net.minecraft.server.v1_12_R1.MinecraftServer.run(MinecraftServer.java:545)
[12:26:34] [Server thread/WARN]: 	at java.lang.Thread.run(Thread.java:750)
[12:26:34] [Server thread/WARN]: Caused by: java.lang.NoClassDefFoundError: com/mojang/datafixers/kinds/App
[12:26:34] [Server thread/WARN]: 	at org.serverct.ersha.taboolib.module.kether.KetherHelperKt.combinationParser(KetherHelper.kt:36)
[12:26:34] [Server thread/WARN]: 	at org.serverct.ersha.taboolib.module.kether.action.game.Actions.actionSubtitle(Actions.kt:84)
[12:26:34] [Server thread/WARN]: 	at java.lang.invoke.MethodHandle.invokeWithArguments(MethodHandle.java:627)
[12:26:34] [Server thread/WARN]: 	at org.serverct.ersha.taboolib.library.reflex.JavaClassMethod.invoke(JavaClassMethod.kt:31)
[12:26:34] [Server thread/WARN]: 	at org.serverct.ersha.taboolib.module.kether.KetherLoader.visit(KetherLoader.kt:25)
[12:26:34] [Server thread/WARN]: 	at org.serverct.ersha.taboolib.common.inject.VisitorHandler.visitMethod(VisitorHandler.java:133)
[12:26:34] [Server thread/WARN]: 	... 9 more
[12:26:34] [Server thread/WARN]: org.serverct.ersha.taboolib.common.inject.ClassVisitException: class org.serverct.ersha.taboolib.module.kether.action.transform.ActionArray#actionArrayAdd: VisitorGroup{priority=0, list=[AwakeFunction(lifeCycle=CONST), AwakeFunction(lifeCycle=INIT), AwakeFunction(lifeCycle=LOAD), AwakeFunction(lifeCycle=ENABLE), AwakeFunction(lifeCycle=ACTIVE), AwakeFunction(lifeCycle=DISABLE), org.serverct.ersha.taboolib.common.platform.command.SimpleCommandRegister@69c8c963, org.serverct.ersha.taboolib.common.platform.event.EventBus@410c9315, org.serverct.ersha.taboolib.module.kether.KetherLoader@71b06f94, org.serverct.ersha.taboolib.platform.compat.PlaceholderExpansion$PlaceholderRegister@206f6c42]} (LOAD)
[12:26:34] [Server thread/WARN]: 	at org.serverct.ersha.taboolib.common.inject.VisitorHandler.visitMethod(VisitorHandler.java:135)
[12:26:34] [Server thread/WARN]: 	at org.serverct.ersha.taboolib.common.inject.VisitorHandler.inject(VisitorHandler.java:103)
[12:26:34] [Server thread/WARN]: 	at org.serverct.ersha.taboolib.common.inject.VisitorHandler.injectAll(VisitorHandler.java:62)
[12:26:34] [Server thread/WARN]: 	at org.serverct.ersha.taboolib.common.TabooLibCommon.lifeCycle(TabooLibCommon.java:204)
[12:26:34] [Server thread/WARN]: 	at org.serverct.ersha.taboolib.common.TabooLibCommon.lifeCycle(TabooLibCommon.java:122)
[12:26:34] [Server thread/WARN]: 	at org.serverct.ersha.taboolib.platform.BukkitPlugin.onLoad(BukkitPlugin.java:98)
[12:26:34] [Server thread/WARN]: 	at org.bukkit.craftbukkit.v1_12_R1.CraftServer.loadPlugins(CraftServer.java:310)
[12:26:34] [Server thread/WARN]: 	at net.minecraft.server.v1_12_R1.DedicatedServer.init(DedicatedServer.java:205)
[12:26:34] [Server thread/WARN]: 	at net.minecraft.server.v1_12_R1.MinecraftServer.run(MinecraftServer.java:545)
[12:26:34] [Server thread/WARN]: 	at java.lang.Thread.run(Thread.java:750)
[12:26:34] [Server thread/WARN]: Caused by: java.lang.NoClassDefFoundError: com/mojang/datafixers/kinds/App
[12:26:34] [Server thread/WARN]: 	at org.serverct.ersha.taboolib.module.kether.KetherHelperKt.combinationParser(KetherHelper.kt:36)
[12:26:34] [Server thread/WARN]: 	at org.serverct.ersha.taboolib.module.kether.action.transform.ActionArray.actionArrayAdd(ActionArray.kt:77)
[12:26:34] [Server thread/WARN]: 	at java.lang.invoke.MethodHandle.invokeWithArguments(MethodHandle.java:627)
[12:26:34] [Server thread/WARN]: 	at org.serverct.ersha.taboolib.library.reflex.JavaClassMethod.invoke(JavaClassMethod.kt:31)
[12:26:34] [Server thread/WARN]: 	at org.serverct.ersha.taboolib.module.kether.KetherLoader.visit(KetherLoader.kt:25)
[12:26:34] [Server thread/WARN]: 	at org.serverct.ersha.taboolib.common.inject.VisitorHandler.visitMethod(VisitorHandler.java:133)
[12:26:34] [Server thread/WARN]: 	... 9 more
[12:26:34] [Server thread/WARN]: org.serverct.ersha.taboolib.common.inject.ClassVisitException: class org.serverct.ersha.taboolib.module.kether.action.transform.ActionArray#actionMutable: VisitorGroup{priority=0, list=[AwakeFunction(lifeCycle=CONST), AwakeFunction(lifeCycle=INIT), AwakeFunction(lifeCycle=LOAD), AwakeFunction(lifeCycle=ENABLE), AwakeFunction(lifeCycle=ACTIVE), AwakeFunction(lifeCycle=DISABLE), org.serverct.ersha.taboolib.common.platform.command.SimpleCommandRegister@69c8c963, org.serverct.ersha.taboolib.common.platform.event.EventBus@410c9315, org.serverct.ersha.taboolib.module.kether.KetherLoader@71b06f94, org.serverct.ersha.taboolib.platform.compat.PlaceholderExpansion$PlaceholderRegister@206f6c42]} (LOAD)
[12:26:34] [Server thread/WARN]: 	at org.serverct.ersha.taboolib.common.inject.VisitorHandler.visitMethod(VisitorHandler.java:135)
[12:26:34] [Server thread/WARN]: 	at org.serverct.ersha.taboolib.common.inject.VisitorHandler.inject(VisitorHandler.java:103)
[12:26:34] [Server thread/WARN]: 	at org.serverct.ersha.taboolib.common.inject.VisitorHandler.injectAll(VisitorHandler.java:62)
[12:26:34] [Server thread/WARN]: 	at org.serverct.ersha.taboolib.common.TabooLibCommon.lifeCycle(TabooLibCommon.java:204)
[12:26:34] [Server thread/WARN]: 	at org.serverct.ersha.taboolib.common.TabooLibCommon.lifeCycle(TabooLibCommon.java:122)
[12:26:34] [Server thread/WARN]: 	at org.serverct.ersha.taboolib.platform.BukkitPlugin.onLoad(BukkitPlugin.java:98)
[12:26:34] [Server thread/WARN]: 	at org.bukkit.craftbukkit.v1_12_R1.CraftServer.loadPlugins(CraftServer.java:310)
[12:26:34] [Server thread/WARN]: 	at net.minecraft.server.v1_12_R1.DedicatedServer.init(DedicatedServer.java:205)
[12:26:34] [Server thread/WARN]: 	at net.minecraft.server.v1_12_R1.MinecraftServer.run(MinecraftServer.java:545)
[12:26:34] [Server thread/WARN]: 	at java.lang.Thread.run(Thread.java:750)
[12:26:34] [Server thread/WARN]: Caused by: java.lang.NoClassDefFoundError: com/mojang/datafixers/kinds/App
[12:26:34] [Server thread/WARN]: 	at org.serverct.ersha.taboolib.module.kether.KetherHelperKt.combinationParser(KetherHelper.kt:36)
[12:26:34] [Server thread/WARN]: 	at org.serverct.ersha.taboolib.module.kether.action.transform.ActionArray.actionMutable(ActionArray.kt:35)
[12:26:34] [Server thread/WARN]: 	at java.lang.invoke.MethodHandle.invokeWithArguments(MethodHandle.java:627)
[12:26:34] [Server thread/WARN]: 	at org.serverct.ersha.taboolib.library.reflex.JavaClassMethod.invoke(JavaClassMethod.kt:31)
[12:26:34] [Server thread/WARN]: 	at org.serverct.ersha.taboolib.module.kether.KetherLoader.visit(KetherLoader.kt:25)
[12:26:34] [Server thread/WARN]: 	at org.serverct.ersha.taboolib.common.inject.VisitorHandler.visitMethod(VisitorHandler.java:133)
[12:26:34] [Server thread/WARN]: 	... 9 more
[12:26:34] [Server thread/WARN]: org.serverct.ersha.taboolib.common.inject.ClassVisitException: class org.serverct.ersha.taboolib.module.kether.action.transform.ActionArray#actionArrayGet: VisitorGroup{priority=0, list=[AwakeFunction(lifeCycle=CONST), AwakeFunction(lifeCycle=INIT), AwakeFunction(lifeCycle=LOAD), AwakeFunction(lifeCycle=ENABLE), AwakeFunction(lifeCycle=ACTIVE), AwakeFunction(lifeCycle=DISABLE), org.serverct.ersha.taboolib.common.platform.command.SimpleCommandRegister@69c8c963, org.serverct.ersha.taboolib.common.platform.event.EventBus@410c9315, org.serverct.ersha.taboolib.module.kether.KetherLoader@71b06f94, org.serverct.ersha.taboolib.platform.compat.PlaceholderExpansion$PlaceholderRegister@206f6c42]} (LOAD)
[12:26:34] [Server thread/WARN]: 	at org.serverct.ersha.taboolib.common.inject.VisitorHandler.visitMethod(VisitorHandler.java:135)
[12:26:34] [Server thread/WARN]: 	at org.serverct.ersha.taboolib.common.inject.VisitorHandler.inject(VisitorHandler.java:103)
[12:26:34] [Server thread/WARN]: 	at org.serverct.ersha.taboolib.common.inject.VisitorHandler.injectAll(VisitorHandler.java:62)
[12:26:34] [Server thread/WARN]: 	at org.serverct.ersha.taboolib.common.TabooLibCommon.lifeCycle(TabooLibCommon.java:204)
[12:26:34] [Server thread/WARN]: 	at org.serverct.ersha.taboolib.common.TabooLibCommon.lifeCycle(TabooLibCommon.java:122)
[12:26:34] [Server thread/WARN]: 	at org.serverct.ersha.taboolib.platform.BukkitPlugin.onLoad(BukkitPlugin.java:98)
[12:26:34] [Server thread/WARN]: 	at org.bukkit.craftbukkit.v1_12_R1.CraftServer.loadPlugins(CraftServer.java:310)
[12:26:34] [Server thread/WARN]: 	at net.minecraft.server.v1_12_R1.DedicatedServer.init(DedicatedServer.java:205)
[12:26:34] [Server thread/WARN]: 	at net.minecraft.server.v1_12_R1.MinecraftServer.run(MinecraftServer.java:545)
[12:26:34] [Server thread/WARN]: 	at java.lang.Thread.run(Thread.java:750)
[12:26:34] [Server thread/WARN]: Caused by: java.lang.NoClassDefFoundError: com/mojang/datafixers/kinds/App
[12:26:34] [Server thread/WARN]: 	at org.serverct.ersha.taboolib.module.kether.KetherHelperKt.combinationParser(KetherHelper.kt:36)
[12:26:34] [Server thread/WARN]: 	at org.serverct.ersha.taboolib.module.kether.action.transform.ActionArray.actionArrayGet(ActionArray.kt:68)
[12:26:34] [Server thread/WARN]: 	at java.lang.invoke.MethodHandle.invokeWithArguments(MethodHandle.java:627)
[12:26:34] [Server thread/WARN]: 	at org.serverct.ersha.taboolib.library.reflex.JavaClassMethod.invoke(JavaClassMethod.kt:31)
[12:26:34] [Server thread/WARN]: 	at org.serverct.ersha.taboolib.module.kether.KetherLoader.visit(KetherLoader.kt:25)
[12:26:34] [Server thread/WARN]: 	at org.serverct.ersha.taboolib.common.inject.VisitorHandler.visitMethod(VisitorHandler.java:133)
[12:26:34] [Server thread/WARN]: 	... 9 more
[12:26:34] [Server thread/WARN]: org.serverct.ersha.taboolib.common.inject.ClassVisitException: class org.serverct.ersha.taboolib.module.kether.action.transform.ActionArray#actionArrayFind: VisitorGroup{priority=0, list=[AwakeFunction(lifeCycle=CONST), AwakeFunction(lifeCycle=INIT), AwakeFunction(lifeCycle=LOAD), AwakeFunction(lifeCycle=ENABLE), AwakeFunction(lifeCycle=ACTIVE), AwakeFunction(lifeCycle=DISABLE), org.serverct.ersha.taboolib.common.platform.command.SimpleCommandRegister@69c8c963, org.serverct.ersha.taboolib.common.platform.event.EventBus@410c9315, org.serverct.ersha.taboolib.module.kether.KetherLoader@71b06f94, org.serverct.ersha.taboolib.platform.compat.PlaceholderExpansion$PlaceholderRegister@206f6c42]} (LOAD)
[12:26:34] [Server thread/WARN]: 	at org.serverct.ersha.taboolib.common.inject.VisitorHandler.visitMethod(VisitorHandler.java:135)
[12:26:34] [Server thread/WARN]: 	at org.serverct.ersha.taboolib.common.inject.VisitorHandler.inject(VisitorHandler.java:103)
[12:26:34] [Server thread/WARN]: 	at org.serverct.ersha.taboolib.common.inject.VisitorHandler.injectAll(VisitorHandler.java:62)
[12:26:34] [Server thread/WARN]: 	at org.serverct.ersha.taboolib.common.TabooLibCommon.lifeCycle(TabooLibCommon.java:204)
[12:26:34] [Server thread/WARN]: 	at org.serverct.ersha.taboolib.common.TabooLibCommon.lifeCycle(TabooLibCommon.java:122)
[12:26:34] [Server thread/WARN]: 	at org.serverct.ersha.taboolib.platform.BukkitPlugin.onLoad(BukkitPlugin.java:98)
[12:26:34] [Server thread/WARN]: 	at org.bukkit.craftbukkit.v1_12_R1.CraftServer.loadPlugins(CraftServer.java:310)
[12:26:34] [Server thread/WARN]: 	at net.minecraft.server.v1_12_R1.DedicatedServer.init(DedicatedServer.java:205)
[12:26:34] [Server thread/WARN]: 	at net.minecraft.server.v1_12_R1.MinecraftServer.run(MinecraftServer.java:545)
[12:26:34] [Server thread/WARN]: 	at java.lang.Thread.run(Thread.java:750)
[12:26:34] [Server thread/WARN]: Caused by: java.lang.NoClassDefFoundError: com/mojang/datafixers/kinds/App
[12:26:34] [Server thread/WARN]: 	at org.serverct.ersha.taboolib.module.kether.KetherHelperKt.combinationParser(KetherHelper.kt:36)
[12:26:34] [Server thread/WARN]: 	at org.serverct.ersha.taboolib.module.kether.action.transform.ActionArray.actionArrayFind(ActionArray.kt:131)
[12:26:34] [Server thread/WARN]: 	at java.lang.invoke.MethodHandle.invokeWithArguments(MethodHandle.java:627)
[12:26:34] [Server thread/WARN]: 	at org.serverct.ersha.taboolib.library.reflex.JavaClassMethod.invoke(JavaClassMethod.kt:31)
[12:26:34] [Server thread/WARN]: 	at org.serverct.ersha.taboolib.module.kether.KetherLoader.visit(KetherLoader.kt:25)
[12:26:34] [Server thread/WARN]: 	at org.serverct.ersha.taboolib.common.inject.VisitorHandler.visitMethod(VisitorHandler.java:133)
[12:26:34] [Server thread/WARN]: 	... 9 more
[12:26:34] [Server thread/WARN]: org.serverct.ersha.taboolib.common.inject.ClassVisitException: class org.serverct.ersha.taboolib.module.kether.action.transform.ActionArray#actionReverse: VisitorGroup{priority=0, list=[AwakeFunction(lifeCycle=CONST), AwakeFunction(lifeCycle=INIT), AwakeFunction(lifeCycle=LOAD), AwakeFunction(lifeCycle=ENABLE), AwakeFunction(lifeCycle=ACTIVE), AwakeFunction(lifeCycle=DISABLE), org.serverct.ersha.taboolib.common.platform.command.SimpleCommandRegister@69c8c963, org.serverct.ersha.taboolib.common.platform.event.EventBus@410c9315, org.serverct.ersha.taboolib.module.kether.KetherLoader@71b06f94, org.serverct.ersha.taboolib.platform.compat.PlaceholderExpansion$PlaceholderRegister@206f6c42]} (LOAD)
[12:26:34] [Server thread/WARN]: 	at org.serverct.ersha.taboolib.common.inject.VisitorHandler.visitMethod(VisitorHandler.java:135)
[12:26:34] [Server thread/WARN]: 	at org.serverct.ersha.taboolib.common.inject.VisitorHandler.inject(VisitorHandler.java:103)
[12:26:34] [Server thread/WARN]: 	at org.serverct.ersha.taboolib.common.inject.VisitorHandler.injectAll(VisitorHandler.java:62)
[12:26:34] [Server thread/WARN]: 	at org.serverct.ersha.taboolib.common.TabooLibCommon.lifeCycle(TabooLibCommon.java:204)
[12:26:34] [Server thread/WARN]: 	at org.serverct.ersha.taboolib.common.TabooLibCommon.lifeCycle(TabooLibCommon.java:122)
[12:26:34] [Server thread/WARN]: 	at org.serverct.ersha.taboolib.platform.BukkitPlugin.onLoad(BukkitPlugin.java:98)
[12:26:34] [Server thread/WARN]: 	at org.bukkit.craftbukkit.v1_12_R1.CraftServer.loadPlugins(CraftServer.java:310)
[12:26:34] [Server thread/WARN]: 	at net.minecraft.server.v1_12_R1.DedicatedServer.init(DedicatedServer.java:205)
[12:26:34] [Server thread/WARN]: 	at net.minecraft.server.v1_12_R1.MinecraftServer.run(MinecraftServer.java:545)
[12:26:34] [Server thread/WARN]: 	at java.lang.Thread.run(Thread.java:750)
[12:26:34] [Server thread/WARN]: Caused by: java.lang.NoClassDefFoundError: com/mojang/datafixers/kinds/App
[12:26:34] [Server thread/WARN]: 	at org.serverct.ersha.taboolib.module.kether.KetherHelperKt.combinationParser(KetherHelper.kt:36)
[12:26:34] [Server thread/WARN]: 	at org.serverct.ersha.taboolib.module.kether.action.transform.ActionArray.actionReverse(ActionArray.kt:51)
[12:26:34] [Server thread/WARN]: 	at java.lang.invoke.MethodHandle.invokeWithArguments(MethodHandle.java:627)
[12:26:34] [Server thread/WARN]: 	at org.serverct.ersha.taboolib.library.reflex.JavaClassMethod.invoke(JavaClassMethod.kt:31)
[12:26:34] [Server thread/WARN]: 	at org.serverct.ersha.taboolib.module.kether.KetherLoader.visit(KetherLoader.kt:25)
[12:26:34] [Server thread/WARN]: 	at org.serverct.ersha.taboolib.common.inject.VisitorHandler.visitMethod(VisitorHandler.java:133)
[12:26:34] [Server thread/WARN]: 	... 9 more
[12:26:34] [Server thread/WARN]: org.serverct.ersha.taboolib.common.inject.ClassVisitException: class org.serverct.ersha.taboolib.module.kether.action.transform.ActionArray#actionShuffle: VisitorGroup{priority=0, list=[AwakeFunction(lifeCycle=CONST), AwakeFunction(lifeCycle=INIT), AwakeFunction(lifeCycle=LOAD), AwakeFunction(lifeCycle=ENABLE), AwakeFunction(lifeCycle=ACTIVE), AwakeFunction(lifeCycle=DISABLE), org.serverct.ersha.taboolib.common.platform.command.SimpleCommandRegister@69c8c963, org.serverct.ersha.taboolib.common.platform.event.EventBus@410c9315, org.serverct.ersha.taboolib.module.kether.KetherLoader@71b06f94, org.serverct.ersha.taboolib.platform.compat.PlaceholderExpansion$PlaceholderRegister@206f6c42]} (LOAD)
[12:26:34] [Server thread/WARN]: 	at org.serverct.ersha.taboolib.common.inject.VisitorHandler.visitMethod(VisitorHandler.java:135)
[12:26:34] [Server thread/WARN]: 	at org.serverct.ersha.taboolib.common.inject.VisitorHandler.inject(VisitorHandler.java:103)
[12:26:34] [Server thread/WARN]: 	at org.serverct.ersha.taboolib.common.inject.VisitorHandler.injectAll(VisitorHandler.java:62)
[12:26:34] [Server thread/WARN]: 	at org.serverct.ersha.taboolib.common.TabooLibCommon.lifeCycle(TabooLibCommon.java:204)
[12:26:34] [Server thread/WARN]: 	at org.serverct.ersha.taboolib.common.TabooLibCommon.lifeCycle(TabooLibCommon.java:122)
[12:26:34] [Server thread/WARN]: 	at org.serverct.ersha.taboolib.platform.BukkitPlugin.onLoad(BukkitPlugin.java:98)
[12:26:34] [Server thread/WARN]: 	at org.bukkit.craftbukkit.v1_12_R1.CraftServer.loadPlugins(CraftServer.java:310)
[12:26:34] [Server thread/WARN]: 	at net.minecraft.server.v1_12_R1.DedicatedServer.init(DedicatedServer.java:205)
[12:26:34] [Server thread/WARN]: 	at net.minecraft.server.v1_12_R1.MinecraftServer.run(MinecraftServer.java:545)
[12:26:34] [Server thread/WARN]: 	at java.lang.Thread.run(Thread.java:750)
[12:26:34] [Server thread/WARN]: Caused by: java.lang.NoClassDefFoundError: com/mojang/datafixers/kinds/App
[12:26:34] [Server thread/WARN]: 	at org.serverct.ersha.taboolib.module.kether.KetherHelperKt.combinationParser(KetherHelper.kt:36)
[12:26:34] [Server thread/WARN]: 	at org.serverct.ersha.taboolib.module.kether.action.transform.ActionArray.actionShuffle(ActionArray.kt:43)
[12:26:34] [Server thread/WARN]: 	at java.lang.invoke.MethodHandle.invokeWithArguments(MethodHandle.java:627)
[12:26:34] [Server thread/WARN]: 	at org.serverct.ersha.taboolib.library.reflex.JavaClassMethod.invoke(JavaClassMethod.kt:31)
[12:26:34] [Server thread/WARN]: 	at org.serverct.ersha.taboolib.module.kether.KetherLoader.visit(KetherLoader.kt:25)
[12:26:34] [Server thread/WARN]: 	at org.serverct.ersha.taboolib.common.inject.VisitorHandler.visitMethod(VisitorHandler.java:133)
[12:26:34] [Server thread/WARN]: 	... 9 more
[12:26:34] [Server thread/WARN]: org.serverct.ersha.taboolib.common.inject.ClassVisitException: class org.serverct.ersha.taboolib.module.kether.action.transform.ActionArray#actionArray: VisitorGroup{priority=0, list=[AwakeFunction(lifeCycle=CONST), AwakeFunction(lifeCycle=INIT), AwakeFunction(lifeCycle=LOAD), AwakeFunction(lifeCycle=ENABLE), AwakeFunction(lifeCycle=ACTIVE), AwakeFunction(lifeCycle=DISABLE), org.serverct.ersha.taboolib.common.platform.command.SimpleCommandRegister@69c8c963, org.serverct.ersha.taboolib.common.platform.event.EventBus@410c9315, org.serverct.ersha.taboolib.module.kether.KetherLoader@71b06f94, org.serverct.ersha.taboolib.platform.compat.PlaceholderExpansion$PlaceholderRegister@206f6c42]} (LOAD)
[12:26:34] [Server thread/WARN]: 	at org.serverct.ersha.taboolib.common.inject.VisitorHandler.visitMethod(VisitorHandler.java:135)
[12:26:34] [Server thread/WARN]: 	at org.serverct.ersha.taboolib.common.inject.VisitorHandler.inject(VisitorHandler.java:103)
[12:26:34] [Server thread/WARN]: 	at org.serverct.ersha.taboolib.common.inject.VisitorHandler.injectAll(VisitorHandler.java:62)
[12:26:34] [Server thread/WARN]: 	at org.serverct.ersha.taboolib.common.TabooLibCommon.lifeCycle(TabooLibCommon.java:204)
[12:26:34] [Server thread/WARN]: 	at org.serverct.ersha.taboolib.common.TabooLibCommon.lifeCycle(TabooLibCommon.java:122)
[12:26:34] [Server thread/WARN]: 	at org.serverct.ersha.taboolib.platform.BukkitPlugin.onLoad(BukkitPlugin.java:98)
[12:26:34] [Server thread/WARN]: 	at org.bukkit.craftbukkit.v1_12_R1.CraftServer.loadPlugins(CraftServer.java:310)
[12:26:34] [Server thread/WARN]: 	at net.minecraft.server.v1_12_R1.DedicatedServer.init(DedicatedServer.java:205)
[12:26:34] [Server thread/WARN]: 	at net.minecraft.server.v1_12_R1.MinecraftServer.run(MinecraftServer.java:545)
[12:26:34] [Server thread/WARN]: 	at java.lang.Thread.run(Thread.java:750)
[12:26:34] [Server thread/WARN]: Caused by: java.lang.NoClassDefFoundError: com/mojang/datafixers/kinds/App
[12:26:34] [Server thread/WARN]: 	at org.serverct.ersha.taboolib.module.kether.KetherHelperKt.combinationParser(KetherHelper.kt:36)
[12:26:34] [Server thread/WARN]: 	at org.serverct.ersha.taboolib.module.kether.action.transform.ActionArray.actionArray(ActionArray.kt:59)
[12:26:34] [Server thread/WARN]: 	at java.lang.invoke.MethodHandle.invokeWithArguments(MethodHandle.java:627)
[12:26:34] [Server thread/WARN]: 	at org.serverct.ersha.taboolib.library.reflex.JavaClassMethod.invoke(JavaClassMethod.kt:31)
[12:26:34] [Server thread/WARN]: 	at org.serverct.ersha.taboolib.module.kether.KetherLoader.visit(KetherLoader.kt:25)
[12:26:34] [Server thread/WARN]: 	at org.serverct.ersha.taboolib.common.inject.VisitorHandler.visitMethod(VisitorHandler.java:133)
[12:26:34] [Server thread/WARN]: 	... 9 more
[12:26:34] [Server thread/WARN]: org.serverct.ersha.taboolib.common.inject.ClassVisitException: class org.serverct.ersha.taboolib.module.kether.action.transform.ActionArray#actionArrayRemove: VisitorGroup{priority=0, list=[AwakeFunction(lifeCycle=CONST), AwakeFunction(lifeCycle=INIT), AwakeFunction(lifeCycle=LOAD), AwakeFunction(lifeCycle=ENABLE), AwakeFunction(lifeCycle=ACTIVE), AwakeFunction(lifeCycle=DISABLE), org.serverct.ersha.taboolib.common.platform.command.SimpleCommandRegister@69c8c963, org.serverct.ersha.taboolib.common.platform.event.EventBus@410c9315, org.serverct.ersha.taboolib.module.kether.KetherLoader@71b06f94, org.serverct.ersha.taboolib.platform.compat.PlaceholderExpansion$PlaceholderRegister@206f6c42]} (LOAD)
[12:26:34] [Server thread/WARN]: 	at org.serverct.ersha.taboolib.common.inject.VisitorHandler.visitMethod(VisitorHandler.java:135)
[12:26:34] [Server thread/WARN]: 	at org.serverct.ersha.taboolib.common.inject.VisitorHandler.inject(VisitorHandler.java:103)
[12:26:34] [Server thread/WARN]: 	at org.serverct.ersha.taboolib.common.inject.VisitorHandler.injectAll(VisitorHandler.java:62)
[12:26:34] [Server thread/WARN]: 	at org.serverct.ersha.taboolib.common.TabooLibCommon.lifeCycle(TabooLibCommon.java:204)
[12:26:34] [Server thread/WARN]: 	at org.serverct.ersha.taboolib.common.TabooLibCommon.lifeCycle(TabooLibCommon.java:122)
[12:26:34] [Server thread/WARN]: 	at org.serverct.ersha.taboolib.platform.BukkitPlugin.onLoad(BukkitPlugin.java:98)
[12:26:34] [Server thread/WARN]: 	at org.bukkit.craftbukkit.v1_12_R1.CraftServer.loadPlugins(CraftServer.java:310)
[12:26:34] [Server thread/WARN]: 	at net.minecraft.server.v1_12_R1.DedicatedServer.init(DedicatedServer.java:205)
[12:26:34] [Server thread/WARN]: 	at net.minecraft.server.v1_12_R1.MinecraftServer.run(MinecraftServer.java:545)
[12:26:34] [Server thread/WARN]: 	at java.lang.Thread.run(Thread.java:750)
[12:26:34] [Server thread/WARN]: Caused by: java.lang.NoClassDefFoundError: com/mojang/datafixers/kinds/App
[12:26:34] [Server thread/WARN]: 	at org.serverct.ersha.taboolib.module.kether.KetherHelperKt.combinationParser(KetherHelper.kt:36)
[12:26:34] [Server thread/WARN]: 	at org.serverct.ersha.taboolib.module.kether.action.transform.ActionArray.actionArrayRemove(ActionArray.kt:95)
[12:26:34] [Server thread/WARN]: 	at java.lang.invoke.MethodHandle.invokeWithArguments(MethodHandle.java:627)
[12:26:34] [Server thread/WARN]: 	at org.serverct.ersha.taboolib.library.reflex.JavaClassMethod.invoke(JavaClassMethod.kt:31)
[12:26:34] [Server thread/WARN]: 	at org.serverct.ersha.taboolib.module.kether.KetherLoader.visit(KetherLoader.kt:25)
[12:26:34] [Server thread/WARN]: 	at org.serverct.ersha.taboolib.common.inject.VisitorHandler.visitMethod(VisitorHandler.java:133)
[12:26:34] [Server thread/WARN]: 	... 9 more
[12:26:34] [Server thread/WARN]: org.serverct.ersha.taboolib.common.inject.ClassVisitException: class org.serverct.ersha.taboolib.module.kether.action.transform.ActionArray#actionArrayRemoveAt: VisitorGroup{priority=0, list=[AwakeFunction(lifeCycle=CONST), AwakeFunction(lifeCycle=INIT), AwakeFunction(lifeCycle=LOAD), AwakeFunction(lifeCycle=ENABLE), AwakeFunction(lifeCycle=ACTIVE), AwakeFunction(lifeCycle=DISABLE), org.serverct.ersha.taboolib.common.platform.command.SimpleCommandRegister@69c8c963, org.serverct.ersha.taboolib.common.platform.event.EventBus@410c9315, org.serverct.ersha.taboolib.module.kether.KetherLoader@71b06f94, org.serverct.ersha.taboolib.platform.compat.PlaceholderExpansion$PlaceholderRegister@206f6c42]} (LOAD)
[12:26:34] [Server thread/WARN]: 	at org.serverct.ersha.taboolib.common.inject.VisitorHandler.visitMethod(VisitorHandler.java:135)
[12:26:34] [Server thread/WARN]: 	at org.serverct.ersha.taboolib.common.inject.VisitorHandler.inject(VisitorHandler.java:103)
[12:26:34] [Server thread/WARN]: 	at org.serverct.ersha.taboolib.common.inject.VisitorHandler.injectAll(VisitorHandler.java:62)
[12:26:34] [Server thread/WARN]: 	at org.serverct.ersha.taboolib.common.TabooLibCommon.lifeCycle(TabooLibCommon.java:204)
[12:26:34] [Server thread/WARN]: 	at org.serverct.ersha.taboolib.common.TabooLibCommon.lifeCycle(TabooLibCommon.java:122)
[12:26:34] [Server thread/WARN]: 	at org.serverct.ersha.taboolib.platform.BukkitPlugin.onLoad(BukkitPlugin.java:98)
[12:26:34] [Server thread/WARN]: 	at org.bukkit.craftbukkit.v1_12_R1.CraftServer.loadPlugins(CraftServer.java:310)
[12:26:34] [Server thread/WARN]: 	at net.minecraft.server.v1_12_R1.DedicatedServer.init(DedicatedServer.java:205)
[12:26:34] [Server thread/WARN]: 	at net.minecraft.server.v1_12_R1.MinecraftServer.run(MinecraftServer.java:545)
[12:26:34] [Server thread/WARN]: 	at java.lang.Thread.run(Thread.java:750)
[12:26:34] [Server thread/WARN]: Caused by: java.lang.NoClassDefFoundError: com/mojang/datafixers/kinds/App
[12:26:34] [Server thread/WARN]: 	at org.serverct.ersha.taboolib.module.kether.KetherHelperKt.combinationParser(KetherHelper.kt:36)
[12:26:34] [Server thread/WARN]: 	at org.serverct.ersha.taboolib.module.kether.action.transform.ActionArray.actionArrayRemoveAt(ActionArray.kt:104)
[12:26:34] [Server thread/WARN]: 	at java.lang.invoke.MethodHandle.invokeWithArguments(MethodHandle.java:627)
[12:26:34] [Server thread/WARN]: 	at org.serverct.ersha.taboolib.library.reflex.JavaClassMethod.invoke(JavaClassMethod.kt:31)
[12:26:34] [Server thread/WARN]: 	at org.serverct.ersha.taboolib.module.kether.KetherLoader.visit(KetherLoader.kt:25)
[12:26:34] [Server thread/WARN]: 	at org.serverct.ersha.taboolib.common.inject.VisitorHandler.visitMethod(VisitorHandler.java:133)
[12:26:34] [Server thread/WARN]: 	... 9 more
[12:26:34] [Server thread/WARN]: org.serverct.ersha.taboolib.common.inject.ClassVisitException: class org.serverct.ersha.taboolib.module.kether.action.transform.ActionArray#actionArrayRemoveLast: VisitorGroup{priority=0, list=[AwakeFunction(lifeCycle=CONST), AwakeFunction(lifeCycle=INIT), AwakeFunction(lifeCycle=LOAD), AwakeFunction(lifeCycle=ENABLE), AwakeFunction(lifeCycle=ACTIVE), AwakeFunction(lifeCycle=DISABLE), org.serverct.ersha.taboolib.common.platform.command.SimpleCommandRegister@69c8c963, org.serverct.ersha.taboolib.common.platform.event.EventBus@410c9315, org.serverct.ersha.taboolib.module.kether.KetherLoader@71b06f94, org.serverct.ersha.taboolib.platform.compat.PlaceholderExpansion$PlaceholderRegister@206f6c42]} (LOAD)
[12:26:34] [Server thread/WARN]: 	at org.serverct.ersha.taboolib.common.inject.VisitorHandler.visitMethod(VisitorHandler.java:135)
[12:26:34] [Server thread/WARN]: 	at org.serverct.ersha.taboolib.common.inject.VisitorHandler.inject(VisitorHandler.java:103)
[12:26:34] [Server thread/WARN]: 	at org.serverct.ersha.taboolib.common.inject.VisitorHandler.injectAll(VisitorHandler.java:62)
[12:26:34] [Server thread/WARN]: 	at org.serverct.ersha.taboolib.common.TabooLibCommon.lifeCycle(TabooLibCommon.java:204)
[12:26:34] [Server thread/WARN]: 	at org.serverct.ersha.taboolib.common.TabooLibCommon.lifeCycle(TabooLibCommon.java:122)
[12:26:34] [Server thread/WARN]: 	at org.serverct.ersha.taboolib.platform.BukkitPlugin.onLoad(BukkitPlugin.java:98)
[12:26:34] [Server thread/WARN]: 	at org.bukkit.craftbukkit.v1_12_R1.CraftServer.loadPlugins(CraftServer.java:310)
[12:26:34] [Server thread/WARN]: 	at net.minecraft.server.v1_12_R1.DedicatedServer.init(DedicatedServer.java:205)
[12:26:34] [Server thread/WARN]: 	at net.minecraft.server.v1_12_R1.MinecraftServer.run(MinecraftServer.java:545)
[12:26:34] [Server thread/WARN]: 	at java.lang.Thread.run(Thread.java:750)
[12:26:34] [Server thread/WARN]: Caused by: java.lang.NoClassDefFoundError: com/mojang/datafixers/kinds/App
[12:26:34] [Server thread/WARN]: 	at org.serverct.ersha.taboolib.module.kether.KetherHelperKt.combinationParser(KetherHelper.kt:36)
[12:26:34] [Server thread/WARN]: 	at org.serverct.ersha.taboolib.module.kether.action.transform.ActionArray.actionArrayRemoveLast(ActionArray.kt:122)
[12:26:34] [Server thread/WARN]: 	at java.lang.invoke.MethodHandle.invokeWithArguments(MethodHandle.java:627)
[12:26:34] [Server thread/WARN]: 	at org.serverct.ersha.taboolib.library.reflex.JavaClassMethod.invoke(JavaClassMethod.kt:31)
[12:26:34] [Server thread/WARN]: 	at org.serverct.ersha.taboolib.module.kether.KetherLoader.visit(KetherLoader.kt:25)
[12:26:34] [Server thread/WARN]: 	at org.serverct.ersha.taboolib.common.inject.VisitorHandler.visitMethod(VisitorHandler.java:133)
[12:26:34] [Server thread/WARN]: 	... 9 more
[12:26:34] [Server thread/WARN]: org.serverct.ersha.taboolib.common.inject.ClassVisitException: class org.serverct.ersha.taboolib.module.kether.action.transform.ActionArray#actionArrayAddFirst: VisitorGroup{priority=0, list=[AwakeFunction(lifeCycle=CONST), AwakeFunction(lifeCycle=INIT), AwakeFunction(lifeCycle=LOAD), AwakeFunction(lifeCycle=ENABLE), AwakeFunction(lifeCycle=ACTIVE), AwakeFunction(lifeCycle=DISABLE), org.serverct.ersha.taboolib.common.platform.command.SimpleCommandRegister@69c8c963, org.serverct.ersha.taboolib.common.platform.event.EventBus@410c9315, org.serverct.ersha.taboolib.module.kether.KetherLoader@71b06f94, org.serverct.ersha.taboolib.platform.compat.PlaceholderExpansion$PlaceholderRegister@206f6c42]} (LOAD)
[12:26:34] [Server thread/WARN]: 	at org.serverct.ersha.taboolib.common.inject.VisitorHandler.visitMethod(VisitorHandler.java:135)
[12:26:34] [Server thread/WARN]: 	at org.serverct.ersha.taboolib.common.inject.VisitorHandler.inject(VisitorHandler.java:103)
[12:26:34] [Server thread/WARN]: 	at org.serverct.ersha.taboolib.common.inject.VisitorHandler.injectAll(VisitorHandler.java:62)
[12:26:34] [Server thread/WARN]: 	at org.serverct.ersha.taboolib.common.TabooLibCommon.lifeCycle(TabooLibCommon.java:204)
[12:26:34] [Server thread/WARN]: 	at org.serverct.ersha.taboolib.common.TabooLibCommon.lifeCycle(TabooLibCommon.java:122)
[12:26:34] [Server thread/WARN]: 	at org.serverct.ersha.taboolib.platform.BukkitPlugin.onLoad(BukkitPlugin.java:98)
[12:26:34] [Server thread/WARN]: 	at org.bukkit.craftbukkit.v1_12_R1.CraftServer.loadPlugins(CraftServer.java:310)
[12:26:34] [Server thread/WARN]: 	at net.minecraft.server.v1_12_R1.DedicatedServer.init(DedicatedServer.java:205)
[12:26:34] [Server thread/WARN]: 	at net.minecraft.server.v1_12_R1.MinecraftServer.run(MinecraftServer.java:545)
[12:26:34] [Server thread/WARN]: 	at java.lang.Thread.run(Thread.java:750)
[12:26:34] [Server thread/WARN]: Caused by: java.lang.NoClassDefFoundError: com/mojang/datafixers/kinds/App
[12:26:34] [Server thread/WARN]: 	at org.serverct.ersha.taboolib.module.kether.KetherHelperKt.combinationParser(KetherHelper.kt:36)
[12:26:34] [Server thread/WARN]: 	at org.serverct.ersha.taboolib.module.kether.action.transform.ActionArray.actionArrayAddFirst(ActionArray.kt:86)
[12:26:34] [Server thread/WARN]: 	at java.lang.invoke.MethodHandle.invokeWithArguments(MethodHandle.java:627)
[12:26:34] [Server thread/WARN]: 	at org.serverct.ersha.taboolib.library.reflex.JavaClassMethod.invoke(JavaClassMethod.kt:31)
[12:26:34] [Server thread/WARN]: 	at org.serverct.ersha.taboolib.module.kether.KetherLoader.visit(KetherLoader.kt:25)
[12:26:34] [Server thread/WARN]: 	at org.serverct.ersha.taboolib.common.inject.VisitorHandler.visitMethod(VisitorHandler.java:133)
[12:26:34] [Server thread/WARN]: 	... 9 more
[12:26:34] [Server thread/WARN]: org.serverct.ersha.taboolib.common.inject.ClassVisitException: class org.serverct.ersha.taboolib.module.kether.action.transform.ActionArray#actionArrayRemoveFirst: VisitorGroup{priority=0, list=[AwakeFunction(lifeCycle=CONST), AwakeFunction(lifeCycle=INIT), AwakeFunction(lifeCycle=LOAD), AwakeFunction(lifeCycle=ENABLE), AwakeFunction(lifeCycle=ACTIVE), AwakeFunction(lifeCycle=DISABLE), org.serverct.ersha.taboolib.common.platform.command.SimpleCommandRegister@69c8c963, org.serverct.ersha.taboolib.common.platform.event.EventBus@410c9315, org.serverct.ersha.taboolib.module.kether.KetherLoader@71b06f94, org.serverct.ersha.taboolib.platform.compat.PlaceholderExpansion$PlaceholderRegister@206f6c42]} (LOAD)
[12:26:34] [Server thread/WARN]: 	at org.serverct.ersha.taboolib.common.inject.VisitorHandler.visitMethod(VisitorHandler.java:135)
[12:26:34] [Server thread/WARN]: 	at org.serverct.ersha.taboolib.common.inject.VisitorHandler.inject(VisitorHandler.java:103)
[12:26:34] [Server thread/WARN]: 	at org.serverct.ersha.taboolib.common.inject.VisitorHandler.injectAll(VisitorHandler.java:62)
[12:26:34] [Server thread/WARN]: 	at org.serverct.ersha.taboolib.common.TabooLibCommon.lifeCycle(TabooLibCommon.java:204)
[12:26:34] [Server thread/WARN]: 	at org.serverct.ersha.taboolib.common.TabooLibCommon.lifeCycle(TabooLibCommon.java:122)
[12:26:34] [Server thread/WARN]: 	at org.serverct.ersha.taboolib.platform.BukkitPlugin.onLoad(BukkitPlugin.java:98)
[12:26:34] [Server thread/WARN]: 	at org.bukkit.craftbukkit.v1_12_R1.CraftServer.loadPlugins(CraftServer.java:310)
[12:26:34] [Server thread/WARN]: 	at net.minecraft.server.v1_12_R1.DedicatedServer.init(DedicatedServer.java:205)
[12:26:34] [Server thread/WARN]: 	at net.minecraft.server.v1_12_R1.MinecraftServer.run(MinecraftServer.java:545)
[12:26:34] [Server thread/WARN]: 	at java.lang.Thread.run(Thread.java:750)
[12:26:34] [Server thread/WARN]: Caused by: java.lang.NoClassDefFoundError: com/mojang/datafixers/kinds/App
[12:26:34] [Server thread/WARN]: 	at org.serverct.ersha.taboolib.module.kether.KetherHelperKt.combinationParser(KetherHelper.kt:36)
[12:26:34] [Server thread/WARN]: 	at org.serverct.ersha.taboolib.module.kether.action.transform.ActionArray.actionArrayRemoveFirst(ActionArray.kt:113)
[12:26:34] [Server thread/WARN]: 	at java.lang.invoke.MethodHandle.invokeWithArguments(MethodHandle.java:627)
[12:26:34] [Server thread/WARN]: 	at org.serverct.ersha.taboolib.library.reflex.JavaClassMethod.invoke(JavaClassMethod.kt:31)
[12:26:34] [Server thread/WARN]: 	at org.serverct.ersha.taboolib.module.kether.KetherLoader.visit(KetherLoader.kt:25)
[12:26:34] [Server thread/WARN]: 	at org.serverct.ersha.taboolib.common.inject.VisitorHandler.visitMethod(VisitorHandler.java:133)
[12:26:34] [Server thread/WARN]: 	... 9 more
[12:26:34] [Server thread/WARN]: org.serverct.ersha.taboolib.common.inject.ClassVisitException: class org.serverct.ersha.taboolib.module.kether.action.transform.ActionMatcher#actionMatch: VisitorGroup{priority=0, list=[AwakeFunction(lifeCycle=CONST), AwakeFunction(lifeCycle=INIT), AwakeFunction(lifeCycle=LOAD), AwakeFunction(lifeCycle=ENABLE), AwakeFunction(lifeCycle=ACTIVE), AwakeFunction(lifeCycle=DISABLE), org.serverct.ersha.taboolib.common.platform.command.SimpleCommandRegister@69c8c963, org.serverct.ersha.taboolib.common.platform.event.EventBus@410c9315, org.serverct.ersha.taboolib.module.kether.KetherLoader@71b06f94, org.serverct.ersha.taboolib.platform.compat.PlaceholderExpansion$PlaceholderRegister@206f6c42]} (LOAD)
[12:26:34] [Server thread/WARN]: 	at org.serverct.ersha.taboolib.common.inject.VisitorHandler.visitMethod(VisitorHandler.java:135)
[12:26:34] [Server thread/WARN]: 	at org.serverct.ersha.taboolib.common.inject.VisitorHandler.inject(VisitorHandler.java:103)
[12:26:34] [Server thread/WARN]: 	at org.serverct.ersha.taboolib.common.inject.VisitorHandler.injectAll(VisitorHandler.java:62)
[12:26:34] [Server thread/WARN]: 	at org.serverct.ersha.taboolib.common.TabooLibCommon.lifeCycle(TabooLibCommon.java:204)
[12:26:34] [Server thread/WARN]: 	at org.serverct.ersha.taboolib.common.TabooLibCommon.lifeCycle(TabooLibCommon.java:122)
[12:26:34] [Server thread/WARN]: 	at org.serverct.ersha.taboolib.platform.BukkitPlugin.onLoad(BukkitPlugin.java:98)
[12:26:34] [Server thread/WARN]: 	at org.bukkit.craftbukkit.v1_12_R1.CraftServer.loadPlugins(CraftServer.java:310)
[12:26:34] [Server thread/WARN]: 	at net.minecraft.server.v1_12_R1.DedicatedServer.init(DedicatedServer.java:205)
[12:26:34] [Server thread/WARN]: 	at net.minecraft.server.v1_12_R1.MinecraftServer.run(MinecraftServer.java:545)
[12:26:34] [Server thread/WARN]: 	at java.lang.Thread.run(Thread.java:750)
[12:26:34] [Server thread/WARN]: Caused by: java.lang.NoClassDefFoundError: com/mojang/datafixers/kinds/App
[12:26:34] [Server thread/WARN]: 	at org.serverct.ersha.taboolib.module.kether.KetherHelperKt.combinationParser(KetherHelper.kt:36)
[12:26:34] [Server thread/WARN]: 	at org.serverct.ersha.taboolib.module.kether.action.transform.ActionMatcher.actionMatch(ActionMatcher.kt:18)
[12:26:34] [Server thread/WARN]: 	at java.lang.invoke.MethodHandle.invokeWithArguments(MethodHandle.java:627)
[12:26:34] [Server thread/WARN]: 	at org.serverct.ersha.taboolib.library.reflex.JavaClassMethod.invoke(JavaClassMethod.kt:31)
[12:26:34] [Server thread/WARN]: 	at org.serverct.ersha.taboolib.module.kether.KetherLoader.visit(KetherLoader.kt:25)
[12:26:34] [Server thread/WARN]: 	at org.serverct.ersha.taboolib.common.inject.VisitorHandler.visitMethod(VisitorHandler.java:133)
[12:26:34] [Server thread/WARN]: 	... 9 more
[12:26:34] [Server thread/WARN]: org.serverct.ersha.taboolib.common.inject.ClassVisitException: class org.serverct.ersha.taboolib.module.kether.action.transform.Actions#actionFunction: VisitorGroup{priority=0, list=[AwakeFunction(lifeCycle=CONST), AwakeFunction(lifeCycle=INIT), AwakeFunction(lifeCycle=LOAD), AwakeFunction(lifeCycle=ENABLE), AwakeFunction(lifeCycle=ACTIVE), AwakeFunction(lifeCycle=DISABLE), org.serverct.ersha.taboolib.common.platform.command.SimpleCommandRegister@69c8c963, org.serverct.ersha.taboolib.common.platform.event.EventBus@410c9315, org.serverct.ersha.taboolib.module.kether.KetherLoader@71b06f94, org.serverct.ersha.taboolib.platform.compat.PlaceholderExpansion$PlaceholderRegister@206f6c42]} (LOAD)
[12:26:34] [Server thread/WARN]: 	at org.serverct.ersha.taboolib.common.inject.VisitorHandler.visitMethod(VisitorHandler.java:135)
[12:26:34] [Server thread/WARN]: 	at org.serverct.ersha.taboolib.common.inject.VisitorHandler.inject(VisitorHandler.java:103)
[12:26:34] [Server thread/WARN]: 	at org.serverct.ersha.taboolib.common.inject.VisitorHandler.injectAll(VisitorHandler.java:62)
[12:26:34] [Server thread/WARN]: 	at org.serverct.ersha.taboolib.common.TabooLibCommon.lifeCycle(TabooLibCommon.java:204)
[12:26:34] [Server thread/WARN]: 	at org.serverct.ersha.taboolib.common.TabooLibCommon.lifeCycle(TabooLibCommon.java:122)
[12:26:34] [Server thread/WARN]: 	at org.serverct.ersha.taboolib.platform.BukkitPlugin.onLoad(BukkitPlugin.java:98)
[12:26:34] [Server thread/WARN]: 	at org.bukkit.craftbukkit.v1_12_R1.CraftServer.loadPlugins(CraftServer.java:310)
[12:26:34] [Server thread/WARN]: 	at net.minecraft.server.v1_12_R1.DedicatedServer.init(DedicatedServer.java:205)
[12:26:34] [Server thread/WARN]: 	at net.minecraft.server.v1_12_R1.MinecraftServer.run(MinecraftServer.java:545)
[12:26:34] [Server thread/WARN]: 	at java.lang.Thread.run(Thread.java:750)
[12:26:34] [Server thread/WARN]: Caused by: java.lang.NoClassDefFoundError: com/mojang/datafixers/kinds/App
[12:26:34] [Server thread/WARN]: 	at org.serverct.ersha.taboolib.module.kether.KetherHelperKt.combinationParser(KetherHelper.kt:36)
[12:26:34] [Server thread/WARN]: 	at org.serverct.ersha.taboolib.module.kether.action.transform.Actions.actionFunction(Actions.kt:72)
[12:26:34] [Server thread/WARN]: 	at java.lang.invoke.MethodHandle.invokeWithArguments(MethodHandle.java:627)
[12:26:34] [Server thread/WARN]: 	at org.serverct.ersha.taboolib.library.reflex.JavaClassMethod.invoke(JavaClassMethod.kt:31)
[12:26:34] [Server thread/WARN]: 	at org.serverct.ersha.taboolib.module.kether.KetherLoader.visit(KetherLoader.kt:25)
[12:26:34] [Server thread/WARN]: 	at org.serverct.ersha.taboolib.common.inject.VisitorHandler.visitMethod(VisitorHandler.java:133)
[12:26:34] [Server thread/WARN]: 	... 9 more
[12:26:34] [Server thread/WARN]: org.serverct.ersha.taboolib.common.inject.ClassVisitException: class org.serverct.ersha.taboolib.module.kether.action.transform.Actions#actionOptional: VisitorGroup{priority=0, list=[AwakeFunction(lifeCycle=CONST), AwakeFunction(lifeCycle=INIT), AwakeFunction(lifeCycle=LOAD), AwakeFunction(lifeCycle=ENABLE), AwakeFunction(lifeCycle=ACTIVE), AwakeFunction(lifeCycle=DISABLE), org.serverct.ersha.taboolib.common.platform.command.SimpleCommandRegister@69c8c963, org.serverct.ersha.taboolib.common.platform.event.EventBus@410c9315, org.serverct.ersha.taboolib.module.kether.KetherLoader@71b06f94, org.serverct.ersha.taboolib.platform.compat.PlaceholderExpansion$PlaceholderRegister@206f6c42]} (LOAD)
[12:26:34] [Server thread/WARN]: 	at org.serverct.ersha.taboolib.common.inject.VisitorHandler.visitMethod(VisitorHandler.java:135)
[12:26:34] [Server thread/WARN]: 	at org.serverct.ersha.taboolib.common.inject.VisitorHandler.inject(VisitorHandler.java:103)
[12:26:34] [Server thread/WARN]: 	at org.serverct.ersha.taboolib.common.inject.VisitorHandler.injectAll(VisitorHandler.java:62)
[12:26:34] [Server thread/WARN]: 	at org.serverct.ersha.taboolib.common.TabooLibCommon.lifeCycle(TabooLibCommon.java:204)
[12:26:34] [Server thread/WARN]: 	at org.serverct.ersha.taboolib.common.TabooLibCommon.lifeCycle(TabooLibCommon.java:122)
[12:26:34] [Server thread/WARN]: 	at org.serverct.ersha.taboolib.platform.BukkitPlugin.onLoad(BukkitPlugin.java:98)
[12:26:34] [Server thread/WARN]: 	at org.bukkit.craftbukkit.v1_12_R1.CraftServer.loadPlugins(CraftServer.java:310)
[12:26:34] [Server thread/WARN]: 	at net.minecraft.server.v1_12_R1.DedicatedServer.init(DedicatedServer.java:205)
[12:26:34] [Server thread/WARN]: 	at net.minecraft.server.v1_12_R1.MinecraftServer.run(MinecraftServer.java:545)
[12:26:34] [Server thread/WARN]: 	at java.lang.Thread.run(Thread.java:750)
[12:26:34] [Server thread/WARN]: Caused by: java.lang.NoClassDefFoundError: com/mojang/datafixers/kinds/App
[12:26:34] [Server thread/WARN]: 	at org.serverct.ersha.taboolib.module.kether.KetherHelperKt.combinationParser(KetherHelper.kt:36)
[12:26:34] [Server thread/WARN]: 	at org.serverct.ersha.taboolib.module.kether.action.transform.Actions.actionOptional(Actions.kt:82)
[12:26:34] [Server thread/WARN]: 	at java.lang.invoke.MethodHandle.invokeWithArguments(MethodHandle.java:627)
[12:26:34] [Server thread/WARN]: 	at org.serverct.ersha.taboolib.library.reflex.JavaClassMethod.invoke(JavaClassMethod.kt:31)
[12:26:34] [Server thread/WARN]: 	at org.serverct.ersha.taboolib.module.kether.KetherLoader.visit(KetherLoader.kt:25)
[12:26:34] [Server thread/WARN]: 	at org.serverct.ersha.taboolib.common.inject.VisitorHandler.visitMethod(VisitorHandler.java:133)
[12:26:34] [Server thread/WARN]: 	... 9 more
[12:26:34] [Server thread/WARN]: org.serverct.ersha.taboolib.common.inject.ClassVisitException: class org.serverct.ersha.taboolib.module.kether.action.transform.Actions#actionPrinted: VisitorGroup{priority=0, list=[AwakeFunction(lifeCycle=CONST), AwakeFunction(lifeCycle=INIT), AwakeFunction(lifeCycle=LOAD), AwakeFunction(lifeCycle=ENABLE), AwakeFunction(lifeCycle=ACTIVE), AwakeFunction(lifeCycle=DISABLE), org.serverct.ersha.taboolib.common.platform.command.SimpleCommandRegister@69c8c963, org.serverct.ersha.taboolib.common.platform.event.EventBus@410c9315, org.serverct.ersha.taboolib.module.kether.KetherLoader@71b06f94, org.serverct.ersha.taboolib.platform.compat.PlaceholderExpansion$PlaceholderRegister@206f6c42]} (LOAD)
[12:26:34] [Server thread/WARN]: 	at org.serverct.ersha.taboolib.common.inject.VisitorHandler.visitMethod(VisitorHandler.java:135)
[12:26:34] [Server thread/WARN]: 	at org.serverct.ersha.taboolib.common.inject.VisitorHandler.inject(VisitorHandler.java:103)
[12:26:34] [Server thread/WARN]: 	at org.serverct.ersha.taboolib.common.inject.VisitorHandler.injectAll(VisitorHandler.java:62)
[12:26:34] [Server thread/WARN]: 	at org.serverct.ersha.taboolib.common.TabooLibCommon.lifeCycle(TabooLibCommon.java:204)
[12:26:34] [Server thread/WARN]: 	at org.serverct.ersha.taboolib.common.TabooLibCommon.lifeCycle(TabooLibCommon.java:122)
[12:26:34] [Server thread/WARN]: 	at org.serverct.ersha.taboolib.platform.BukkitPlugin.onLoad(BukkitPlugin.java:98)
[12:26:34] [Server thread/WARN]: 	at org.bukkit.craftbukkit.v1_12_R1.CraftServer.loadPlugins(CraftServer.java:310)
[12:26:34] [Server thread/WARN]: 	at net.minecraft.server.v1_12_R1.DedicatedServer.init(DedicatedServer.java:205)
[12:26:34] [Server thread/WARN]: 	at net.minecraft.server.v1_12_R1.MinecraftServer.run(MinecraftServer.java:545)
[12:26:34] [Server thread/WARN]: 	at java.lang.Thread.run(Thread.java:750)
[12:26:34] [Server thread/WARN]: Caused by: java.lang.NoClassDefFoundError: com/mojang/datafixers/kinds/App
[12:26:34] [Server thread/WARN]: 	at org.serverct.ersha.taboolib.module.kether.KetherHelperKt.combinationParser(KetherHelper.kt:36)
[12:26:34] [Server thread/WARN]: 	at org.serverct.ersha.taboolib.module.kether.action.transform.Actions.actionPrinted(Actions.kt:51)
[12:26:34] [Server thread/WARN]: 	at java.lang.invoke.MethodHandle.invokeWithArguments(MethodHandle.java:627)
[12:26:34] [Server thread/WARN]: 	at org.serverct.ersha.taboolib.library.reflex.JavaClassMethod.invoke(JavaClassMethod.kt:31)
[12:26:34] [Server thread/WARN]: 	at org.serverct.ersha.taboolib.module.kether.KetherLoader.visit(KetherLoader.kt:25)
[12:26:34] [Server thread/WARN]: 	at org.serverct.ersha.taboolib.common.inject.VisitorHandler.visitMethod(VisitorHandler.java:133)
[12:26:34] [Server thread/WARN]: 	... 9 more
[12:26:34] [Server thread/WARN]: org.serverct.ersha.taboolib.common.inject.ClassVisitException: class org.serverct.ersha.taboolib.module.kether.action.transform.Actions#actionCheck: VisitorGroup{priority=0, list=[AwakeFunction(lifeCycle=CONST), AwakeFunction(lifeCycle=INIT), AwakeFunction(lifeCycle=LOAD), AwakeFunction(lifeCycle=ENABLE), AwakeFunction(lifeCycle=ACTIVE), AwakeFunction(lifeCycle=DISABLE), org.serverct.ersha.taboolib.common.platform.command.SimpleCommandRegister@69c8c963, org.serverct.ersha.taboolib.common.platform.event.EventBus@410c9315, org.serverct.ersha.taboolib.module.kether.KetherLoader@71b06f94, org.serverct.ersha.taboolib.platform.compat.PlaceholderExpansion$PlaceholderRegister@206f6c42]} (LOAD)
[12:26:34] [Server thread/WARN]: 	at org.serverct.ersha.taboolib.common.inject.VisitorHandler.visitMethod(VisitorHandler.java:135)
[12:26:34] [Server thread/WARN]: 	at org.serverct.ersha.taboolib.common.inject.VisitorHandler.inject(VisitorHandler.java:103)
[12:26:34] [Server thread/WARN]: 	at org.serverct.ersha.taboolib.common.inject.VisitorHandler.injectAll(VisitorHandler.java:62)
[12:26:34] [Server thread/WARN]: 	at org.serverct.ersha.taboolib.common.TabooLibCommon.lifeCycle(TabooLibCommon.java:204)
[12:26:34] [Server thread/WARN]: 	at org.serverct.ersha.taboolib.common.TabooLibCommon.lifeCycle(TabooLibCommon.java:122)
[12:26:34] [Server thread/WARN]: 	at org.serverct.ersha.taboolib.platform.BukkitPlugin.onLoad(BukkitPlugin.java:98)
[12:26:34] [Server thread/WARN]: 	at org.bukkit.craftbukkit.v1_12_R1.CraftServer.loadPlugins(CraftServer.java:310)
[12:26:34] [Server thread/WARN]: 	at net.minecraft.server.v1_12_R1.DedicatedServer.init(DedicatedServer.java:205)
[12:26:34] [Server thread/WARN]: 	at net.minecraft.server.v1_12_R1.MinecraftServer.run(MinecraftServer.java:545)
[12:26:34] [Server thread/WARN]: 	at java.lang.Thread.run(Thread.java:750)
[12:26:34] [Server thread/WARN]: Caused by: java.lang.NoClassDefFoundError: com/mojang/datafixers/kinds/App
[12:26:34] [Server thread/WARN]: 	at org.serverct.ersha.taboolib.module.kether.KetherHelperKt.combinationParser(KetherHelper.kt:36)
[12:26:34] [Server thread/WARN]: 	at org.serverct.ersha.taboolib.module.kether.action.transform.Actions.actionCheck(Actions.kt:61)
[12:26:34] [Server thread/WARN]: 	at java.lang.invoke.MethodHandle.invokeWithArguments(MethodHandle.java:627)
[12:26:34] [Server thread/WARN]: 	at org.serverct.ersha.taboolib.library.reflex.JavaClassMethod.invoke(JavaClassMethod.kt:31)
[12:26:34] [Server thread/WARN]: 	at org.serverct.ersha.taboolib.module.kether.KetherLoader.visit(KetherLoader.kt:25)
[12:26:34] [Server thread/WARN]: 	at org.serverct.ersha.taboolib.common.inject.VisitorHandler.visitMethod(VisitorHandler.java:133)
[12:26:34] [Server thread/WARN]: 	... 9 more
[12:26:34] [Server thread/WARN]: org.serverct.ersha.taboolib.common.inject.ClassVisitException: class org.serverct.ersha.taboolib.module.kether.action.transform.Actions#actionRound: VisitorGroup{priority=0, list=[AwakeFunction(lifeCycle=CONST), AwakeFunction(lifeCycle=INIT), AwakeFunction(lifeCycle=LOAD), AwakeFunction(lifeCycle=ENABLE), AwakeFunction(lifeCycle=ACTIVE), AwakeFunction(lifeCycle=DISABLE), org.serverct.ersha.taboolib.common.platform.command.SimpleCommandRegister@69c8c963, org.serverct.ersha.taboolib.common.platform.event.EventBus@410c9315, org.serverct.ersha.taboolib.module.kether.KetherLoader@71b06f94, org.serverct.ersha.taboolib.platform.compat.PlaceholderExpansion$PlaceholderRegister@206f6c42]} (LOAD)
[12:26:34] [Server thread/WARN]: 	at org.serverct.ersha.taboolib.common.inject.VisitorHandler.visitMethod(VisitorHandler.java:135)
[12:26:34] [Server thread/WARN]: 	at org.serverct.ersha.taboolib.common.inject.VisitorHandler.inject(VisitorHandler.java:103)
[12:26:34] [Server thread/WARN]: 	at org.serverct.ersha.taboolib.common.inject.VisitorHandler.injectAll(VisitorHandler.java:62)
[12:26:34] [Server thread/WARN]: 	at org.serverct.ersha.taboolib.common.TabooLibCommon.lifeCycle(TabooLibCommon.java:204)
[12:26:34] [Server thread/WARN]: 	at org.serverct.ersha.taboolib.common.TabooLibCommon.lifeCycle(TabooLibCommon.java:122)
[12:26:34] [Server thread/WARN]: 	at org.serverct.ersha.taboolib.platform.BukkitPlugin.onLoad(BukkitPlugin.java:98)
[12:26:34] [Server thread/WARN]: 	at org.bukkit.craftbukkit.v1_12_R1.CraftServer.loadPlugins(CraftServer.java:310)
[12:26:34] [Server thread/WARN]: 	at net.minecraft.server.v1_12_R1.DedicatedServer.init(DedicatedServer.java:205)
[12:26:34] [Server thread/WARN]: 	at net.minecraft.server.v1_12_R1.MinecraftServer.run(MinecraftServer.java:545)
[12:26:34] [Server thread/WARN]: 	at java.lang.Thread.run(Thread.java:750)
[12:26:34] [Server thread/WARN]: Caused by: java.lang.NoClassDefFoundError: com/mojang/datafixers/kinds/App
[12:26:34] [Server thread/WARN]: 	at org.serverct.ersha.taboolib.module.kether.KetherHelperKt.combinationParser(KetherHelper.kt:36)
[12:26:34] [Server thread/WARN]: 	at org.serverct.ersha.taboolib.module.kether.action.transform.Actions.actionRound(Actions.kt:23)
[12:26:34] [Server thread/WARN]: 	at java.lang.invoke.MethodHandle.invokeWithArguments(MethodHandle.java:627)
[12:26:34] [Server thread/WARN]: 	at org.serverct.ersha.taboolib.library.reflex.JavaClassMethod.invoke(JavaClassMethod.kt:31)
[12:26:34] [Server thread/WARN]: 	at org.serverct.ersha.taboolib.module.kether.KetherLoader.visit(KetherLoader.kt:25)
[12:26:34] [Server thread/WARN]: 	at org.serverct.ersha.taboolib.common.inject.VisitorHandler.visitMethod(VisitorHandler.java:133)
[12:26:34] [Server thread/WARN]: 	... 9 more
[12:26:34] [Server thread/WARN]: org.serverct.ersha.taboolib.common.inject.ClassVisitException: class org.serverct.ersha.taboolib.module.kether.action.transform.Actions#actionFormat: VisitorGroup{priority=0, list=[AwakeFunction(lifeCycle=CONST), AwakeFunction(lifeCycle=INIT), AwakeFunction(lifeCycle=LOAD), AwakeFunction(lifeCycle=ENABLE), AwakeFunction(lifeCycle=ACTIVE), AwakeFunction(lifeCycle=DISABLE), org.serverct.ersha.taboolib.common.platform.command.SimpleCommandRegister@69c8c963, org.serverct.ersha.taboolib.common.platform.event.EventBus@410c9315, org.serverct.ersha.taboolib.module.kether.KetherLoader@71b06f94, org.serverct.ersha.taboolib.platform.compat.PlaceholderExpansion$PlaceholderRegister@206f6c42]} (LOAD)
[12:26:34] [Server thread/WARN]: 	at org.serverct.ersha.taboolib.common.inject.VisitorHandler.visitMethod(VisitorHandler.java:135)
[12:26:34] [Server thread/WARN]: 	at org.serverct.ersha.taboolib.common.inject.VisitorHandler.inject(VisitorHandler.java:103)
[12:26:34] [Server thread/WARN]: 	at org.serverct.ersha.taboolib.common.inject.VisitorHandler.injectAll(VisitorHandler.java:62)
[12:26:34] [Server thread/WARN]: 	at org.serverct.ersha.taboolib.common.TabooLibCommon.lifeCycle(TabooLibCommon.java:204)
[12:26:34] [Server thread/WARN]: 	at org.serverct.ersha.taboolib.common.TabooLibCommon.lifeCycle(TabooLibCommon.java:122)
[12:26:34] [Server thread/WARN]: 	at org.serverct.ersha.taboolib.platform.BukkitPlugin.onLoad(BukkitPlugin.java:98)
[12:26:34] [Server thread/WARN]: 	at org.bukkit.craftbukkit.v1_12_R1.CraftServer.loadPlugins(CraftServer.java:310)
[12:26:34] [Server thread/WARN]: 	at net.minecraft.server.v1_12_R1.DedicatedServer.init(DedicatedServer.java:205)
[12:26:34] [Server thread/WARN]: 	at net.minecraft.server.v1_12_R1.MinecraftServer.run(MinecraftServer.java:545)
[12:26:34] [Server thread/WARN]: 	at java.lang.Thread.run(Thread.java:750)
[12:26:34] [Server thread/WARN]: Caused by: java.lang.NoClassDefFoundError: com/mojang/datafixers/kinds/App
[12:26:34] [Server thread/WARN]: 	at org.serverct.ersha.taboolib.module.kether.KetherHelperKt.combinationParser(KetherHelper.kt:36)
[12:26:34] [Server thread/WARN]: 	at org.serverct.ersha.taboolib.module.kether.action.transform.Actions.actionFormat(Actions.kt:41)
[12:26:34] [Server thread/WARN]: 	at java.lang.invoke.MethodHandle.invokeWithArguments(MethodHandle.java:627)
[12:26:34] [Server thread/WARN]: 	at org.serverct.ersha.taboolib.library.reflex.JavaClassMethod.invoke(JavaClassMethod.kt:31)
[12:26:34] [Server thread/WARN]: 	at org.serverct.ersha.taboolib.module.kether.KetherLoader.visit(KetherLoader.kt:25)
[12:26:34] [Server thread/WARN]: 	at org.serverct.ersha.taboolib.common.inject.VisitorHandler.visitMethod(VisitorHandler.java:133)
[12:26:34] [Server thread/WARN]: 	... 9 more
[12:26:34] [Server thread/WARN]: org.serverct.ersha.taboolib.common.inject.ClassVisitException: class org.serverct.ersha.taboolib.module.kether.action.transform.Actions#actionRange: VisitorGroup{priority=0, list=[AwakeFunction(lifeCycle=CONST), AwakeFunction(lifeCycle=INIT), AwakeFunction(lifeCycle=LOAD), AwakeFunction(lifeCycle=ENABLE), AwakeFunction(lifeCycle=ACTIVE), AwakeFunction(lifeCycle=DISABLE), org.serverct.ersha.taboolib.common.platform.command.SimpleCommandRegister@69c8c963, org.serverct.ersha.taboolib.common.platform.event.EventBus@410c9315, org.serverct.ersha.taboolib.module.kether.KetherLoader@71b06f94, org.serverct.ersha.taboolib.platform.compat.PlaceholderExpansion$PlaceholderRegister@206f6c42]} (LOAD)
[12:26:34] [Server thread/WARN]: 	at org.serverct.ersha.taboolib.common.inject.VisitorHandler.visitMethod(VisitorHandler.java:135)
[12:26:34] [Server thread/WARN]: 	at org.serverct.ersha.taboolib.common.inject.VisitorHandler.inject(VisitorHandler.java:103)
[12:26:34] [Server thread/WARN]: 	at org.serverct.ersha.taboolib.common.inject.VisitorHandler.injectAll(VisitorHandler.java:62)
[12:26:34] [Server thread/WARN]: 	at org.serverct.ersha.taboolib.common.TabooLibCommon.lifeCycle(TabooLibCommon.java:204)
[12:26:34] [Server thread/WARN]: 	at org.serverct.ersha.taboolib.common.TabooLibCommon.lifeCycle(TabooLibCommon.java:122)
[12:26:34] [Server thread/WARN]: 	at org.serverct.ersha.taboolib.platform.BukkitPlugin.onLoad(BukkitPlugin.java:98)
[12:26:34] [Server thread/WARN]: 	at org.bukkit.craftbukkit.v1_12_R1.CraftServer.loadPlugins(CraftServer.java:310)
[12:26:34] [Server thread/WARN]: 	at net.minecraft.server.v1_12_R1.DedicatedServer.init(DedicatedServer.java:205)
[12:26:34] [Server thread/WARN]: 	at net.minecraft.server.v1_12_R1.MinecraftServer.run(MinecraftServer.java:545)
[12:26:34] [Server thread/WARN]: 	at java.lang.Thread.run(Thread.java:750)
[12:26:34] [Server thread/WARN]: Caused by: java.lang.NoClassDefFoundError: com/mojang/datafixers/kinds/App
[12:26:34] [Server thread/WARN]: 	at org.serverct.ersha.taboolib.module.kether.KetherHelperKt.combinationParser(KetherHelper.kt:36)
[12:26:34] [Server thread/WARN]: 	at org.serverct.ersha.taboolib.module.kether.action.transform.Actions.actionRange(Actions.kt:98)
[12:26:34] [Server thread/WARN]: 	at java.lang.invoke.MethodHandle.invokeWithArguments(MethodHandle.java:627)
[12:26:34] [Server thread/WARN]: 	at org.serverct.ersha.taboolib.library.reflex.JavaClassMethod.invoke(JavaClassMethod.kt:31)
[12:26:34] [Server thread/WARN]: 	at org.serverct.ersha.taboolib.module.kether.KetherLoader.visit(KetherLoader.kt:25)
[12:26:34] [Server thread/WARN]: 	at org.serverct.ersha.taboolib.common.inject.VisitorHandler.visitMethod(VisitorHandler.java:133)
[12:26:34] [Server thread/WARN]: 	... 9 more
[12:26:34] [Server thread/WARN]: org.serverct.ersha.taboolib.common.inject.ClassVisitException: class org.serverct.ersha.taboolib.module.kether.action.transform.Actions#actionScale: VisitorGroup{priority=0, list=[AwakeFunction(lifeCycle=CONST), AwakeFunction(lifeCycle=INIT), AwakeFunction(lifeCycle=LOAD), AwakeFunction(lifeCycle=ENABLE), AwakeFunction(lifeCycle=ACTIVE), AwakeFunction(lifeCycle=DISABLE), org.serverct.ersha.taboolib.common.platform.command.SimpleCommandRegister@69c8c963, org.serverct.ersha.taboolib.common.platform.event.EventBus@410c9315, org.serverct.ersha.taboolib.module.kether.KetherLoader@71b06f94, org.serverct.ersha.taboolib.platform.compat.PlaceholderExpansion$PlaceholderRegister@206f6c42]} (LOAD)
[12:26:34] [Server thread/WARN]: 	at org.serverct.ersha.taboolib.common.inject.VisitorHandler.visitMethod(VisitorHandler.java:135)
[12:26:34] [Server thread/WARN]: 	at org.serverct.ersha.taboolib.common.inject.VisitorHandler.inject(VisitorHandler.java:103)
[12:26:34] [Server thread/WARN]: 	at org.serverct.ersha.taboolib.common.inject.VisitorHandler.injectAll(VisitorHandler.java:62)
[12:26:34] [Server thread/WARN]: 	at org.serverct.ersha.taboolib.common.TabooLibCommon.lifeCycle(TabooLibCommon.java:204)
[12:26:34] [Server thread/WARN]: 	at org.serverct.ersha.taboolib.common.TabooLibCommon.lifeCycle(TabooLibCommon.java:122)
[12:26:34] [Server thread/WARN]: 	at org.serverct.ersha.taboolib.platform.BukkitPlugin.onLoad(BukkitPlugin.java:98)
[12:26:34] [Server thread/WARN]: 	at org.bukkit.craftbukkit.v1_12_R1.CraftServer.loadPlugins(CraftServer.java:310)
[12:26:34] [Server thread/WARN]: 	at net.minecraft.server.v1_12_R1.DedicatedServer.init(DedicatedServer.java:205)
[12:26:34] [Server thread/WARN]: 	at net.minecraft.server.v1_12_R1.MinecraftServer.run(MinecraftServer.java:545)
[12:26:34] [Server thread/WARN]: 	at java.lang.Thread.run(Thread.java:750)
[12:26:34] [Server thread/WARN]: Caused by: java.lang.NoClassDefFoundError: com/mojang/datafixers/kinds/App
[12:26:34] [Server thread/WARN]: 	at org.serverct.ersha.taboolib.module.kether.KetherHelperKt.combinationParser(KetherHelper.kt:36)
[12:26:34] [Server thread/WARN]: 	at org.serverct.ersha.taboolib.module.kether.action.transform.Actions.actionScale(Actions.kt:15)
[12:26:34] [Server thread/WARN]: 	at java.lang.invoke.MethodHandle.invokeWithArguments(MethodHandle.java:627)
[12:26:34] [Server thread/WARN]: 	at org.serverct.ersha.taboolib.library.reflex.JavaClassMethod.invoke(JavaClassMethod.kt:31)
[12:26:34] [Server thread/WARN]: 	at org.serverct.ersha.taboolib.module.kether.KetherLoader.visit(KetherLoader.kt:25)
[12:26:34] [Server thread/WARN]: 	at org.serverct.ersha.taboolib.common.inject.VisitorHandler.visitMethod(VisitorHandler.java:133)
[12:26:34] [Server thread/WARN]: 	... 9 more
[12:26:34] [Server thread/WARN]: org.serverct.ersha.taboolib.common.inject.ClassVisitException: class org.serverct.ersha.taboolib.module.kether.action.transform.Actions#actionSplit: VisitorGroup{priority=0, list=[AwakeFunction(lifeCycle=CONST), AwakeFunction(lifeCycle=INIT), AwakeFunction(lifeCycle=LOAD), AwakeFunction(lifeCycle=ENABLE), AwakeFunction(lifeCycle=ACTIVE), AwakeFunction(lifeCycle=DISABLE), org.serverct.ersha.taboolib.common.platform.command.SimpleCommandRegister@69c8c963, org.serverct.ersha.taboolib.common.platform.event.EventBus@410c9315, org.serverct.ersha.taboolib.module.kether.KetherLoader@71b06f94, org.serverct.ersha.taboolib.platform.compat.PlaceholderExpansion$PlaceholderRegister@206f6c42]} (LOAD)
[12:26:34] [Server thread/WARN]: 	at org.serverct.ersha.taboolib.common.inject.VisitorHandler.visitMethod(VisitorHandler.java:135)
[12:26:34] [Server thread/WARN]: 	at org.serverct.ersha.taboolib.common.inject.VisitorHandler.inject(VisitorHandler.java:103)
[12:26:34] [Server thread/WARN]: 	at org.serverct.ersha.taboolib.common.inject.VisitorHandler.injectAll(VisitorHandler.java:62)
[12:26:34] [Server thread/WARN]: 	at org.serverct.ersha.taboolib.common.TabooLibCommon.lifeCycle(TabooLibCommon.java:204)
[12:26:34] [Server thread/WARN]: 	at org.serverct.ersha.taboolib.common.TabooLibCommon.lifeCycle(TabooLibCommon.java:122)
[12:26:34] [Server thread/WARN]: 	at org.serverct.ersha.taboolib.platform.BukkitPlugin.onLoad(BukkitPlugin.java:98)
[12:26:34] [Server thread/WARN]: 	at org.bukkit.craftbukkit.v1_12_R1.CraftServer.loadPlugins(CraftServer.java:310)
[12:26:34] [Server thread/WARN]: 	at net.minecraft.server.v1_12_R1.DedicatedServer.init(DedicatedServer.java:205)
[12:26:34] [Server thread/WARN]: 	at net.minecraft.server.v1_12_R1.MinecraftServer.run(MinecraftServer.java:545)
[12:26:34] [Server thread/WARN]: 	at java.lang.Thread.run(Thread.java:750)
[12:26:34] [Server thread/WARN]: Caused by: java.lang.NoClassDefFoundError: com/mojang/datafixers/kinds/App
[12:26:34] [Server thread/WARN]: 	at org.serverct.ersha.taboolib.module.kether.KetherHelperKt.combinationParser(KetherHelper.kt:36)
[12:26:34] [Server thread/WARN]: 	at org.serverct.ersha.taboolib.module.kether.action.transform.Actions.actionSplit(Actions.kt:31)
[12:26:34] [Server thread/WARN]: 	at java.lang.invoke.MethodHandle.invokeWithArguments(MethodHandle.java:627)
[12:26:34] [Server thread/WARN]: 	at org.serverct.ersha.taboolib.library.reflex.JavaClassMethod.invoke(JavaClassMethod.kt:31)
[12:26:34] [Server thread/WARN]: 	at org.serverct.ersha.taboolib.module.kether.KetherLoader.visit(KetherLoader.kt:25)
[12:26:34] [Server thread/WARN]: 	at org.serverct.ersha.taboolib.common.inject.VisitorHandler.visitMethod(VisitorHandler.java:133)
[12:26:34] [Server thread/WARN]: 	... 9 more
[12:26:34] [Server thread/INFO]: [MythicMobsExtension] Loading MythicMobsExtension v1.738c-SNAPSHOT
[12:26:34] [Server thread/INFO]: [DragonCore] Loading DragonCore v2.6.2.9
[12:26:34] [Server thread/INFO]: [Vault] Enabling Vault v1.6.7-b${env.TRAVIS_BUILD_NUMBER}
[12:26:34] [Server thread/INFO]: [Vault] [Economy] Essentials Economy found: Waiting
[12:26:34] [Server thread/INFO]: [Vault] [Permission] GroupManager found: Waiting
[12:26:34] [Server thread/INFO]: [Vault] [Permission] SuperPermissions loaded as backup permission system.
[12:26:34] [Server thread/INFO]: [Vault] [Chat] GroupManager found: Waiting
[12:26:34] [Server thread/INFO]: [Vault] Enabled Version 1.6.7-b${env.TRAVIS_BUILD_NUMBER}
[12:26:34] [Server thread/INFO]: [ProtocolLib] Enabling ProtocolLib v4.3.0
[12:26:34] [Server thread/INFO]: [ProtocolLib] Started structure compiler thread.
[12:26:34] [Server thread/INFO]: [PlotMe] Enabling PlotMe v0.16.3
[12:26:34] [Server thread/WARN]: [PlotMe] This MC version is not supported yet, trying latest version!
[12:26:35] [Server thread/INFO]: [ColorMOTD] Enabling ColorMOTD v1.5.3
[12:26:35] [Server thread/INFO]: [ColorMOTD] ©¿ π”√ ProtocolLib 4.3.0 ◊˜Œ™«∞÷√
[12:26:35] [Server thread/INFO]: [ColorMOTD] ©¶©¿’˝‘⁄‘ÿ»Î≈‰÷√Œƒº˛..
[12:26:35] [Server thread/INFO]: [ColorMOTD] ©¶©¿≈‰÷√Œƒº˛±‡¬ÎŒ™UTF-8...
[12:26:35] [Server thread/INFO]: [ColorMOTD] ©¶©¿’˝‘⁄º”‘ÿÕº±Í...
[12:26:35] [Server thread/INFO]: [ColorMOTD] ©¶©¶©¿≥…π¶º”‘ÿÕº±Í"1.png"
[12:26:35] [Server thread/INFO]: [ColorMOTD] ©¶©¶©¿≥…π¶º”‘ÿÕº±Í"2.png"
[12:26:35] [Server thread/INFO]: [ColorMOTD] ©¶©¶©¿≥…π¶º”‘ÿÕº±Í"3.png"
[12:26:35] [Server thread/INFO]: [ColorMOTD] ©¶©¶©¿≥…π¶º”‘ÿŒ¨ª§ƒ£ Ωœ¬µƒÕº±Í
[12:26:35] [Server thread/INFO]: [ColorMOTD] ©¶©¿‘ÿ»Î≥…π¶
[12:26:35] [Server thread/INFO]: [ColorMOTD] ©¶©¿»Ì«∞÷√º”‘ÿ...
[12:26:35] [Server thread/INFO]: [ColorMOTD] ©¶©¿’“µΩEssentials,Ω®¡¢¡¨Ω”...
[12:26:35] [Server thread/INFO]: [ColorMOTD] ©¿’˝‘⁄◊¢≤·MOTDº‡Ã˝∆˜...
[12:26:35] [Server thread/INFO]: ColorMOTD v1.5.3º”‘ÿÕÍ≥…,”√ ±128∫¡√Î
[12:26:35] [Server thread/INFO]: [PlotMe-DefaultGenerator] Enabling PlotMe-DefaultGenerator v0.16.1
[12:26:35] [Server thread/INFO]: [PlotMe-DefaultGenerator] PlotMe
[12:26:35] [Server thread/INFO]: [PlotMe-DefaultGenerator] PlotMe-DefaultGenerator
[12:26:35] [Server thread/INFO]: [PlotMe-DefaultGenerator] No old PlotMe configs to import.
[12:26:35] [Server thread/WARN]: **** SERVER IS RUNNING IN OFFLINE/INSECURE MODE!
[12:26:35] [Server thread/WARN]: The server will make no attempt to authenticate usernames. Beware.
[12:26:35] [Server thread/WARN]: While this makes the game possible to play without internet access, it also opens up the ability for hackers to connect with any username they choose.
[12:26:35] [Server thread/WARN]: To change this, set "online-mode" to "true" in the server.properties file.
[12:26:35] [Server thread/INFO]: **** Beginning UUID conversion, this may take A LONG time ****
[12:26:35] [Server thread/INFO]: Preparing level "world"
[12:26:35] [Server thread/INFO]: -------- World Settings For [world] --------
[12:26:35] [Server thread/INFO]: Arrow Despawn Rate: 1200
[12:26:35] [Server thread/INFO]: Item Despawn Rate: 6000
[12:26:35] [Server thread/INFO]: Item Merge Radius: 2.5
[12:26:35] [Server thread/INFO]: Experience Merge Radius: 3.0
[12:26:35] [Server thread/INFO]: Allow Zombie Pigmen to spawn from portal blocks: true
[12:26:35] [Server thread/INFO]: View Distance: 10
[12:26:35] [Server thread/INFO]: Zombie Aggressive Towards Villager: true
[12:26:35] [Server thread/INFO]: Custom Map Seeds:  Village: 10387312 Feature: 14357617 Monument: 10387313 Slime: 987234911
[12:26:35] [Server thread/INFO]: Nerfing mobs spawned from spawners: false
[12:26:35] [Server thread/INFO]: Mob Spawn Range: 4
[12:26:35] [Server thread/INFO]: Entity Activation Range: An 32 / Mo 32 / Mi 16 / Tiv true
[12:26:35] [Server thread/INFO]: Hopper Transfer: 8 Hopper Check: 1 Hopper Amount: 1
[12:26:35] [Server thread/INFO]: Entity Tracking Range: Pl 48 / An 48 / Mo 48 / Mi 32 / Other 64
[12:26:35] [Server thread/INFO]: Random Lighting Updates: false
[12:26:35] [Server thread/INFO]: Structure Info Saving: true
[12:26:35] [Server thread/INFO]: Cactus Growth Modifier: 100%
[12:26:35] [Server thread/INFO]: Cane Growth Modifier: 100%
[12:26:35] [Server thread/INFO]: Melon Growth Modifier: 100%
[12:26:35] [Server thread/INFO]: Mushroom Growth Modifier: 100%
[12:26:35] [Server thread/INFO]: Pumpkin Growth Modifier: 100%
[12:26:35] [Server thread/INFO]: Sapling Growth Modifier: 100%
[12:26:35] [Server thread/INFO]: Wheat Growth Modifier: 100%
[12:26:35] [Server thread/INFO]: NetherWart Growth Modifier: 100%
[12:26:35] [Server thread/INFO]: Vine Growth Modifier: 100%
[12:26:35] [Server thread/INFO]: Cocoa Growth Modifier: 100%
[12:26:35] [Server thread/INFO]: Max TNT Explosions: 100
[12:26:35] [Server thread/INFO]: Tile Max Tick Time: 50ms Entity max Tick Time: 50ms
[12:26:35] [Server thread/INFO]: -------- World Settings For [world_nether] --------
[12:26:35] [Server thread/INFO]: Arrow Despawn Rate: 1200
[12:26:35] [Server thread/INFO]: Item Despawn Rate: 6000
[12:26:35] [Server thread/INFO]: Item Merge Radius: 2.5
[12:26:35] [Server thread/INFO]: Experience Merge Radius: 3.0
[12:26:35] [Server thread/INFO]: Allow Zombie Pigmen to spawn from portal blocks: true
[12:26:35] [Server thread/INFO]: View Distance: 10
[12:26:35] [Server thread/INFO]: Zombie Aggressive Towards Villager: true
[12:26:35] [Server thread/INFO]: Custom Map Seeds:  Village: 10387312 Feature: 14357617 Monument: 10387313 Slime: 987234911
[12:26:35] [Server thread/INFO]: Nerfing mobs spawned from spawners: false
[12:26:35] [Server thread/INFO]: Mob Spawn Range: 4
[12:26:35] [Server thread/INFO]: Entity Activation Range: An 32 / Mo 32 / Mi 16 / Tiv true
[12:26:35] [Server thread/INFO]: Hopper Transfer: 8 Hopper Check: 1 Hopper Amount: 1
[12:26:35] [Server thread/INFO]: Entity Tracking Range: Pl 48 / An 48 / Mo 48 / Mi 32 / Other 64
[12:26:35] [Server thread/INFO]: Random Lighting Updates: false
[12:26:35] [Server thread/INFO]: Structure Info Saving: true
[12:26:35] [Server thread/INFO]: Cactus Growth Modifier: 100%
[12:26:35] [Server thread/INFO]: Cane Growth Modifier: 100%
[12:26:35] [Server thread/INFO]: Melon Growth Modifier: 100%
[12:26:35] [Server thread/INFO]: Mushroom Growth Modifier: 100%
[12:26:35] [Server thread/INFO]: Pumpkin Growth Modifier: 100%
[12:26:35] [Server thread/INFO]: Sapling Growth Modifier: 100%
[12:26:35] [Server thread/INFO]: Wheat Growth Modifier: 100%
[12:26:35] [Server thread/INFO]: NetherWart Growth Modifier: 100%
[12:26:35] [Server thread/INFO]: Vine Growth Modifier: 100%
[12:26:35] [Server thread/INFO]: Cocoa Growth Modifier: 100%
[12:26:35] [Server thread/INFO]: Max TNT Explosions: 100
[12:26:35] [Server thread/INFO]: Tile Max Tick Time: 50ms Entity max Tick Time: 50ms
[12:26:35] [Server thread/INFO]: -------- World Settings For [world_the_end] --------
[12:26:35] [Server thread/INFO]: Arrow Despawn Rate: 1200
[12:26:35] [Server thread/INFO]: Item Despawn Rate: 6000
[12:26:35] [Server thread/INFO]: Item Merge Radius: 2.5
[12:26:35] [Server thread/INFO]: Experience Merge Radius: 3.0
[12:26:35] [Server thread/INFO]: Allow Zombie Pigmen to spawn from portal blocks: true
[12:26:35] [Server thread/INFO]: View Distance: 10
[12:26:35] [Server thread/INFO]: Zombie Aggressive Towards Villager: true
[12:26:35] [Server thread/INFO]: Custom Map Seeds:  Village: 10387312 Feature: 14357617 Monument: 10387313 Slime: 987234911
[12:26:35] [Server thread/INFO]: Nerfing mobs spawned from spawners: false
[12:26:35] [Server thread/INFO]: Mob Spawn Range: 4
[12:26:35] [Server thread/INFO]: Entity Activation Range: An 32 / Mo 32 / Mi 16 / Tiv true
[12:26:35] [Server thread/INFO]: Hopper Transfer: 8 Hopper Check: 1 Hopper Amount: 1
[12:26:35] [Server thread/INFO]: Entity Tracking Range: Pl 48 / An 48 / Mo 48 / Mi 32 / Other 64
[12:26:35] [Server thread/INFO]: Random Lighting Updates: false
[12:26:35] [Server thread/INFO]: Structure Info Saving: true
[12:26:35] [Server thread/INFO]: Cactus Growth Modifier: 100%
[12:26:35] [Server thread/INFO]: Cane Growth Modifier: 100%
[12:26:35] [Server thread/INFO]: Melon Growth Modifier: 100%
[12:26:35] [Server thread/INFO]: Mushroom Growth Modifier: 100%
[12:26:35] [Server thread/INFO]: Pumpkin Growth Modifier: 100%
[12:26:35] [Server thread/INFO]: Sapling Growth Modifier: 100%
[12:26:35] [Server thread/INFO]: Wheat Growth Modifier: 100%
[12:26:35] [Server thread/INFO]: NetherWart Growth Modifier: 100%
[12:26:35] [Server thread/INFO]: Vine Growth Modifier: 100%
[12:26:35] [Server thread/INFO]: Cocoa Growth Modifier: 100%
[12:26:35] [Server thread/INFO]: Max TNT Explosions: 100
[12:26:35] [Server thread/INFO]: Tile Max Tick Time: 50ms Entity max Tick Time: 50ms
[12:26:35] [Server thread/INFO]: Preparing start region for level 0 (Seed: -2187895674009927367)
[12:26:36] [Server thread/INFO]: Preparing spawn area: 21%
[12:26:37] [Server thread/INFO]: Preparing spawn area: 85%
[12:26:38] [Server thread/INFO]: Preparing start region for level 1 (Seed: -2187895674009927367)
[12:26:39] [Server thread/INFO]: Preparing spawn area: 62%
[12:26:39] [Server thread/INFO]: Preparing start region for level 2 (Seed: -2187895674009927367)
[12:26:39] [Server thread/INFO]: [PlaceholderAPI] Enabling PlaceholderAPI v2.9.2
[12:26:39] [Server thread/INFO]: [PlaceholderAPI] Placeholder expansion registration initializing...
[12:26:39] [Server thread/INFO]: [PlaceholderAPI] Fetching available expansion information...
[12:26:39] [Server thread/INFO]: [GroupManager] Enabling GroupManager v2.0.5
[12:26:40] [Server thread/INFO]: GroupManager - INFO - World Found: world
[12:26:40] [Server thread/INFO]: GroupManager - INFO - Superperms support enabled.
[12:26:40] [Server thread/INFO]: GroupManager - INFO - Scheduled Data Saving is set for every 10 minutes!
[12:26:40] [Server thread/INFO]: GroupManager - INFO - Backups will be retained for 24 hours!
[12:26:40] [Server thread/INFO]: GroupManager version 2.0.5 is enabled!
[12:26:40] [Server thread/INFO]: [Vault][Permission] GroupManager hooked.
[12:26:40] [Server thread/INFO]: [Vault][Chat] GroupManager - Chat hooked.
[12:26:40] [Server thread/INFO]: [DcBanItem] Enabling DcBanItem v1.0
[12:26:40] [Server thread/INFO]: DcBanItem is now Enabled!
[12:26:40] [Server thread/INFO]: [RichAutoMessage] Enabling RichAutoMessage v1.3.7
[12:26:40] [Server thread/INFO]: [π´∏Ê≤Âº˛] ”… Fabian
[12:26:40] [Server thread/INFO]: [π´∏Ê≤Âº˛] ≤Âº˛∞Ê±æ: 1.3.8
[12:26:40] [Server thread/INFO]: [π´∏Ê≤Âº˛] º§ªÓ
[12:26:40] [Server thread/INFO]: [EasyKitsRel] Enabling EasyKitsRel v2.3
[12:26:40] [Server thread/INFO]: [EasyKitsRel] “—º”‘ÿ
[12:26:40] [Server thread/INFO]: °Ïd°Ïl≤Âº˛Ωª¡˜»∫ 1447991
[12:26:40] [Server thread/INFO]: [ChestCommands] Enabling ChestCommands v3.1.4
[12:26:40] [Server thread/INFO]: [Essentials] Enabling Essentials v2.15.0.45
[12:26:40] [Server thread/INFO]: Attempting to convert old kits in config.yml to new kits.yml
[12:26:40] [Server thread/INFO]: No kits found to migrate.
[12:26:40] [Server thread/INFO]: [Essentials] Using 1.8.3+ BlockStateMeta provider as mob spawner provider.
[12:26:41] [Server thread/INFO]: [Essentials] Using Reflection based provider as spawn egg provider.
[12:26:41] [Server thread/INFO]: [Essentials] Using 1.9+ BasePotionData provider as potion meta provider.
[12:26:41] [Server thread/INFO]: Using locale zh_CN
[12:26:41] [Server thread/INFO]: [Essentials] Using Spigot 1.7.10+ ServerListPingEvent iterator
[12:26:41] [Server thread/INFO]: [Essentials] Starting Metrics. Opt-out using the global bStats config.
[12:26:41] [Server thread/INFO]: [Vault][Economy] Essentials Economy hooked.
[12:26:41] [Server thread/INFO]: [Essentials] Using Vault based permissions (GroupManager)
[12:26:41] [Server thread/INFO]: [EssentialsProtect] Enabling EssentialsProtect v2.15.0.45
[12:26:41] [Server thread/INFO]: Continuing to enable Protect.
[12:26:41] [Server thread/INFO]: [EssentialsChat] Enabling EssentialsChat v2.15.0.45
[12:26:41] [Server thread/INFO]: [NeverLag] Enabling NeverLag v1.3.0
[12:26:41] [Server thread/WARN]: [ProtocolLib] [PacketFilterManager] [NeverLag] Unsupported client packet in current Minecraft version: Dynamic-c73eb61a-ec55-4403-be21-88a68375d9e7[LEGACY, CLIENT, -1, classNames: [] (unregistered)]
[12:26:41] [Server thread/INFO]: [EssentialsSpawn] Enabling EssentialsSpawn v2.15.0.45
[12:26:41] [Server thread/INFO]: [Multiverse-Core] Enabling Multiverse-Core v1.1
[12:26:41] [Server thread/INFO]: -------- World Settings For [zc] --------
[12:26:41] [Server thread/INFO]: Arrow Despawn Rate: 1200
[12:26:41] [Server thread/INFO]: Item Despawn Rate: 6000
[12:26:41] [Server thread/INFO]: Item Merge Radius: 2.5
[12:26:41] [Server thread/INFO]: Experience Merge Radius: 3.0
[12:26:41] [Server thread/INFO]: Allow Zombie Pigmen to spawn from portal blocks: true
[12:26:41] [Server thread/INFO]: View Distance: 10
[12:26:41] [Server thread/INFO]: Zombie Aggressive Towards Villager: true
[12:26:41] [Server thread/INFO]: Custom Map Seeds:  Village: 10387312 Feature: 14357617 Monument: 10387313 Slime: 987234911
[12:26:41] [Server thread/INFO]: Nerfing mobs spawned from spawners: false
[12:26:41] [Server thread/INFO]: Mob Spawn Range: 4
[12:26:41] [Server thread/INFO]: Entity Activation Range: An 32 / Mo 32 / Mi 16 / Tiv true
[12:26:41] [Server thread/INFO]: Hopper Transfer: 8 Hopper Check: 1 Hopper Amount: 1
[12:26:41] [Server thread/INFO]: Entity Tracking Range: Pl 48 / An 48 / Mo 48 / Mi 32 / Other 64
[12:26:41] [Server thread/INFO]: Random Lighting Updates: false
[12:26:41] [Server thread/INFO]: Structure Info Saving: true
[12:26:41] [Server thread/INFO]: Cactus Growth Modifier: 100%
[12:26:41] [Server thread/INFO]: Cane Growth Modifier: 100%
[12:26:41] [Server thread/INFO]: Melon Growth Modifier: 100%
[12:26:41] [Server thread/INFO]: Mushroom Growth Modifier: 100%
[12:26:41] [Server thread/INFO]: Pumpkin Growth Modifier: 100%
[12:26:41] [Server thread/INFO]: Sapling Growth Modifier: 100%
[12:26:41] [Server thread/INFO]: Wheat Growth Modifier: 100%
[12:26:41] [Server thread/INFO]: NetherWart Growth Modifier: 100%
[12:26:41] [Server thread/INFO]: Vine Growth Modifier: 100%
[12:26:41] [Server thread/INFO]: Cocoa Growth Modifier: 100%
[12:26:41] [Server thread/INFO]: Max TNT Explosions: 100
[12:26:41] [Server thread/INFO]: Tile Max Tick Time: 50ms Entity max Tick Time: 50ms
[12:26:41] [Server thread/INFO]: Preparing start region for level 3 (Seed: -2964456104107788926)
[12:26:41] [Server thread/INFO]: [Multiverse-Core] 4 - World(s) loaded.
[12:26:41] [Server thread/INFO]: false
[12:26:41] [Server thread/INFO]: [Multiverse-Core] Version 1.1 (API v20) Enabled - By Rigby, fernferret, lithium3141 and main--
[12:26:41] [Server thread/INFO]: [MythicMobs] Enabling MythicMobs v4.11.0-da8c22c1
[12:26:42] [Server thread/ERROR]: [MythicMobs] Plugin MythicMobs v4.11.0-da8c22c1 has failed to register events for class io.lumine.xikage.mythicmobs.adapters.bukkit.listeners.MobListeners because org/bukkit/event/entity/EntityTransformEvent does not exist.
[12:26:42] [Server thread/INFO]: [LumineUtils] (io.lumine.xikage.mythicmobs.utils.) is bound to plugin MythicMobs - io.lumine.xikage.mythicmobs.MythicMobs
[12:26:42] [Server thread/INFO]: [MythicMobs] Loading MythicMobs for Spigot (MC: 1.12.2)...[0m
[12:26:42] [Server thread/INFO]: [MythicMobs] The server is running Spigot; disabled PaperSpigot exclusive functionality[0m
[12:26:42] [Server thread/INFO]: [MythicMobs] MythicMobs PlaceholderAPI Support has been enabled![0m
[12:26:42] [Server thread/INFO]: [MythicMobs] Loaded ProtocolLib packet handlers[0m
[12:26:42] [Server thread/INFO]: [MythicMobs] MythicMobs ProtocolLib Support has been enabled![0m
[12:26:42] [Server thread/INFO]: [MythicMobs] MythicMobs Vault Support has been enabled![0m
[12:26:42] [Server thread/INFO]: [MythicMobs] Loading Mob Registry...[0m
[12:26:42] [Server thread/INFO]: [MythicMobs] Base directory E:\MinecraftSever\1.12.2_Spigot_¥ø≤Âº˛\plugins\MythicMobs\SavedData
[12:26:42] [Server thread/INFO]: [MythicMobs] Module directory E:\MinecraftSever\1.12.2_Spigot_¥ø≤Âº˛\plugins\MythicMobs\SavedData\worlds
[12:26:42] [Server thread/INFO]: [MythicMobs] [36mLOADED[0m
[12:26:43] [Server thread/WARN]: [MythicMobs] ?[33m Config Error for Item '[4mKingsCrown[0m[33m' in 'ExampleItems.yml': [37mMaterial type 'GOLDEN_HELMET' not found[0m[0m
[12:26:43] [Server thread/INFO]: [MythicMobs] [32m?[37m Loaded 5 mobs.[0m
[12:26:43] [Server thread/INFO]: [MythicMobs] [32m?[37m Loaded 3 vanilla mob overrides.[0m
[12:26:43] [Server thread/INFO]: [MythicMobs] [32m?[37m Loaded 0 mob stacks.[0m
[12:26:43] [Server thread/INFO]: [MythicMobs] [32m?[37m Loaded 3 skills.[0m
[12:26:43] [Server thread/INFO]: [MythicMobs] [32m?[37m Loaded 2 random spawns.[0m
[12:26:43] [Server thread/INFO]: [MythicMobs] [32m?[37m Loaded 3 mythic items.[0m
[12:26:43] [Server thread/INFO]: [MythicMobs] [32m?[37m Loaded 2 drop tables.[0m
[12:26:43] [Server thread/INFO]: [MythicMobs] [32m?[37m Loaded 0 mob spawners.[0m
[12:26:43] [Server thread/INFO]: [MythicMobs] MythicMobs configuration file loaded successfully.[0m
[12:26:43] [Server thread/INFO]: [MythicMobs] Started up bStats Metrics[0m
[12:26:43] [Server thread/INFO]: [MythicMobs] [32m? MythicMobs Premium v4.11.0 (build da8c22c1) has been successfully loaded![0m[0m
[12:26:43] [Server thread/INFO]: [MythicCrucible] Enabling MythicCrucible v0.0.1-SNAPSHOT
[12:26:43] [Server thread/INFO]: [MythicMobs] °Ï6------------------------------------------------
[12:26:43] [Server thread/INFO]: [MythicMobs] °Ïb+ Loading MythicCrucible for Bukkit
[12:26:43] [Server thread/INFO]: [MythicMobs] °Ï6------------------------------------------------
[12:26:43] [Server thread/ERROR]: [MythicMobs] Plugin MythicMobs v4.11.0-da8c22c1 has failed to register events for class io.lumine.xikage.mythicmobs.utils.events.extra.ArmorEquipEventListener because org/bukkit/event/block/BlockDispenseArmorEvent does not exist.
[12:26:43] [Server thread/INFO]: [MythicMobs] Started up bStats Metrics
[12:26:43] [Server thread/INFO]: [AttributePlus] Enabling AttributePlus v3.3.2.7
[12:26:43] [Server thread/WARN]: SLF4J: No SLF4J providers were found.
[12:26:43] [Server thread/WARN]: SLF4J: Defaulting to no-operation (NOP) logger implementation
[12:26:43] [Server thread/WARN]: SLF4J: See https://www.slf4j.org/codes.html#noProviders for further details.
[12:26:43] [Server thread/INFO]: [0;37;1m[[0;33;22mAttributePlus[0;37;1m] –¬µƒ∂¡»°∏Ò Ω◊Èº˛ [[0;33;22mAdvancedAttributeValueRead[0;37;1m] º”‘ÿÕÍ±œ[m
[12:26:43] [Server thread/INFO]: [0;37;1m[[0;33;22mAttributePlus[0;37;1m] ’˝‘⁄◊¢≤· AttributePlus-3.3.2.7 ≤Âº˛ƒ⁄µƒ Ù–‘µ»◊Èº˛,◊˜’ﬂ: [iNanmu][m
[12:26:43] [Server thread/INFO]: [0;37;1m[[0;33;22mAttributePlus[0;37;1m]  Ù–‘ [[0;33;22mPVE…À∫¶[0;37;1m] ◊¢≤·ÕÍ±œ[m
[12:26:43] [Server thread/INFO]: [0;37;1m[[0;33;22mAttributePlus[0;37;1m]  Ù–‘ [[0;33;22mPVP…À∫¶[0;37;1m] ◊¢≤·ÕÍ±œ[m
[12:26:43] [Server thread/INFO]: [0;37;1m[[0;33;22mAttributePlus[0;37;1m]  Ù–‘ [[0;33;22m’Ê µ…À∫¶[0;37;1m]-[[0;33;22mATTACK[0;37;1m] ◊¢≤·ÕÍ±œ,”≈œ»º∂Œ™ [[0;33;22m[21m7[0;37;1m][m
[12:26:43] [Server thread/INFO]: [0;37;1m[[0;33;22mAttributePlus[0;37;1m]  Ù–‘ [[0;33;22mŒÔ¿Ì…À∫¶[0;37;1m]-[[0;33;22mATTACK[0;37;1m] ◊¢≤·ÕÍ±œ,”≈œ»º∂Œ™ [[0;33;22m[21m1[0;37;1m][m
[12:26:43] [Server thread/INFO]: [0;37;1m[[0;33;22mAttributePlus[0;37;1m]  Ù–‘ [[0;33;22m±©…Àµ÷øπ[0;37;1m] ◊¢≤·ÕÍ±œ[m
[12:26:43] [Server thread/INFO]: [0;37;1m[[0;33;22mAttributePlus[0;37;1m]  Ù–‘ [[0;33;22m±©ª˜…¡±‹[0;37;1m] ◊¢≤·ÕÍ±œ[m
[12:26:43] [Server thread/INFO]: [0;37;1m[[0;33;22mAttributePlus[0;37;1m]  Ù–‘ [[0;33;22m±©…À±∂¬ [0;37;1m] ◊¢≤·ÕÍ±œ[m
[12:26:43] [Server thread/INFO]: [0;37;1m[[0;33;22mAttributePlus[0;37;1m]  Ù–‘ [[0;33;22m±©ª˜µ÷øπ[0;37;1m] ◊¢≤·ÕÍ±œ[m
[12:26:43] [Server thread/INFO]: [0;37;1m[[0;33;22mAttributePlus[0;37;1m]  Ù–‘ [[0;33;22m±©ª˜º∏¬ [0;37;1m]-[[0;33;22mATTACK[0;37;1m] ◊¢≤·ÕÍ±œ,”≈œ»º∂Œ™ [[0;33;22m[21m8[0;37;1m][m
[12:26:43] [Server thread/INFO]: [0;37;1m[[0;33;22mAttributePlus[0;37;1m]  Ù–‘ [[0;33;22m»º…’…À∫¶[0;37;1m] ◊¢≤·ÕÍ±œ[m
[12:26:43] [Server thread/INFO]: [0;37;1m[[0;33;22mAttributePlus[0;37;1m]  Ù–‘ [[0;33;22m»º…’º∏¬ [0;37;1m]-[[0;33;22mATTACK[0;37;1m] ◊¢≤·ÕÍ±œ,”≈œ»º∂Œ™ [[0;33;22m[21m10[0;37;1m][m
[12:26:43] [Server thread/INFO]: [0;37;1m[[0;33;22mAttributePlus[0;37;1m]  Ù–‘ [[0;33;22m±˘∂≥«ø∂»[0;37;1m] ◊¢≤·ÕÍ±œ[m
[12:26:43] [Server thread/INFO]: [0;37;1m[[0;33;22mAttributePlus[0;37;1m]  Ù–‘ [[0;33;22m±˘∂≥º∏¬ [0;37;1m]-[[0;33;22mATTACK[0;37;1m] ◊¢≤·ÕÍ±œ,”≈œ»º∂Œ™ [[0;33;22m[21m11[0;37;1m][m
[12:26:43] [Server thread/INFO]: [0;37;1m[[0;33;22mAttributePlus[0;37;1m]  Ù–‘ [[0;33;22m¿◊ª˜…À∫¶[0;37;1m] ◊¢≤·ÕÍ±œ[m
[12:26:43] [Server thread/INFO]: [0;37;1m[[0;33;22mAttributePlus[0;37;1m]  Ù–‘ [[0;33;22m¿◊ª˜º∏¬ [0;37;1m]-[[0;33;22mATTACK[0;37;1m] ◊¢≤·ÕÍ±œ,”≈œ»º∂Œ™ [[0;33;22m[21m3[0;37;1m][m
[12:26:43] [Server thread/INFO]: [0;37;1m[[0;33;22mAttributePlus[0;37;1m]  Ù–‘ [[0;33;22mŒ¸—™…¡±‹[0;37;1m] ◊¢≤·ÕÍ±œ[m
[12:26:43] [Server thread/INFO]: [0;37;1m[[0;33;22mAttributePlus[0;37;1m]  Ù–‘ [[0;33;22mŒ¸—™±∂¬ [0;37;1m] ◊¢≤·ÕÍ±œ[m
[12:26:43] [Server thread/INFO]: [0;37;1m[[0;33;22mAttributePlus[0;37;1m]  Ù–‘ [[0;33;22mŒ¸—™µ÷øπ[0;37;1m] ◊¢≤·ÕÍ±œ[m
[12:26:43] [Server thread/INFO]: [0;37;1m[[0;33;22mAttributePlus[0;37;1m]  Ù–‘ [[0;33;22mŒ¸—™º∏¬ [0;37;1m]-[[0;33;22mATTACK[0;37;1m] ◊¢≤·ÕÍ±œ,”≈œ»º∂Œ™ [[0;33;22m[21m4[0;37;1m][m
[12:26:43] [Server thread/INFO]: [0;37;1m[[0;33;22mAttributePlus[0;37;1m]  Ù–‘ [[0;33;22mª§º◊¥©Õ∏[0;37;1m] ◊¢≤·ÕÍ±œ[m
[12:26:43] [Server thread/INFO]: [0;37;1m[[0;33;22mAttributePlus[0;37;1m]  Ù–‘ [[0;33;22m∆∆º◊º∏¬ [0;37;1m] ◊¢≤·ÕÍ±œ[m
[12:26:43] [Server thread/INFO]: [0;37;1m[[0;33;22mAttributePlus[0;37;1m]  Ù–‘ [[0;33;22mª§º◊÷µ[0;37;1m]-[[0;33;22mDEFENSE[0;37;1m] ◊¢≤·ÕÍ±œ,”≈œ»º∂Œ™ [[0;33;22m[21m6[0;37;1m][m
[12:26:43] [Server thread/INFO]: [0;37;1m[[0;33;22mAttributePlus[0;37;1m]  Ù–‘ [[0;33;22mPVE∑¿”˘[0;37;1m] ◊¢≤·ÕÍ±œ[m
[12:26:43] [Server thread/INFO]: [0;37;1m[[0;33;22mAttributePlus[0;37;1m]  Ù–‘ [[0;33;22mPVP∑¿”˘[0;37;1m] ◊¢≤·ÕÍ±œ[m
[12:26:43] [Server thread/INFO]: [0;37;1m[[0;33;22mAttributePlus[0;37;1m]  Ù–‘ [[0;33;22mŒÔ¿Ì∑¿”˘[0;37;1m]-[[0;33;22mDEFENSE[0;37;1m] ◊¢≤·ÕÍ±œ,”≈œ»º∂Œ™ [[0;33;22m[21m5[0;37;1m][m
[12:26:43] [Server thread/INFO]: [0;37;1m[[0;33;22mAttributePlus[0;37;1m]  Ù–‘ [[0;33;22m√¸÷–º∏¬ [0;37;1m] ◊¢≤·ÕÍ±œ[m
[12:26:43] [Server thread/INFO]: [0;37;1m[[0;33;22mAttributePlus[0;37;1m]  Ù–‘ [[0;33;22m…¡±‹º∏¬ [0;37;1m]-[[0;33;22mDEFENSE[0;37;1m] ◊¢≤·ÕÍ±œ,”≈œ»º∂Œ™ [[0;33;22m[21m0[0;37;1m][m
[12:26:43] [Server thread/INFO]: [0;37;1m[[0;33;22mAttributePlus[0;37;1m]  Ù–‘ [[0;33;22m∑¥µØ±∂¬ [0;37;1m] ◊¢≤·ÕÍ±œ[m
[12:26:43] [Server thread/INFO]: [0;37;1m[[0;33;22mAttributePlus[0;37;1m]  Ù–‘ [[0;33;22m∑¥µØº∏¬ [0;37;1m]-[[0;33;22mDEFENSE[0;37;1m] ◊¢≤·ÕÍ±œ,”≈œ»º∂Œ™ [[0;33;22m[21m9[0;37;1m][m
[12:26:43] [Server thread/INFO]: [0;37;1m[[0;33;22mAttributePlus[0;37;1m]  Ù–‘ [[0;33;22mº˝…À√‚“ﬂ¬ [0;37;1m]-[[0;33;22mDEFENSE[0;37;1m] ◊¢≤·ÕÍ±œ,”≈œ»º∂Œ™ [[0;33;22m[21m2[0;37;1m][m
[12:26:43] [Server thread/INFO]: [0;37;1m[[0;33;22mAttributePlus[0;37;1m]  Ù–‘ [[0;33;22m–Ó¡¶º”≥…[0;37;1m] ◊¢≤·ÕÍ±œ[m
[12:26:43] [Server thread/INFO]: [0;37;1m[[0;33;22mAttributePlus[0;37;1m]  Ù–‘ [[0;33;22m–Ó¡¶∏…»≈[0;37;1m] ◊¢≤·ÕÍ±œ[m
[12:26:43] [Server thread/INFO]: [0;37;1m[[0;33;22mAttributePlus[0;37;1m]  Ù–‘ [[0;33;22mæ≠—Èº”≥…[0;37;1m] ◊¢≤·ÕÍ±œ[m
[12:26:43] [Server thread/INFO]: [0;37;1m[[0;33;22mAttributePlus[0;37;1m]  Ù–‘ [[0;33;22m…˙√¸¡¶[0;37;1m]-[[0;33;22mUPDATE[0;37;1m] ◊¢≤·ÕÍ±œ,”≈œ»º∂Œ™ [[0;33;22m[21m100[0;37;1m][m
[12:26:43] [Server thread/INFO]: [0;37;1m[[0;33;22mAttributePlus[0;37;1m]  Ù–‘ [[0;33;22m“∆ÀŸº”≥…[0;37;1m]-[[0;33;22mUPDATE[0;37;1m] ◊¢≤·ÕÍ±œ,”≈œ»º∂Œ™ [[0;33;22m[21m101[0;37;1m][m
[12:26:43] [Server thread/INFO]: [0;37;1m[[0;33;22mAttributePlus[0;37;1m]  Ù–‘ [[0;33;22m∞Ÿ∑÷±»ª÷∏¥[0;37;1m]-[[0;33;22mUPDATE[0;37;1m] ◊¢≤·ÕÍ±œ,”≈œ»º∂Œ™ [[0;33;22m[21m53[0;37;1m][m
[12:26:43] [Server thread/INFO]: [0;37;1m[[0;33;22mAttributePlus[0;37;1m]  Ù–‘ [[0;33;22m…˙√¸ª÷∏¥[0;37;1m] ◊¢≤·ÕÍ±œ[m
[12:26:43] [Server thread/INFO]: [0;37;1m[[0;33;22mAttributePlus[0;37;1m]  Ù–‘ [[0;33;22m∂‹≈∆∏Òµ≤¬ [0;37;1m] ◊¢≤·ÕÍ±œ[m
[12:26:43] [Server thread/INFO]: [0;37;1m[[0;33;22mAttributePlus[0;37;1m]  Ù–‘ [[0;33;22m∆∆∂‹º∏¬ [0;37;1m] ◊¢≤·ÕÍ±œ[m
[12:26:43] [Server thread/INFO]: [0;37;1m[[0;33;22mAttributePlus[0;37;1m]  Ù–‘ [[0;33;22mº˝ ∏ÀŸ∂»[0;37;1m] ◊¢≤·ÕÍ±œ[m
[12:26:43] [Server thread/INFO]: [0;37;1m[[0;33;22mAttributePlus[0;37;1m]  Ù–‘ [[0;33;22mº˝ ıæ´◊º[0;37;1m] ◊¢≤·ÕÍ±œ[m
[12:26:43] [Server thread/INFO]: [0;37;1m[[0;33;22mAttributePlus[0;37;1m]  Ù–‘ [[0;33;22mº˝ ∏¥©Õ∏¬ [0;37;1m] ◊¢≤·ÕÍ±œ[m
[12:26:43] [Server thread/INFO]: [0;37;1m[[0;33;22mAttributePlus[0;37;1m]  Ù–‘ [[0;33;22m’ŸªΩ«ø∂»[0;37;1m] ◊¢≤·ÕÍ±œ[m
[12:26:43] [Server thread/INFO]: [0;37;1m[[0;33;22mAttributePlus[0;37;1m] –¬µƒ∂¡»°∏Ò Ω◊Èº˛ [[0;33;22mAttributePercentageRead[0;37;1m] º”‘ÿÕÍ±œ[m
[12:26:43] [Server thread/INFO]: [0;37;1m[[0;33;22mAttributePlus[0;37;1m] –¬µƒ∂¡»°∏Ò Ω◊Èº˛ [[0;33;22mCustomConditionComponent[0;37;1m] º”‘ÿÕÍ±œ[m
[12:26:43] [Server thread/INFO]: [0;37;1m[[0;33;22mAttributePlus[0;37;1m] –¬µƒ∂¡»°∏Ò Ω◊Èº˛ [[0;33;22mLevelConditionComponent[0;37;1m] º”‘ÿÕÍ±œ[m
[12:26:43] [Server thread/INFO]: [0;37;1m[[0;33;22mAttributePlus[0;37;1m] –¬µƒ∂¡»°∏Ò Ω◊Èº˛ [[0;33;22mProfessionalConditionComponent[0;37;1m] º”‘ÿÕÍ±œ[m
[12:26:43] [Server thread/INFO]: [0;37;1m[[0;33;22mAttributePlus[0;37;1m] –¬µƒ∂¡»°∏Ò Ω◊Èº˛ [[0;33;22mSlotTypeConditionComponent[0;37;1m] º”‘ÿÕÍ±œ[m
[12:26:43] [Server thread/INFO]: [0;37;1m[[0;33;22mAttributePlus[0;37;1m] –¬µƒ∂¡»°∏Ò Ω◊Èº˛ [[0;33;22mAttributeReadLineCondition[0;37;1m] º”‘ÿÕÍ±œ[m
[12:26:43] [Server thread/INFO]: [0;37;1m[[0;33;22mAttributePlus[0;37;1m] ø™ ºº”‘ÿ≤Âº˛ JavaScript  Ù–‘Ω≈±æ[m
[12:26:44] [Server thread/INFO]: [0;37;1m[[0;33;22mAttributePlus[0;37;1m]  Ù–‘ [[0;33;22m≤‚ ‘Ω≈±æ Ù–‘[0;37;1m]-[[0;33;22mATTACK[0;37;1m] ◊¢≤·ÕÍ±œ,”≈œ»º∂Œ™ [[0;33;22m[21m103[0;37;1m][m
[12:26:44] [Server thread/INFO]: [0;37;1m[[0;33;22mAttributePlus[0;37;1m] π≤º”‘ÿ¡À 1 ∏ˆ Ù–‘Ω≈±æ[m
[12:26:44] [Server thread/INFO]: [MythicMobsExtension] Enabling MythicMobsExtension v1.738c-SNAPSHOT
[12:26:44] [Server thread/WARN]: [MythicMobsExtension] EntityTransformEvent not found, can't prevent mobs naturally transforming
[12:26:44] [Server thread/WARN]: [MythicMobsExtension] TimeSkipEvent not found, can't synchronize time between worlds
[12:26:44] [Server thread/WARN]: [MythicMobsExtension] Use an updated version of Spigot for better knowledge book recipes
[12:26:44] [Server thread/WARN]: [MythicMobsExtension] Could not bind to chunk ticket API, chunk locking will not work
[12:26:44] [Server thread/WARN]: [MythicMobsExtension] No phantoms on this version
[12:26:44] [Server thread/WARN]: [MythicMobsExtension] Could not bind to persist entity tag, can't make mobs persistent
[12:26:44] [Server thread/WARN]: [MythicMobsExtension] Could not bind to selectEntities method, command target selectors may not work
[12:26:44] [Server thread/WARN]: [MythicMobsExtension] Couldn't find recipe removal method, this is odd since we did find NamespacedKey
[12:26:44] [Server thread/WARN]: [MythicMobsExtension] Couldn't find recipe discover method, this is odd since we did find NamespacedKey
[12:26:44] [Server thread/WARN]: [MythicMobsExtension] Could not bind to auto block state methods
[12:26:45] [Server thread/INFO]: [MythicMobsExtension] enabled externals
[12:26:45] [Server thread/INFO]: [MythicMobsExtension] registered mechanics!
[12:26:45] [Server thread/INFO]: [MythicMobsExtension] registered conditions!
[12:26:45] [Server thread/INFO]: [MythicMobsExtension] registered targeters!
[12:26:45] [Server thread/INFO]: [MythicMobsExtension] enabled javascript!
[12:26:45] [Server thread/INFO]: [MythicMobsExtension] using MythicPlayers
[12:26:45] [Server thread/WARN]: [MythicMobsExtension] Incompatible ProtocolLib found! Update to 4.4 or heigher.
[12:26:45] [Server thread/INFO]: [MythicMobsExtension] registered mme placeholders
[12:26:45] [Server thread/INFO]: [DragonCore] Enabling DragonCore v2.6.2.9
[12:26:45] [Server thread/INFO]: [0;32;1m************************************************************[m
[12:26:45] [Server thread/INFO]: [0;33;22m[DragonCore] [0;32;1mª∂”≠ π”√°æ¡˙÷Æ∫À–ƒ°ø£¨≤Âº˛◊˜’ﬂŒ™QQ448780139[m
[12:26:45] [Server thread/INFO]: [0;33;22m[DragonCore] [0;32;1mª∂”≠º”»ÎQQΩª¡˜»∫: 901704037[m
[12:26:45] [Server thread/INFO]: [0;33;22m[DragonCore] [0;32;1mª∂”≠◊¢≤·…Á«¯Õ¯’æ: https://dragoncore.top/[m
[12:26:45] [Server thread/INFO]: [0;32;1m************************************************************[m
[12:26:45] [Server thread/INFO]: NMS∞Ê±æ:net.minecraft.server.v1_12_R1
[12:26:45] [Server thread/INFO]: [0;33;22mº”‘ÿNBTπ¶ƒ‹[m
[12:26:45] [Server thread/INFO]: [0;33;22mDragonCore - ø™ º‘ÿ»ÎŒƒº˛[m
[12:26:45] [Server thread/INFO]: [0;32;1m©≥©•©•©•©•©•©•©•©•©• ø™ º‘ÿ»ÎYmlŒƒº˛ ©•©•©•©•©•©•©•©•©•[m
[12:26:45] [Server thread/INFO]: [0;32;1m©ß [0;33;22m‘ÿ»Î: ArmorLayer.yml[m
[12:26:45] [Server thread/INFO]: [0;32;1m©ß [0;33;22m‘ÿ»Î: Blood.yml[m
[12:26:45] [Server thread/INFO]: [0;32;1m©ß [0;33;22m‘ÿ»Î: config.yml[m
[12:26:45] [Server thread/INFO]: [0;32;1m©ß [0;33;22m‘ÿ»Î: EntityModel.yml[m
[12:26:45] [Server thread/INFO]: [0;32;1m©ß [0;33;22m‘ÿ»Î: FontConfig.yml[m
[12:26:45] [Server thread/INFO]: [0;32;1m©ß [0;33;22m‘ÿ»Î: Gui/huds.yml[m
[12:26:45] [Server thread/INFO]: [0;32;1m©ß [0;33;22m‘ÿ»Î: Gui/±≥∞¸.yml[m
[12:26:45] [Server thread/INFO]: [0;32;1m©ß [0;33;22m‘ÿ»Î: Gui/◊‘∂Øπˆ∂Øπ´∏Ê.yml[m
[12:26:45] [Server thread/INFO]: [0;32;1m©ß [0;33;22m‘ÿ»Î: ItemIcon.yml[m
[12:26:45] [Server thread/INFO]: [0;32;1m©ß [0;33;22m‘ÿ»Î: ItemModel.yml[m
[12:26:45] [Server thread/INFO]: [0;32;1m©ß [0;33;22m‘ÿ»Î: ItemTip/ È±æ.yml[m
[12:26:45] [Server thread/INFO]: [0;32;1m©ß [0;33;22m‘ÿ»Î: ItemTip/”√”⁄œ‘ æGuiΩÁ√ÊµƒTip.yml[m
[12:26:45] [Server thread/INFO]: [0;32;1m©ß [0;33;22m‘ÿ»Î: ItemTip/Õ®”√.yml[m
[12:26:45] [Server thread/INFO]: [0;32;1m©ß [0;33;22m‘ÿ»Î: KeyConfig.yml[m
[12:26:45] [Server thread/INFO]: [0;32;1m©ß [0;33;22m‘ÿ»Î: SlotConfig.yml[m
[12:26:45] [Server thread/INFO]: [0;32;1m©ß [0;33;22m‘ÿ»Î: WorldTexture.yml[m
[12:26:45] [Server thread/INFO]: [0;32;1m©∫©•©•©•©•©•©•©•©•©•©• Œƒº˛‘ÿ»ÎÕÍ≥… ©•©•©•©•©•©•©•©•©•©•©•[m
[12:26:45] [Server thread/INFO]: [0;33;22m“—∆Ù”√YML∏Ò Ω¥Ê¥¢ÕÊº“ ˝æ›[m
[12:26:45] [Server thread/INFO]:  - “—ºÊ»›AP Ù–‘≤Âº˛[m
[12:26:45] [Server thread/INFO]: [0;33;22mDragonCore - º”‘ÿÕÍ≥…[m
[12:26:45] [Server thread/INFO]: Server permissions file permissions.yml is empty, ignoring it
[12:26:45] [Server thread/INFO]: Done (10.335s)! For help, type "help" or "?"
[12:26:45] [Server thread/INFO]: [0;32;22m[[0;32;1mChestCommands[0;32;22m] [0;32;1mFound a new version: v4.0.5[0;37;1m (yours: v3.1.4)[m
[12:26:45] [Server thread/INFO]: [0;32;22m[[0;32;1mChestCommands[0;32;22m] [0;32;1m[0;37;1mDownload it on Bukkit Dev:[m
[12:26:45] [Server thread/INFO]: [0;32;22m[[0;32;1mChestCommands[0;32;22m] [0;32;1m[0;37;1mdev.bukkit.org/bukkit-plugins/chest-commands[m
[12:26:45] [Server thread/INFO]: [0;37;1m[[0;33;22mAttributePlus[0;37;1m] ø™ º◊‘∂Øº”‘ÿ∏Ω Ù Ù–‘µ»◊Èº˛...[m
[12:26:45] [Server thread/INFO]: [0;37;1m[[0;33;22mAttributePlus[0;37;1m] π≤º”‘ÿ¡À 1 ∏ˆ∏Ω Ù≤Âº˛[m
[12:26:45] [Server thread/INFO]: [MythicMobsExtension] Using scriptengine Oracle Nashorn
[12:26:46] [Server thread/INFO]: [0;33;22m[DragonCore][0;32;1m µ±«∞“—πÿ±’◊ ‘¥Œƒº˛Õ¨≤Ω[m
[12:26:46] [Server thread/INFO]: GroupManager - INFO - Bukkit Permissions Updated!
[12:26:46] [Craft Scheduler Thread - 1/INFO]: [Vault] Checking for Updates ... 
[12:26:46] [Craft Scheduler Thread - 1/WARN]: [Vault] Stable Version: 1.7.3 is out! You are still running version: 1.6.7
[12:26:46] [Craft Scheduler Thread - 1/WARN]: [Vault] Update at: https://dev.bukkit.org/projects/vault
[12:26:46] [Craft Scheduler Thread - 2/INFO]: [MythicMobsExtension] Plugin is up-to-date!
[12:26:46] [Craft Scheduler Thread - 2/INFO]: [MythicMobsExtension] 132 mechanics loaded.
[12:26:46] [Craft Scheduler Thread - 2/INFO]: [MythicMobsExtension] 111 conditions loaded.
[12:26:46] [Craft Scheduler Thread - 2/INFO]: [MythicMobsExtension] 30 targeters loaded.
[12:26:46] [Craft Scheduler Thread - 7/INFO]: [PlotMe] Checking if conversion to UUID needed...
[12:26:46] [Server thread/INFO]: [MythicMobs] Attached Artifact traits to items.
[12:26:46] [Server thread/INFO]: [MythicMobs] Loaded 3 items.
[12:26:46] [Craft Scheduler Thread - 1/INFO]: [MythicMobsExtension] 0 ext.mechanics loaded.
[12:26:46] [Craft Scheduler Thread - 1/INFO]: [MythicMobsExtension] 0 ext.conditions loaded.
[12:26:46] [Craft Scheduler Thread - 1/INFO]: [MythicMobsExtension] 0 ext.targeters loaded.
[12:26:46] [Craft Scheduler Thread - 7/INFO]: [PlotMe] No plot conversion needed
[12:27:05] [Server thread/INFO]: [0;31;22m[RichAutoMessage] [0;37;1m<ƒ¨»œœ˚œ¢> ∏––ªƒ˙œ¬‘ÿRichAutoMessage' [m
[12:27:36] [User Authenticator #1/INFO]: UUID of player Genshin is 39104da3-207c-3b69-a7d8-cfcc8e8a3307
[12:27:36] [Server thread/INFO]: Genshin[/192.168.200.172:1389] logged in with entity id 282 at ([zc]0.16190075400134896, 86.5, 0.47034981663422437)
[12:27:36] [Server thread/ERROR]: [MythicMobs] [31m[EVENTS] Exception thrown whilst handling event: com.comphenix.protocol.events.PacketEvent[37m
[12:27:36] [Server thread/WARN]: java.lang.NoSuchMethodError: com.comphenix.protocol.events.PacketEvent.isPlayerTemporary()Z
[12:27:36] [Server thread/WARN]: 	at io.lumine.xikage.mythicmobs.compatibility.ProtocolLibSupport.lambda$load$0(ProtocolLibSupport.java:26)
[12:27:36] [Server thread/WARN]: 	at io.lumine.xikage.mythicmobs.utils.events.functional.protocol.ProtocolListener.onPacket(ProtocolListener.java:107)
[12:27:36] [Server thread/WARN]: 	at io.lumine.xikage.mythicmobs.utils.events.functional.protocol.ProtocolListener.onPacketSending(ProtocolListener.java:81)
[12:27:36] [Server thread/WARN]: 	at com.comphenix.protocol.injector.SortedPacketListenerList.invokeSendingListener(SortedPacketListenerList.java:195)
[12:27:36] [Server thread/WARN]: 	at com.comphenix.protocol.injector.SortedPacketListenerList.invokePacketSending(SortedPacketListenerList.java:149)
[12:27:36] [Server thread/WARN]: 	at com.comphenix.protocol.injector.PacketFilterManager.handlePacket(PacketFilterManager.java:588)
[12:27:36] [Server thread/WARN]: 	at com.comphenix.protocol.injector.PacketFilterManager.invokePacketSending(PacketFilterManager.java:564)
[12:27:36] [Server thread/WARN]: 	at com.comphenix.protocol.injector.netty.ProtocolInjector.packetQueued(ProtocolInjector.java:338)
[12:27:36] [Server thread/WARN]: 	at com.comphenix.protocol.injector.netty.ProtocolInjector.onPacketSending(ProtocolInjector.java:298)
[12:27:36] [Server thread/WARN]: 	at com.comphenix.protocol.injector.netty.ChannelInjector.processSending(ChannelInjector.java:386)
[12:27:36] [Server thread/WARN]: 	at com.comphenix.protocol.injector.netty.ChannelInjector.access$500(ChannelInjector.java:77)
[12:27:36] [Server thread/WARN]: 	at com.comphenix.protocol.injector.netty.ChannelInjector$5.handleScheduled(ChannelInjector.java:352)
[12:27:36] [Server thread/WARN]: 	at com.comphenix.protocol.injector.netty.ChannelInjector$5.onMessageScheduled(ChannelInjector.java:320)
[12:27:36] [Server thread/WARN]: 	at com.comphenix.protocol.injector.netty.ChannelProxy$2.schedulingRunnable(ChannelProxy.java:127)
[12:27:36] [Server thread/WARN]: 	at com.comphenix.protocol.injector.netty.EventLoopProxy.execute(EventLoopProxy.java:95)
[12:27:36] [Server thread/WARN]: 	at net.minecraft.server.v1_12_R1.NetworkManager.a(NetworkManager.java:194)
[12:27:36] [Server thread/WARN]: 	at net.minecraft.server.v1_12_R1.NetworkManager.sendPacket(NetworkManager.java:143)
[12:27:36] [Server thread/WARN]: 	at net.minecraft.server.v1_12_R1.PlayerConnection.sendPacket(PlayerConnection.java:1142)
[12:27:36] [Server thread/WARN]: 	at net.minecraft.server.v1_12_R1.EntityTrackerEntry.broadcast(EntityTrackerEntry.java:292)
[12:27:36] [Server thread/WARN]: 	at net.minecraft.server.v1_12_R1.EntityTrackerEntry.track(EntityTrackerEntry.java:204)
[12:27:36] [Server thread/WARN]: 	at net.minecraft.server.v1_12_R1.EntityTracker.updatePlayers(EntityTracker.java:182)
[12:27:36] [Server thread/WARN]: 	at net.minecraft.server.v1_12_R1.MinecraftServer.D(MinecraftServer.java:834)
[12:27:36] [Server thread/WARN]: 	at net.minecraft.server.v1_12_R1.DedicatedServer.D(DedicatedServer.java:406)
[12:27:36] [Server thread/WARN]: 	at net.minecraft.server.v1_12_R1.MinecraftServer.C(MinecraftServer.java:679)
[12:27:36] [Server thread/WARN]: 	at net.minecraft.server.v1_12_R1.MinecraftServer.run(MinecraftServer.java:577)
[12:27:36] [Server thread/WARN]: 	at java.lang.Thread.run(Thread.java:750)
[12:27:37] [Server thread/ERROR]: [MythicMobs] [31m[EVENTS] Exception thrown whilst handling event: com.comphenix.protocol.events.PacketEvent[37m
[12:27:37] [Server thread/WARN]: java.lang.NoSuchMethodError: com.comphenix.protocol.events.PacketEvent.isPlayerTemporary()Z
[12:27:37] [Server thread/WARN]: 	at io.lumine.xikage.mythicmobs.compatibility.ProtocolLibSupport.lambda$load$0(ProtocolLibSupport.java:26)
[12:27:37] [Server thread/WARN]: 	at io.lumine.xikage.mythicmobs.utils.events.functional.protocol.ProtocolListener.onPacket(ProtocolListener.java:107)
[12:27:37] [Server thread/WARN]: 	at io.lumine.xikage.mythicmobs.utils.events.functional.protocol.ProtocolListener.onPacketSending(ProtocolListener.java:81)
[12:27:37] [Server thread/WARN]: 	at com.comphenix.protocol.injector.SortedPacketListenerList.invokeSendingListener(SortedPacketListenerList.java:195)
[12:27:37] [Server thread/WARN]: 	at com.comphenix.protocol.injector.SortedPacketListenerList.invokePacketSending(SortedPacketListenerList.java:149)
[12:27:37] [Server thread/WARN]: 	at com.comphenix.protocol.injector.PacketFilterManager.handlePacket(PacketFilterManager.java:588)
[12:27:37] [Server thread/WARN]: 	at com.comphenix.protocol.injector.PacketFilterManager.invokePacketSending(PacketFilterManager.java:564)
[12:27:37] [Server thread/WARN]: 	at com.comphenix.protocol.injector.netty.ProtocolInjector.packetQueued(ProtocolInjector.java:338)
[12:27:37] [Server thread/WARN]: 	at com.comphenix.protocol.injector.netty.ProtocolInjector.onPacketSending(ProtocolInjector.java:298)
[12:27:37] [Server thread/WARN]: 	at com.comphenix.protocol.injector.netty.ChannelInjector.processSending(ChannelInjector.java:386)
[12:27:37] [Server thread/WARN]: 	at com.comphenix.protocol.injector.netty.ChannelInjector.access$500(ChannelInjector.java:77)
[12:27:37] [Server thread/WARN]: 	at com.comphenix.protocol.injector.netty.ChannelInjector$5.handleScheduled(ChannelInjector.java:352)
[12:27:37] [Server thread/WARN]: 	at com.comphenix.protocol.injector.netty.ChannelInjector$5.onMessageScheduled(ChannelInjector.java:320)
[12:27:37] [Server thread/WARN]: 	at com.comphenix.protocol.injector.netty.ChannelProxy$2.schedulingRunnable(ChannelProxy.java:127)
[12:27:37] [Server thread/WARN]: 	at com.comphenix.protocol.injector.netty.EventLoopProxy.execute(EventLoopProxy.java:95)
[12:27:37] [Server thread/WARN]: 	at net.minecraft.server.v1_12_R1.NetworkManager.a(NetworkManager.java:194)
[12:27:37] [Server thread/WARN]: 	at net.minecraft.server.v1_12_R1.NetworkManager.sendPacket(NetworkManager.java:143)
[12:27:37] [Server thread/WARN]: 	at net.minecraft.server.v1_12_R1.PlayerConnection.sendPacket(PlayerConnection.java:1142)
[12:27:37] [Server thread/WARN]: 	at net.minecraft.server.v1_12_R1.EntityTrackerEntry.broadcast(EntityTrackerEntry.java:292)
[12:27:37] [Server thread/WARN]: 	at net.minecraft.server.v1_12_R1.EntityTrackerEntry.track(EntityTrackerEntry.java:204)
[12:27:37] [Server thread/WARN]: 	at net.minecraft.server.v1_12_R1.EntityTracker.updatePlayers(EntityTracker.java:182)
[12:27:37] [Server thread/WARN]: 	at net.minecraft.server.v1_12_R1.MinecraftServer.D(MinecraftServer.java:834)
[12:27:37] [Server thread/WARN]: 	at net.minecraft.server.v1_12_R1.DedicatedServer.D(DedicatedServer.java:406)
[12:27:37] [Server thread/WARN]: 	at net.minecraft.server.v1_12_R1.MinecraftServer.C(MinecraftServer.java:679)
[12:27:37] [Server thread/WARN]: 	at net.minecraft.server.v1_12_R1.MinecraftServer.run(MinecraftServer.java:577)
[12:27:37] [Server thread/WARN]: 	at java.lang.Thread.run(Thread.java:750)
[12:27:37] [Server thread/ERROR]: [MythicMobs] [31m[EVENTS] Exception thrown whilst handling event: com.comphenix.protocol.events.PacketEvent[37m
[12:27:37] [Server thread/WARN]: java.lang.NoSuchMethodError: com.comphenix.protocol.events.PacketEvent.isPlayerTemporary()Z
[12:27:37] [Server thread/WARN]: 	at io.lumine.xikage.mythicmobs.compatibility.ProtocolLibSupport.lambda$load$0(ProtocolLibSupport.java:26)
[12:27:37] [Server thread/WARN]: 	at io.lumine.xikage.mythicmobs.utils.events.functional.protocol.ProtocolListener.onPacket(ProtocolListener.java:107)
[12:27:37] [Server thread/WARN]: 	at io.lumine.xikage.mythicmobs.utils.events.functional.protocol.ProtocolListener.onPacketSending(ProtocolListener.java:81)
[12:27:37] [Server thread/WARN]: 	at com.comphenix.protocol.injector.SortedPacketListenerList.invokeSendingListener(SortedPacketListenerList.java:195)
[12:27:37] [Server thread/WARN]: 	at com.comphenix.protocol.injector.SortedPacketListenerList.invokePacketSending(SortedPacketListenerList.java:149)
[12:27:37] [Server thread/WARN]: 	at com.comphenix.protocol.injector.PacketFilterManager.handlePacket(PacketFilterManager.java:588)
[12:27:37] [Server thread/WARN]: 	at com.comphenix.protocol.injector.PacketFilterManager.invokePacketSending(PacketFilterManager.java:564)
[12:27:37] [Server thread/WARN]: 	at com.comphenix.protocol.injector.netty.ProtocolInjector.packetQueued(ProtocolInjector.java:338)
[12:27:37] [Server thread/WARN]: 	at com.comphenix.protocol.injector.netty.ProtocolInjector.onPacketSending(ProtocolInjector.java:298)
[12:27:37] [Server thread/WARN]: 	at com.comphenix.protocol.injector.netty.ChannelInjector.processSending(ChannelInjector.java:386)
[12:27:37] [Server thread/WARN]: 	at com.comphenix.protocol.injector.netty.ChannelInjector.access$500(ChannelInjector.java:77)
[12:27:37] [Server thread/WARN]: 	at com.comphenix.protocol.injector.netty.ChannelInjector$5.handleScheduled(ChannelInjector.java:352)
[12:27:37] [Server thread/WARN]: 	at com.comphenix.protocol.injector.netty.ChannelInjector$5.onMessageScheduled(ChannelInjector.java:320)
[12:27:37] [Server thread/WARN]: 	at com.comphenix.protocol.injector.netty.ChannelProxy$2.schedulingRunnable(ChannelProxy.java:127)
[12:27:37] [Server thread/WARN]: 	at com.comphenix.protocol.injector.netty.EventLoopProxy.execute(EventLoopProxy.java:95)
[12:27:37] [Server thread/WARN]: 	at net.minecraft.server.v1_12_R1.NetworkManager.a(NetworkManager.java:194)
[12:27:37] [Server thread/WARN]: 	at net.minecraft.server.v1_12_R1.NetworkManager.sendPacket(NetworkManager.java:143)
[12:27:37] [Server thread/WARN]: 	at net.minecraft.server.v1_12_R1.PlayerConnection.sendPacket(PlayerConnection.java:1142)
[12:27:37] [Server thread/WARN]: 	at net.minecraft.server.v1_12_R1.EntityTrackerEntry.broadcast(EntityTrackerEntry.java:292)
[12:27:37] [Server thread/WARN]: 	at net.minecraft.server.v1_12_R1.EntityTrackerEntry.track(EntityTrackerEntry.java:204)
[12:27:37] [Server thread/WARN]: 	at net.minecraft.server.v1_12_R1.EntityTracker.updatePlayers(EntityTracker.java:182)
[12:27:37] [Server thread/WARN]: 	at net.minecraft.server.v1_12_R1.MinecraftServer.D(MinecraftServer.java:834)
[12:27:37] [Server thread/WARN]: 	at net.minecraft.server.v1_12_R1.DedicatedServer.D(DedicatedServer.java:406)
[12:27:37] [Server thread/WARN]: 	at net.minecraft.server.v1_12_R1.MinecraftServer.C(MinecraftServer.java:679)
[12:27:37] [Server thread/WARN]: 	at net.minecraft.server.v1_12_R1.MinecraftServer.run(MinecraftServer.java:577)
[12:27:37] [Server thread/WARN]: 	at java.lang.Thread.run(Thread.java:750)
[12:27:37] [Server thread/ERROR]: [MythicMobs] [31m[EVENTS] Exception thrown whilst handling event: com.comphenix.protocol.events.PacketEvent[37m
[12:27:37] [Server thread/WARN]: java.lang.NoSuchMethodError: com.comphenix.protocol.events.PacketEvent.isPlayerTemporary()Z
[12:27:37] [Server thread/WARN]: 	at io.lumine.xikage.mythicmobs.compatibility.ProtocolLibSupport.lambda$load$0(ProtocolLibSupport.java:26)
[12:27:37] [Server thread/WARN]: 	at io.lumine.xikage.mythicmobs.utils.events.functional.protocol.ProtocolListener.onPacket(ProtocolListener.java:107)
[12:27:37] [Server thread/WARN]: 	at io.lumine.xikage.mythicmobs.utils.events.functional.protocol.ProtocolListener.onPacketSending(ProtocolListener.java:81)
[12:27:37] [Server thread/WARN]: 	at com.comphenix.protocol.injector.SortedPacketListenerList.invokeSendingListener(SortedPacketListenerList.java:195)
[12:27:37] [Server thread/WARN]: 	at com.comphenix.protocol.injector.SortedPacketListenerList.invokePacketSending(SortedPacketListenerList.java:149)
[12:27:37] [Server thread/WARN]: 	at com.comphenix.protocol.injector.PacketFilterManager.handlePacket(PacketFilterManager.java:588)
[12:27:37] [Server thread/WARN]: 	at com.comphenix.protocol.injector.PacketFilterManager.invokePacketSending(PacketFilterManager.java:564)
[12:27:37] [Server thread/WARN]: 	at com.comphenix.protocol.injector.netty.ProtocolInjector.packetQueued(ProtocolInjector.java:338)
[12:27:37] [Server thread/WARN]: 	at com.comphenix.protocol.injector.netty.ProtocolInjector.onPacketSending(ProtocolInjector.java:298)
[12:27:37] [Server thread/WARN]: 	at com.comphenix.protocol.injector.netty.ChannelInjector.processSending(ChannelInjector.java:386)
[12:27:37] [Server thread/WARN]: 	at com.comphenix.protocol.injector.netty.ChannelInjector.access$500(ChannelInjector.java:77)
[12:27:37] [Server thread/WARN]: 	at com.comphenix.protocol.injector.netty.ChannelInjector$5.handleScheduled(ChannelInjector.java:352)
[12:27:37] [Server thread/WARN]: 	at com.comphenix.protocol.injector.netty.ChannelInjector$5.onMessageScheduled(ChannelInjector.java:320)
[12:27:37] [Server thread/WARN]: 	at com.comphenix.protocol.injector.netty.ChannelProxy$2.schedulingRunnable(ChannelProxy.java:127)
[12:27:37] [Server thread/WARN]: 	at com.comphenix.protocol.injector.netty.EventLoopProxy.execute(EventLoopProxy.java:95)
[12:27:37] [Server thread/WARN]: 	at net.minecraft.server.v1_12_R1.NetworkManager.a(NetworkManager.java:194)
[12:27:37] [Server thread/WARN]: 	at net.minecraft.server.v1_12_R1.NetworkManager.sendPacket(NetworkManager.java:143)
[12:27:37] [Server thread/WARN]: 	at net.minecraft.server.v1_12_R1.PlayerConnection.sendPacket(PlayerConnection.java:1142)
[12:27:37] [Server thread/WARN]: 	at net.minecraft.server.v1_12_R1.EntityTrackerEntry.broadcast(EntityTrackerEntry.java:292)
[12:27:37] [Server thread/WARN]: 	at net.minecraft.server.v1_12_R1.EntityTrackerEntry.track(EntityTrackerEntry.java:204)
[12:27:37] [Server thread/WARN]: 	at net.minecraft.server.v1_12_R1.EntityTracker.updatePlayers(EntityTracker.java:182)
[12:27:37] [Server thread/WARN]: 	at net.minecraft.server.v1_12_R1.MinecraftServer.D(MinecraftServer.java:834)
[12:27:37] [Server thread/WARN]: 	at net.minecraft.server.v1_12_R1.DedicatedServer.D(DedicatedServer.java:406)
[12:27:37] [Server thread/WARN]: 	at net.minecraft.server.v1_12_R1.MinecraftServer.C(MinecraftServer.java:679)
[12:27:37] [Server thread/WARN]: 	at net.minecraft.server.v1_12_R1.MinecraftServer.run(MinecraftServer.java:577)
[12:27:37] [Server thread/WARN]: 	at java.lang.Thread.run(Thread.java:750)
[12:27:37] [Server thread/ERROR]: [MythicMobs] [31m[EVENTS] Exception thrown whilst handling event: com.comphenix.protocol.events.PacketEvent[37m
[12:27:37] [Server thread/WARN]: java.lang.NoSuchMethodError: com.comphenix.protocol.events.PacketEvent.isPlayerTemporary()Z
[12:27:37] [Server thread/WARN]: 	at io.lumine.xikage.mythicmobs.compatibility.ProtocolLibSupport.lambda$load$0(ProtocolLibSupport.java:26)
[12:27:37] [Server thread/WARN]: 	at io.lumine.xikage.mythicmobs.utils.events.functional.protocol.ProtocolListener.onPacket(ProtocolListener.java:107)
[12:27:37] [Server thread/WARN]: 	at io.lumine.xikage.mythicmobs.utils.events.functional.protocol.ProtocolListener.onPacketSending(ProtocolListener.java:81)
[12:27:37] [Server thread/WARN]: 	at com.comphenix.protocol.injector.SortedPacketListenerList.invokeSendingListener(SortedPacketListenerList.java:195)
[12:27:37] [Server thread/WARN]: 	at com.comphenix.protocol.injector.SortedPacketListenerList.invokePacketSending(SortedPacketListenerList.java:149)
[12:27:37] [Server thread/WARN]: 	at com.comphenix.protocol.injector.PacketFilterManager.handlePacket(PacketFilterManager.java:588)
[12:27:37] [Server thread/WARN]: 	at com.comphenix.protocol.injector.PacketFilterManager.invokePacketSending(PacketFilterManager.java:564)
[12:27:37] [Server thread/WARN]: 	at com.comphenix.protocol.injector.netty.ProtocolInjector.packetQueued(ProtocolInjector.java:338)
[12:27:37] [Server thread/WARN]: 	at com.comphenix.protocol.injector.netty.ProtocolInjector.onPacketSending(ProtocolInjector.java:298)
[12:27:37] [Server thread/WARN]: 	at com.comphenix.protocol.injector.netty.ChannelInjector.processSending(ChannelInjector.java:386)
[12:27:37] [Server thread/WARN]: 	at com.comphenix.protocol.injector.netty.ChannelInjector.access$500(ChannelInjector.java:77)
[12:27:37] [Server thread/WARN]: 	at com.comphenix.protocol.injector.netty.ChannelInjector$5.handleScheduled(ChannelInjector.java:352)
[12:27:37] [Server thread/WARN]: 	at com.comphenix.protocol.injector.netty.ChannelInjector$5.onMessageScheduled(ChannelInjector.java:320)
[12:27:37] [Server thread/WARN]: 	at com.comphenix.protocol.injector.netty.ChannelProxy$2.schedulingRunnable(ChannelProxy.java:127)
[12:27:37] [Server thread/WARN]: 	at com.comphenix.protocol.injector.netty.EventLoopProxy.execute(EventLoopProxy.java:95)
[12:27:37] [Server thread/WARN]: 	at net.minecraft.server.v1_12_R1.NetworkManager.a(NetworkManager.java:194)
[12:27:37] [Server thread/WARN]: 	at net.minecraft.server.v1_12_R1.NetworkManager.sendPacket(NetworkManager.java:143)
[12:27:37] [Server thread/WARN]: 	at net.minecraft.server.v1_12_R1.PlayerConnection.sendPacket(PlayerConnection.java:1142)
[12:27:37] [Server thread/WARN]: 	at net.minecraft.server.v1_12_R1.EntityTrackerEntry.broadcast(EntityTrackerEntry.java:292)
[12:27:37] [Server thread/WARN]: 	at net.minecraft.server.v1_12_R1.EntityTrackerEntry.track(EntityTrackerEntry.java:204)
[12:27:37] [Server thread/WARN]: 	at net.minecraft.server.v1_12_R1.EntityTracker.updatePlayers(EntityTracker.java:182)
[12:27:37] [Server thread/WARN]: 	at net.minecraft.server.v1_12_R1.MinecraftServer.D(MinecraftServer.java:834)
[12:27:37] [Server thread/WARN]: 	at net.minecraft.server.v1_12_R1.DedicatedServer.D(DedicatedServer.java:406)
[12:27:37] [Server thread/WARN]: 	at net.minecraft.server.v1_12_R1.MinecraftServer.C(MinecraftServer.java:679)
[12:27:37] [Server thread/WARN]: 	at net.minecraft.server.v1_12_R1.MinecraftServer.run(MinecraftServer.java:577)
[12:27:37] [Server thread/WARN]: 	at java.lang.Thread.run(Thread.java:750)
[12:27:38] [Server thread/ERROR]: [MythicMobs] [31m[EVENTS] Exception thrown whilst handling event: com.comphenix.protocol.events.PacketEvent[37m
[12:27:38] [Server thread/WARN]: java.lang.NoSuchMethodError: com.comphenix.protocol.events.PacketEvent.isPlayerTemporary()Z
[12:27:38] [Server thread/WARN]: 	at io.lumine.xikage.mythicmobs.compatibility.ProtocolLibSupport.lambda$load$0(ProtocolLibSupport.java:26)
[12:27:38] [Server thread/WARN]: 	at io.lumine.xikage.mythicmobs.utils.events.functional.protocol.ProtocolListener.onPacket(ProtocolListener.java:107)
[12:27:38] [Server thread/WARN]: 	at io.lumine.xikage.mythicmobs.utils.events.functional.protocol.ProtocolListener.onPacketSending(ProtocolListener.java:81)
[12:27:38] [Server thread/WARN]: 	at com.comphenix.protocol.injector.SortedPacketListenerList.invokeSendingListener(SortedPacketListenerList.java:195)
[12:27:38] [Server thread/WARN]: 	at com.comphenix.protocol.injector.SortedPacketListenerList.invokePacketSending(SortedPacketListenerList.java:149)
[12:27:38] [Server thread/WARN]: 	at com.comphenix.protocol.injector.PacketFilterManager.handlePacket(PacketFilterManager.java:588)
[12:27:38] [Server thread/WARN]: 	at com.comphenix.protocol.injector.PacketFilterManager.invokePacketSending(PacketFilterManager.java:564)
[12:27:38] [Server thread/WARN]: 	at com.comphenix.protocol.injector.netty.ProtocolInjector.packetQueued(ProtocolInjector.java:338)
[12:27:38] [Server thread/WARN]: 	at com.comphenix.protocol.injector.netty.ProtocolInjector.onPacketSending(ProtocolInjector.java:298)
[12:27:38] [Server thread/WARN]: 	at com.comphenix.protocol.injector.netty.ChannelInjector.processSending(ChannelInjector.java:386)
[12:27:38] [Server thread/WARN]: 	at com.comphenix.protocol.injector.netty.ChannelInjector.access$500(ChannelInjector.java:77)
[12:27:38] [Server thread/WARN]: 	at com.comphenix.protocol.injector.netty.ChannelInjector$5.handleScheduled(ChannelInjector.java:352)
[12:27:38] [Server thread/WARN]: 	at com.comphenix.protocol.injector.netty.ChannelInjector$5.onMessageScheduled(ChannelInjector.java:320)
[12:27:38] [Server thread/WARN]: 	at com.comphenix.protocol.injector.netty.ChannelProxy$2.schedulingRunnable(ChannelProxy.java:127)
[12:27:38] [Server thread/WARN]: 	at com.comphenix.protocol.injector.netty.EventLoopProxy.execute(EventLoopProxy.java:95)
[12:27:38] [Server thread/WARN]: 	at net.minecraft.server.v1_12_R1.NetworkManager.a(NetworkManager.java:194)
[12:27:38] [Server thread/WARN]: 	at net.minecraft.server.v1_12_R1.NetworkManager.sendPacket(NetworkManager.java:143)
[12:27:38] [Server thread/WARN]: 	at net.minecraft.server.v1_12_R1.PlayerConnection.sendPacket(PlayerConnection.java:1142)
[12:27:38] [Server thread/WARN]: 	at net.minecraft.server.v1_12_R1.EntityTrackerEntry.broadcast(EntityTrackerEntry.java:292)
[12:27:38] [Server thread/WARN]: 	at net.minecraft.server.v1_12_R1.EntityTrackerEntry.track(EntityTrackerEntry.java:204)
[12:27:38] [Server thread/WARN]: 	at net.minecraft.server.v1_12_R1.EntityTracker.updatePlayers(EntityTracker.java:182)
[12:27:38] [Server thread/WARN]: 	at net.minecraft.server.v1_12_R1.MinecraftServer.D(MinecraftServer.java:834)
[12:27:38] [Server thread/WARN]: 	at net.minecraft.server.v1_12_R1.DedicatedServer.D(DedicatedServer.java:406)
[12:27:38] [Server thread/WARN]: 	at net.minecraft.server.v1_12_R1.MinecraftServer.C(MinecraftServer.java:679)
[12:27:38] [Server thread/WARN]: 	at net.minecraft.server.v1_12_R1.MinecraftServer.run(MinecraftServer.java:577)
[12:27:38] [Server thread/WARN]: 	at java.lang.Thread.run(Thread.java:750)
[12:27:38] [Server thread/ERROR]: [MythicMobs] [31m[EVENTS] Exception thrown whilst handling event: com.comphenix.protocol.events.PacketEvent[37m
[12:27:38] [Server thread/WARN]: java.lang.NoSuchMethodError: com.comphenix.protocol.events.PacketEvent.isPlayerTemporary()Z
[12:27:38] [Server thread/WARN]: 	at io.lumine.xikage.mythicmobs.compatibility.ProtocolLibSupport.lambda$load$0(ProtocolLibSupport.java:26)
[12:27:38] [Server thread/WARN]: 	at io.lumine.xikage.mythicmobs.utils.events.functional.protocol.ProtocolListener.onPacket(ProtocolListener.java:107)
[12:27:38] [Server thread/WARN]: 	at io.lumine.xikage.mythicmobs.utils.events.functional.protocol.ProtocolListener.onPacketSending(ProtocolListener.java:81)
[12:27:38] [Server thread/WARN]: 	at com.comphenix.protocol.injector.SortedPacketListenerList.invokeSendingListener(SortedPacketListenerList.java:195)
[12:27:38] [Server thread/WARN]: 	at com.comphenix.protocol.injector.SortedPacketListenerList.invokePacketSending(SortedPacketListenerList.java:149)
[12:27:38] [Server thread/WARN]: 	at com.comphenix.protocol.injector.PacketFilterManager.handlePacket(PacketFilterManager.java:588)
[12:27:38] [Server thread/WARN]: 	at com.comphenix.protocol.injector.PacketFilterManager.invokePacketSending(PacketFilterManager.java:564)
[12:27:38] [Server thread/WARN]: 	at com.comphenix.protocol.injector.netty.ProtocolInjector.packetQueued(ProtocolInjector.java:338)
[12:27:38] [Server thread/WARN]: 	at com.comphenix.protocol.injector.netty.ProtocolInjector.onPacketSending(ProtocolInjector.java:298)
[12:27:38] [Server thread/WARN]: 	at com.comphenix.protocol.injector.netty.ChannelInjector.processSending(ChannelInjector.java:386)
[12:27:38] [Server thread/WARN]: 	at com.comphenix.protocol.injector.netty.ChannelInjector.access$500(ChannelInjector.java:77)
[12:27:38] [Server thread/WARN]: 	at com.comphenix.protocol.injector.netty.ChannelInjector$5.handleScheduled(ChannelInjector.java:352)
[12:27:38] [Server thread/WARN]: 	at com.comphenix.protocol.injector.netty.ChannelInjector$5.onMessageScheduled(ChannelInjector.java:320)
[12:27:38] [Server thread/WARN]: 	at com.comphenix.protocol.injector.netty.ChannelProxy$2.schedulingRunnable(ChannelProxy.java:127)
[12:27:38] [Server thread/WARN]: 	at com.comphenix.protocol.injector.netty.EventLoopProxy.execute(EventLoopProxy.java:95)
[12:27:38] [Server thread/WARN]: 	at net.minecraft.server.v1_12_R1.NetworkManager.a(NetworkManager.java:194)
[12:27:38] [Server thread/WARN]: 	at net.minecraft.server.v1_12_R1.NetworkManager.sendPacket(NetworkManager.java:143)
[12:27:38] [Server thread/WARN]: 	at net.minecraft.server.v1_12_R1.PlayerConnection.sendPacket(PlayerConnection.java:1142)
[12:27:38] [Server thread/WARN]: 	at net.minecraft.server.v1_12_R1.EntityTrackerEntry.broadcast(EntityTrackerEntry.java:292)
[12:27:38] [Server thread/WARN]: 	at net.minecraft.server.v1_12_R1.EntityTrackerEntry.track(EntityTrackerEntry.java:204)
[12:27:38] [Server thread/WARN]: 	at net.minecraft.server.v1_12_R1.EntityTracker.updatePlayers(EntityTracker.java:182)
[12:27:38] [Server thread/WARN]: 	at net.minecraft.server.v1_12_R1.MinecraftServer.D(MinecraftServer.java:834)
[12:27:38] [Server thread/WARN]: 	at net.minecraft.server.v1_12_R1.DedicatedServer.D(DedicatedServer.java:406)
[12:27:38] [Server thread/WARN]: 	at net.minecraft.server.v1_12_R1.MinecraftServer.C(MinecraftServer.java:679)
[12:27:38] [Server thread/WARN]: 	at net.minecraft.server.v1_12_R1.MinecraftServer.run(MinecraftServer.java:577)
[12:27:38] [Server thread/WARN]: 	at java.lang.Thread.run(Thread.java:750)
[12:27:38] [Server thread/ERROR]: [MythicMobs] [31m[EVENTS] Exception thrown whilst handling event: com.comphenix.protocol.events.PacketEvent[37m
[12:27:38] [Server thread/WARN]: java.lang.NoSuchMethodError: com.comphenix.protocol.events.PacketEvent.isPlayerTemporary()Z
[12:27:38] [Server thread/WARN]: 	at io.lumine.xikage.mythicmobs.compatibility.ProtocolLibSupport.lambda$load$0(ProtocolLibSupport.java:26)
[12:27:38] [Server thread/WARN]: 	at io.lumine.xikage.mythicmobs.utils.events.functional.protocol.ProtocolListener.onPacket(ProtocolListener.java:107)
[12:27:38] [Server thread/WARN]: 	at io.lumine.xikage.mythicmobs.utils.events.functional.protocol.ProtocolListener.onPacketSending(ProtocolListener.java:81)
[12:27:38] [Server thread/WARN]: 	at com.comphenix.protocol.injector.SortedPacketListenerList.invokeSendingListener(SortedPacketListenerList.java:195)
[12:27:38] [Server thread/WARN]: 	at com.comphenix.protocol.injector.SortedPacketListenerList.invokePacketSending(SortedPacketListenerList.java:149)
[12:27:38] [Server thread/WARN]: 	at com.comphenix.protocol.injector.PacketFilterManager.handlePacket(PacketFilterManager.java:588)
[12:27:38] [Server thread/WARN]: 	at com.comphenix.protocol.injector.PacketFilterManager.invokePacketSending(PacketFilterManager.java:564)
[12:27:38] [Server thread/WARN]: 	at com.comphenix.protocol.injector.netty.ProtocolInjector.packetQueued(ProtocolInjector.java:338)
[12:27:38] [Server thread/WARN]: 	at com.comphenix.protocol.injector.netty.ProtocolInjector.onPacketSending(ProtocolInjector.java:298)
[12:27:38] [Server thread/WARN]: 	at com.comphenix.protocol.injector.netty.ChannelInjector.processSending(ChannelInjector.java:386)
[12:27:38] [Server thread/WARN]: 	at com.comphenix.protocol.injector.netty.ChannelInjector.access$500(ChannelInjector.java:77)
[12:27:38] [Server thread/WARN]: 	at com.comphenix.protocol.injector.netty.ChannelInjector$5.handleScheduled(ChannelInjector.java:352)
[12:27:38] [Server thread/WARN]: 	at com.comphenix.protocol.injector.netty.ChannelInjector$5.onMessageScheduled(ChannelInjector.java:320)
[12:27:38] [Server thread/WARN]: 	at com.comphenix.protocol.injector.netty.ChannelProxy$2.schedulingRunnable(ChannelProxy.java:127)
[12:27:38] [Server thread/WARN]: 	at com.comphenix.protocol.injector.netty.EventLoopProxy.execute(EventLoopProxy.java:95)
[12:27:38] [Server thread/WARN]: 	at net.minecraft.server.v1_12_R1.NetworkManager.a(NetworkManager.java:194)
[12:27:38] [Server thread/WARN]: 	at net.minecraft.server.v1_12_R1.NetworkManager.sendPacket(NetworkManager.java:143)
[12:27:38] [Server thread/WARN]: 	at net.minecraft.server.v1_12_R1.PlayerConnection.sendPacket(PlayerConnection.java:1142)
[12:27:38] [Server thread/WARN]: 	at net.minecraft.server.v1_12_R1.EntityTrackerEntry.broadcast(EntityTrackerEntry.java:292)
[12:27:38] [Server thread/WARN]: 	at net.minecraft.server.v1_12_R1.EntityTrackerEntry.track(EntityTrackerEntry.java:204)
[12:27:38] [Server thread/WARN]: 	at net.minecraft.server.v1_12_R1.EntityTracker.updatePlayers(EntityTracker.java:182)
[12:27:38] [Server thread/WARN]: 	at net.minecraft.server.v1_12_R1.MinecraftServer.D(MinecraftServer.java:834)
[12:27:38] [Server thread/WARN]: 	at net.minecraft.server.v1_12_R1.DedicatedServer.D(DedicatedServer.java:406)
[12:27:38] [Server thread/WARN]: 	at net.minecraft.server.v1_12_R1.MinecraftServer.C(MinecraftServer.java:679)
[12:27:38] [Server thread/WARN]: 	at net.minecraft.server.v1_12_R1.MinecraftServer.run(MinecraftServer.java:577)
[12:27:38] [Server thread/WARN]: 	at java.lang.Thread.run(Thread.java:750)
[12:27:38] [Server thread/ERROR]: [MythicMobs] [31m[EVENTS] Exception thrown whilst handling event: com.comphenix.protocol.events.PacketEvent[37m
[12:27:38] [Server thread/WARN]: java.lang.NoSuchMethodError: com.comphenix.protocol.events.PacketEvent.isPlayerTemporary()Z
[12:27:38] [Server thread/WARN]: 	at io.lumine.xikage.mythicmobs.compatibility.ProtocolLibSupport.lambda$load$0(ProtocolLibSupport.java:26)
[12:27:38] [Server thread/WARN]: 	at io.lumine.xikage.mythicmobs.utils.events.functional.protocol.ProtocolListener.onPacket(ProtocolListener.java:107)
[12:27:38] [Server thread/WARN]: 	at io.lumine.xikage.mythicmobs.utils.events.functional.protocol.ProtocolListener.onPacketSending(ProtocolListener.java:81)
[12:27:38] [Server thread/WARN]: 	at com.comphenix.protocol.injector.SortedPacketListenerList.invokeSendingListener(SortedPacketListenerList.java:195)
[12:27:38] [Server thread/WARN]: 	at com.comphenix.protocol.injector.SortedPacketListenerList.invokePacketSending(SortedPacketListenerList.java:149)
[12:27:38] [Server thread/WARN]: 	at com.comphenix.protocol.injector.PacketFilterManager.handlePacket(PacketFilterManager.java:588)
[12:27:38] [Server thread/WARN]: 	at com.comphenix.protocol.injector.PacketFilterManager.invokePacketSending(PacketFilterManager.java:564)
[12:27:38] [Server thread/WARN]: 	at com.comphenix.protocol.injector.netty.ProtocolInjector.packetQueued(ProtocolInjector.java:338)
[12:27:38] [Server thread/WARN]: 	at com.comphenix.protocol.injector.netty.ProtocolInjector.onPacketSending(ProtocolInjector.java:298)
[12:27:38] [Server thread/WARN]: 	at com.comphenix.protocol.injector.netty.ChannelInjector.processSending(ChannelInjector.java:386)
[12:27:38] [Server thread/WARN]: 	at com.comphenix.protocol.injector.netty.ChannelInjector.access$500(ChannelInjector.java:77)
[12:27:38] [Server thread/WARN]: 	at com.comphenix.protocol.injector.netty.ChannelInjector$5.handleScheduled(ChannelInjector.java:352)
[12:27:38] [Server thread/WARN]: 	at com.comphenix.protocol.injector.netty.ChannelInjector$5.onMessageScheduled(ChannelInjector.java:320)
[12:27:38] [Server thread/WARN]: 	at com.comphenix.protocol.injector.netty.ChannelProxy$2.schedulingRunnable(ChannelProxy.java:127)
[12:27:38] [Server thread/WARN]: 	at com.comphenix.protocol.injector.netty.EventLoopProxy.execute(EventLoopProxy.java:95)
[12:27:38] [Server thread/WARN]: 	at net.minecraft.server.v1_12_R1.NetworkManager.a(NetworkManager.java:194)
[12:27:38] [Server thread/WARN]: 	at net.minecraft.server.v1_12_R1.NetworkManager.sendPacket(NetworkManager.java:143)
[12:27:38] [Server thread/WARN]: 	at net.minecraft.server.v1_12_R1.PlayerConnection.sendPacket(PlayerConnection.java:1142)
[12:27:38] [Server thread/WARN]: 	at net.minecraft.server.v1_12_R1.EntityTrackerEntry.broadcast(EntityTrackerEntry.java:292)
[12:27:38] [Server thread/WARN]: 	at net.minecraft.server.v1_12_R1.EntityTrackerEntry.track(EntityTrackerEntry.java:204)
[12:27:38] [Server thread/WARN]: 	at net.minecraft.server.v1_12_R1.EntityTracker.updatePlayers(EntityTracker.java:182)
[12:27:38] [Server thread/WARN]: 	at net.minecraft.server.v1_12_R1.MinecraftServer.D(MinecraftServer.java:834)
[12:27:38] [Server thread/WARN]: 	at net.minecraft.server.v1_12_R1.DedicatedServer.D(DedicatedServer.java:406)
[12:27:38] [Server thread/WARN]: 	at net.minecraft.server.v1_12_R1.MinecraftServer.C(MinecraftServer.java:679)
[12:27:38] [Server thread/WARN]: 	at net.minecraft.server.v1_12_R1.MinecraftServer.run(MinecraftServer.java:577)
[12:27:38] [Server thread/WARN]: 	at java.lang.Thread.run(Thread.java:750)
[12:27:38] [Server thread/ERROR]: [MythicMobs] [31m[EVENTS] Exception thrown whilst handling event: com.comphenix.protocol.events.PacketEvent[37m
[12:27:38] [Server thread/WARN]: java.lang.NoSuchMethodError: com.comphenix.protocol.events.PacketEvent.isPlayerTemporary()Z
[12:27:38] [Server thread/WARN]: 	at io.lumine.xikage.mythicmobs.compatibility.ProtocolLibSupport.lambda$load$0(ProtocolLibSupport.java:26)
[12:27:38] [Server thread/WARN]: 	at io.lumine.xikage.mythicmobs.utils.events.functional.protocol.ProtocolListener.onPacket(ProtocolListener.java:107)
[12:27:38] [Server thread/WARN]: 	at io.lumine.xikage.mythicmobs.utils.events.functional.protocol.ProtocolListener.onPacketSending(ProtocolListener.java:81)
[12:27:38] [Server thread/WARN]: 	at com.comphenix.protocol.injector.SortedPacketListenerList.invokeSendingListener(SortedPacketListenerList.java:195)
[12:27:38] [Server thread/WARN]: 	at com.comphenix.protocol.injector.SortedPacketListenerList.invokePacketSending(SortedPacketListenerList.java:149)
[12:27:38] [Server thread/WARN]: 	at com.comphenix.protocol.injector.PacketFilterManager.handlePacket(PacketFilterManager.java:588)
[12:27:38] [Server thread/WARN]: 	at com.comphenix.protocol.injector.PacketFilterManager.invokePacketSending(PacketFilterManager.java:564)
[12:27:38] [Server thread/WARN]: 	at com.comphenix.protocol.injector.netty.ProtocolInjector.packetQueued(ProtocolInjector.java:338)
[12:27:38] [Server thread/WARN]: 	at com.comphenix.protocol.injector.netty.ProtocolInjector.onPacketSending(ProtocolInjector.java:298)
[12:27:38] [Server thread/WARN]: 	at com.comphenix.protocol.injector.netty.ChannelInjector.processSending(ChannelInjector.java:386)
[12:27:38] [Server thread/WARN]: 	at com.comphenix.protocol.injector.netty.ChannelInjector.access$500(ChannelInjector.java:77)
[12:27:38] [Server thread/WARN]: 	at com.comphenix.protocol.injector.netty.ChannelInjector$5.handleScheduled(ChannelInjector.java:352)
[12:27:38] [Server thread/WARN]: 	at com.comphenix.protocol.injector.netty.ChannelInjector$5.onMessageScheduled(ChannelInjector.java:320)
[12:27:38] [Server thread/WARN]: 	at com.comphenix.protocol.injector.netty.ChannelProxy$2.schedulingRunnable(ChannelProxy.java:127)
[12:27:38] [Server thread/WARN]: 	at com.comphenix.protocol.injector.netty.EventLoopProxy.execute(EventLoopProxy.java:95)
[12:27:38] [Server thread/WARN]: 	at net.minecraft.server.v1_12_R1.NetworkManager.a(NetworkManager.java:194)
[12:27:38] [Server thread/WARN]: 	at net.minecraft.server.v1_12_R1.NetworkManager.sendPacket(NetworkManager.java:143)
[12:27:38] [Server thread/WARN]: 	at net.minecraft.server.v1_12_R1.PlayerConnection.sendPacket(PlayerConnection.java:1142)
[12:27:38] [Server thread/WARN]: 	at net.minecraft.server.v1_12_R1.EntityTrackerEntry.broadcast(EntityTrackerEntry.java:292)
[12:27:38] [Server thread/WARN]: 	at net.minecraft.server.v1_12_R1.EntityTrackerEntry.track(EntityTrackerEntry.java:204)
[12:27:38] [Server thread/WARN]: 	at net.minecraft.server.v1_12_R1.EntityTracker.updatePlayers(EntityTracker.java:182)
[12:27:38] [Server thread/WARN]: 	at net.minecraft.server.v1_12_R1.MinecraftServer.D(MinecraftServer.java:834)
[12:27:38] [Server thread/WARN]: 	at net.minecraft.server.v1_12_R1.DedicatedServer.D(DedicatedServer.java:406)
[12:27:38] [Server thread/WARN]: 	at net.minecraft.server.v1_12_R1.MinecraftServer.C(MinecraftServer.java:679)
[12:27:38] [Server thread/WARN]: 	at net.minecraft.server.v1_12_R1.MinecraftServer.run(MinecraftServer.java:577)
[12:27:38] [Server thread/WARN]: 	at java.lang.Thread.run(Thread.java:750)
[12:27:38] [Server thread/ERROR]: [MythicMobs] [31m[EVENTS] Exception thrown whilst handling event: com.comphenix.protocol.events.PacketEvent[37m
[12:27:38] [Server thread/WARN]: java.lang.NoSuchMethodError: com.comphenix.protocol.events.PacketEvent.isPlayerTemporary()Z
[12:27:38] [Server thread/WARN]: 	at io.lumine.xikage.mythicmobs.compatibility.ProtocolLibSupport.lambda$load$0(ProtocolLibSupport.java:26)
[12:27:38] [Server thread/WARN]: 	at io.lumine.xikage.mythicmobs.utils.events.functional.protocol.ProtocolListener.onPacket(ProtocolListener.java:107)
[12:27:38] [Server thread/WARN]: 	at io.lumine.xikage.mythicmobs.utils.events.functional.protocol.ProtocolListener.onPacketSending(ProtocolListener.java:81)
[12:27:38] [Server thread/WARN]: 	at com.comphenix.protocol.injector.SortedPacketListenerList.invokeSendingListener(SortedPacketListenerList.java:195)
[12:27:38] [Server thread/WARN]: 	at com.comphenix.protocol.injector.SortedPacketListenerList.invokePacketSending(SortedPacketListenerList.java:149)
[12:27:38] [Server thread/WARN]: 	at com.comphenix.protocol.injector.PacketFilterManager.handlePacket(PacketFilterManager.java:588)
[12:27:38] [Server thread/WARN]: 	at com.comphenix.protocol.injector.PacketFilterManager.invokePacketSending(PacketFilterManager.java:564)
[12:27:38] [Server thread/WARN]: 	at com.comphenix.protocol.injector.netty.ProtocolInjector.packetQueued(ProtocolInjector.java:338)
[12:27:38] [Server thread/WARN]: 	at com.comphenix.protocol.injector.netty.ProtocolInjector.onPacketSending(ProtocolInjector.java:298)
[12:27:38] [Server thread/WARN]: 	at com.comphenix.protocol.injector.netty.ChannelInjector.processSending(ChannelInjector.java:386)
[12:27:38] [Server thread/WARN]: 	at com.comphenix.protocol.injector.netty.ChannelInjector.access$500(ChannelInjector.java:77)
[12:27:38] [Server thread/WARN]: 	at com.comphenix.protocol.injector.netty.ChannelInjector$5.handleScheduled(ChannelInjector.java:352)
[12:27:38] [Server thread/WARN]: 	at com.comphenix.protocol.injector.netty.ChannelInjector$5.onMessageScheduled(ChannelInjector.java:320)
[12:27:38] [Server thread/WARN]: 	at com.comphenix.protocol.injector.netty.ChannelProxy$2.schedulingRunnable(ChannelProxy.java:127)
[12:27:38] [Server thread/WARN]: 	at com.comphenix.protocol.injector.netty.EventLoopProxy.execute(EventLoopProxy.java:95)
[12:27:38] [Server thread/WARN]: 	at net.minecraft.server.v1_12_R1.NetworkManager.a(NetworkManager.java:194)
[12:27:38] [Server thread/WARN]: 	at net.minecraft.server.v1_12_R1.NetworkManager.sendPacket(NetworkManager.java:143)
[12:27:38] [Server thread/WARN]: 	at net.minecraft.server.v1_12_R1.PlayerConnection.sendPacket(PlayerConnection.java:1142)
[12:27:38] [Server thread/WARN]: 	at net.minecraft.server.v1_12_R1.EntityTrackerEntry.broadcast(EntityTrackerEntry.java:292)
[12:27:38] [Server thread/WARN]: 	at net.minecraft.server.v1_12_R1.EntityTrackerEntry.track(EntityTrackerEntry.java:204)
[12:27:38] [Server thread/WARN]: 	at net.minecraft.server.v1_12_R1.EntityTracker.updatePlayers(EntityTracker.java:182)
[12:27:38] [Server thread/WARN]: 	at net.minecraft.server.v1_12_R1.MinecraftServer.D(MinecraftServer.java:834)
[12:27:38] [Server thread/WARN]: 	at net.minecraft.server.v1_12_R1.DedicatedServer.D(DedicatedServer.java:406)
[12:27:38] [Server thread/WARN]: 	at net.minecraft.server.v1_12_R1.MinecraftServer.C(MinecraftServer.java:679)
[12:27:38] [Server thread/WARN]: 	at net.minecraft.server.v1_12_R1.MinecraftServer.run(MinecraftServer.java:577)
[12:27:38] [Server thread/WARN]: 	at java.lang.Thread.run(Thread.java:750)
[12:27:38] [Server thread/ERROR]: [MythicMobs] [31m[EVENTS] Exception thrown whilst handling event: com.comphenix.protocol.events.PacketEvent[37m
[12:27:38] [Server thread/WARN]: java.lang.NoSuchMethodError: com.comphenix.protocol.events.PacketEvent.isPlayerTemporary()Z
[12:27:38] [Server thread/WARN]: 	at io.lumine.xikage.mythicmobs.compatibility.ProtocolLibSupport.lambda$load$0(ProtocolLibSupport.java:26)
[12:27:38] [Server thread/WARN]: 	at io.lumine.xikage.mythicmobs.utils.events.functional.protocol.ProtocolListener.onPacket(ProtocolListener.java:107)
[12:27:38] [Server thread/WARN]: 	at io.lumine.xikage.mythicmobs.utils.events.functional.protocol.ProtocolListener.onPacketSending(ProtocolListener.java:81)
[12:27:38] [Server thread/WARN]: 	at com.comphenix.protocol.injector.SortedPacketListenerList.invokeSendingListener(SortedPacketListenerList.java:195)
[12:27:38] [Server thread/WARN]: 	at com.comphenix.protocol.injector.SortedPacketListenerList.invokePacketSending(SortedPacketListenerList.java:149)
[12:27:38] [Server thread/WARN]: 	at com.comphenix.protocol.injector.PacketFilterManager.handlePacket(PacketFilterManager.java:588)
[12:27:38] [Server thread/WARN]: 	at com.comphenix.protocol.injector.PacketFilterManager.invokePacketSending(PacketFilterManager.java:564)
[12:27:38] [Server thread/WARN]: 	at com.comphenix.protocol.injector.netty.ProtocolInjector.packetQueued(ProtocolInjector.java:338)
[12:27:38] [Server thread/WARN]: 	at com.comphenix.protocol.injector.netty.ProtocolInjector.onPacketSending(ProtocolInjector.java:298)
[12:27:38] [Server thread/WARN]: 	at com.comphenix.protocol.injector.netty.ChannelInjector.processSending(ChannelInjector.java:386)
[12:27:38] [Server thread/WARN]: 	at com.comphenix.protocol.injector.netty.ChannelInjector.access$500(ChannelInjector.java:77)
[12:27:38] [Server thread/WARN]: 	at com.comphenix.protocol.injector.netty.ChannelInjector$5.handleScheduled(ChannelInjector.java:352)
[12:27:38] [Server thread/WARN]: 	at com.comphenix.protocol.injector.netty.ChannelInjector$5.onMessageScheduled(ChannelInjector.java:320)
[12:27:38] [Server thread/WARN]: 	at com.comphenix.protocol.injector.netty.ChannelProxy$2.schedulingRunnable(ChannelProxy.java:127)
[12:27:38] [Server thread/WARN]: 	at com.comphenix.protocol.injector.netty.EventLoopProxy.execute(EventLoopProxy.java:95)
[12:27:38] [Server thread/WARN]: 	at net.minecraft.server.v1_12_R1.NetworkManager.a(NetworkManager.java:194)
[12:27:38] [Server thread/WARN]: 	at net.minecraft.server.v1_12_R1.NetworkManager.sendPacket(NetworkManager.java:143)
[12:27:38] [Server thread/WARN]: 	at net.minecraft.server.v1_12_R1.PlayerConnection.sendPacket(PlayerConnection.java:1142)
[12:27:38] [Server thread/WARN]: 	at net.minecraft.server.v1_12_R1.EntityTrackerEntry.broadcast(EntityTrackerEntry.java:292)
[12:27:38] [Server thread/WARN]: 	at net.minecraft.server.v1_12_R1.EntityTrackerEntry.track(EntityTrackerEntry.java:204)
[12:27:38] [Server thread/WARN]: 	at net.minecraft.server.v1_12_R1.EntityTracker.updatePlayers(EntityTracker.java:182)
[12:27:38] [Server thread/WARN]: 	at net.minecraft.server.v1_12_R1.MinecraftServer.D(MinecraftServer.java:834)
[12:27:38] [Server thread/WARN]: 	at net.minecraft.server.v1_12_R1.DedicatedServer.D(DedicatedServer.java:406)
[12:27:38] [Server thread/WARN]: 	at net.minecraft.server.v1_12_R1.MinecraftServer.C(MinecraftServer.java:679)
[12:27:38] [Server thread/WARN]: 	at net.minecraft.server.v1_12_R1.MinecraftServer.run(MinecraftServer.java:577)
[12:27:38] [Server thread/WARN]: 	at java.lang.Thread.run(Thread.java:750)
[12:27:38] [Server thread/ERROR]: [MythicMobs] [31m[EVENTS] Exception thrown whilst handling event: com.comphenix.protocol.events.PacketEvent[37m
[12:27:38] [Server thread/WARN]: java.lang.NoSuchMethodError: com.comphenix.protocol.events.PacketEvent.isPlayerTemporary()Z
[12:27:38] [Server thread/WARN]: 	at io.lumine.xikage.mythicmobs.compatibility.ProtocolLibSupport.lambda$load$0(ProtocolLibSupport.java:26)
[12:27:38] [Server thread/WARN]: 	at io.lumine.xikage.mythicmobs.utils.events.functional.protocol.ProtocolListener.onPacket(ProtocolListener.java:107)
[12:27:38] [Server thread/WARN]: 	at io.lumine.xikage.mythicmobs.utils.events.functional.protocol.ProtocolListener.onPacketSending(ProtocolListener.java:81)
[12:27:38] [Server thread/WARN]: 	at com.comphenix.protocol.injector.SortedPacketListenerList.invokeSendingListener(SortedPacketListenerList.java:195)
[12:27:38] [Server thread/WARN]: 	at com.comphenix.protocol.injector.SortedPacketListenerList.invokePacketSending(SortedPacketListenerList.java:149)
[12:27:38] [Server thread/WARN]: 	at com.comphenix.protocol.injector.PacketFilterManager.handlePacket(PacketFilterManager.java:588)
[12:27:38] [Server thread/WARN]: 	at com.comphenix.protocol.injector.PacketFilterManager.invokePacketSending(PacketFilterManager.java:564)
[12:27:38] [Server thread/WARN]: 	at com.comphenix.protocol.injector.netty.ProtocolInjector.packetQueued(ProtocolInjector.java:338)
[12:27:38] [Server thread/WARN]: 	at com.comphenix.protocol.injector.netty.ProtocolInjector.onPacketSending(ProtocolInjector.java:298)
[12:27:38] [Server thread/WARN]: 	at com.comphenix.protocol.injector.netty.ChannelInjector.processSending(ChannelInjector.java:386)
[12:27:38] [Server thread/WARN]: 	at com.comphenix.protocol.injector.netty.ChannelInjector.access$500(ChannelInjector.java:77)
[12:27:38] [Server thread/WARN]: 	at com.comphenix.protocol.injector.netty.ChannelInjector$5.handleScheduled(ChannelInjector.java:352)
[12:27:38] [Server thread/WARN]: 	at com.comphenix.protocol.injector.netty.ChannelInjector$5.onMessageScheduled(ChannelInjector.java:320)
[12:27:38] [Server thread/WARN]: 	at com.comphenix.protocol.injector.netty.ChannelProxy$2.schedulingRunnable(ChannelProxy.java:127)
[12:27:38] [Server thread/WARN]: 	at com.comphenix.protocol.injector.netty.EventLoopProxy.execute(EventLoopProxy.java:95)
[12:27:38] [Server thread/WARN]: 	at net.minecraft.server.v1_12_R1.NetworkManager.a(NetworkManager.java:194)
[12:27:38] [Server thread/WARN]: 	at net.minecraft.server.v1_12_R1.NetworkManager.sendPacket(NetworkManager.java:143)
[12:27:38] [Server thread/WARN]: 	at net.minecraft.server.v1_12_R1.PlayerConnection.sendPacket(PlayerConnection.java:1142)
[12:27:38] [Server thread/WARN]: 	at net.minecraft.server.v1_12_R1.EntityTrackerEntry.broadcast(EntityTrackerEntry.java:292)
[12:27:38] [Server thread/WARN]: 	at net.minecraft.server.v1_12_R1.EntityTrackerEntry.track(EntityTrackerEntry.java:204)
[12:27:38] [Server thread/WARN]: 	at net.minecraft.server.v1_12_R1.EntityTracker.updatePlayers(EntityTracker.java:182)
[12:27:38] [Server thread/WARN]: 	at net.minecraft.server.v1_12_R1.MinecraftServer.D(MinecraftServer.java:834)
[12:27:38] [Server thread/WARN]: 	at net.minecraft.server.v1_12_R1.DedicatedServer.D(DedicatedServer.java:406)
[12:27:38] [Server thread/WARN]: 	at net.minecraft.server.v1_12_R1.MinecraftServer.C(MinecraftServer.java:679)
[12:27:38] [Server thread/WARN]: 	at net.minecraft.server.v1_12_R1.MinecraftServer.run(MinecraftServer.java:577)
[12:27:38] [Server thread/WARN]: 	at java.lang.Thread.run(Thread.java:750)
[12:27:39] [Server thread/ERROR]: [MythicMobs] [31m[EVENTS] Exception thrown whilst handling event: com.comphenix.protocol.events.PacketEvent[37m
[12:27:39] [Server thread/WARN]: java.lang.NoSuchMethodError: com.comphenix.protocol.events.PacketEvent.isPlayerTemporary()Z
[12:27:39] [Server thread/WARN]: 	at io.lumine.xikage.mythicmobs.compatibility.ProtocolLibSupport.lambda$load$0(ProtocolLibSupport.java:26)
[12:27:39] [Server thread/WARN]: 	at io.lumine.xikage.mythicmobs.utils.events.functional.protocol.ProtocolListener.onPacket(ProtocolListener.java:107)
[12:27:39] [Server thread/WARN]: 	at io.lumine.xikage.mythicmobs.utils.events.functional.protocol.ProtocolListener.onPacketSending(ProtocolListener.java:81)
[12:27:39] [Server thread/WARN]: 	at com.comphenix.protocol.injector.SortedPacketListenerList.invokeSendingListener(SortedPacketListenerList.java:195)
[12:27:39] [Server thread/WARN]: 	at com.comphenix.protocol.injector.SortedPacketListenerList.invokePacketSending(SortedPacketListenerList.java:149)
[12:27:39] [Server thread/WARN]: 	at com.comphenix.protocol.injector.PacketFilterManager.handlePacket(PacketFilterManager.java:588)
[12:27:39] [Server thread/WARN]: 	at com.comphenix.protocol.injector.PacketFilterManager.invokePacketSending(PacketFilterManager.java:564)
[12:27:39] [Server thread/WARN]: 	at com.comphenix.protocol.injector.netty.ProtocolInjector.packetQueued(ProtocolInjector.java:338)
[12:27:39] [Server thread/WARN]: 	at com.comphenix.protocol.injector.netty.ProtocolInjector.onPacketSending(ProtocolInjector.java:298)
[12:27:39] [Server thread/WARN]: 	at com.comphenix.protocol.injector.netty.ChannelInjector.processSending(ChannelInjector.java:386)
[12:27:39] [Server thread/WARN]: 	at com.comphenix.protocol.injector.netty.ChannelInjector.access$500(ChannelInjector.java:77)
[12:27:39] [Server thread/WARN]: 	at com.comphenix.protocol.injector.netty.ChannelInjector$5.handleScheduled(ChannelInjector.java:352)
[12:27:39] [Server thread/WARN]: 	at com.comphenix.protocol.injector.netty.ChannelInjector$5.onMessageScheduled(ChannelInjector.java:320)
[12:27:39] [Server thread/WARN]: 	at com.comphenix.protocol.injector.netty.ChannelProxy$2.schedulingRunnable(ChannelProxy.java:127)
[12:27:39] [Server thread/WARN]: 	at com.comphenix.protocol.injector.netty.EventLoopProxy.execute(EventLoopProxy.java:95)
[12:27:39] [Server thread/WARN]: 	at net.minecraft.server.v1_12_R1.NetworkManager.a(NetworkManager.java:194)
[12:27:39] [Server thread/WARN]: 	at net.minecraft.server.v1_12_R1.NetworkManager.sendPacket(NetworkManager.java:143)
[12:27:39] [Server thread/WARN]: 	at net.minecraft.server.v1_12_R1.PlayerConnection.sendPacket(PlayerConnection.java:1142)
[12:27:39] [Server thread/WARN]: 	at net.minecraft.server.v1_12_R1.EntityTrackerEntry.broadcast(EntityTrackerEntry.java:292)
[12:27:39] [Server thread/WARN]: 	at net.minecraft.server.v1_12_R1.EntityTrackerEntry.track(EntityTrackerEntry.java:204)
[12:27:39] [Server thread/WARN]: 	at net.minecraft.server.v1_12_R1.EntityTracker.updatePlayers(EntityTracker.java:182)
[12:27:39] [Server thread/WARN]: 	at net.minecraft.server.v1_12_R1.MinecraftServer.D(MinecraftServer.java:834)
[12:27:39] [Server thread/WARN]: 	at net.minecraft.server.v1_12_R1.DedicatedServer.D(DedicatedServer.java:406)
[12:27:39] [Server thread/WARN]: 	at net.minecraft.server.v1_12_R1.MinecraftServer.C(MinecraftServer.java:679)
[12:27:39] [Server thread/WARN]: 	at net.minecraft.server.v1_12_R1.MinecraftServer.run(MinecraftServer.java:577)
[12:27:39] [Server thread/WARN]: 	at java.lang.Thread.run(Thread.java:750)
[12:27:39] [Server thread/ERROR]: [MythicMobs] [31m[EVENTS] Exception thrown whilst handling event: com.comphenix.protocol.events.PacketEvent[37m
[12:27:39] [Server thread/WARN]: java.lang.NoSuchMethodError: com.comphenix.protocol.events.PacketEvent.isPlayerTemporary()Z
[12:27:39] [Server thread/WARN]: 	at io.lumine.xikage.mythicmobs.compatibility.ProtocolLibSupport.lambda$load$0(ProtocolLibSupport.java:26)
[12:27:39] [Server thread/WARN]: 	at io.lumine.xikage.mythicmobs.utils.events.functional.protocol.ProtocolListener.onPacket(ProtocolListener.java:107)
[12:27:39] [Server thread/WARN]: 	at io.lumine.xikage.mythicmobs.utils.events.functional.protocol.ProtocolListener.onPacketSending(ProtocolListener.java:81)
[12:27:39] [Server thread/WARN]: 	at com.comphenix.protocol.injector.SortedPacketListenerList.invokeSendingListener(SortedPacketListenerList.java:195)
[12:27:39] [Server thread/WARN]: 	at com.comphenix.protocol.injector.SortedPacketListenerList.invokePacketSending(SortedPacketListenerList.java:149)
[12:27:39] [Server thread/WARN]: 	at com.comphenix.protocol.injector.PacketFilterManager.handlePacket(PacketFilterManager.java:588)
[12:27:39] [Server thread/WARN]: 	at com.comphenix.protocol.injector.PacketFilterManager.invokePacketSending(PacketFilterManager.java:564)
[12:27:39] [Server thread/WARN]: 	at com.comphenix.protocol.injector.netty.ProtocolInjector.packetQueued(ProtocolInjector.java:338)
[12:27:39] [Server thread/WARN]: 	at com.comphenix.protocol.injector.netty.ProtocolInjector.onPacketSending(ProtocolInjector.java:298)
[12:27:39] [Server thread/WARN]: 	at com.comphenix.protocol.injector.netty.ChannelInjector.processSending(ChannelInjector.java:386)
[12:27:39] [Server thread/WARN]: 	at com.comphenix.protocol.injector.netty.ChannelInjector.access$500(ChannelInjector.java:77)
[12:27:39] [Server thread/WARN]: 	at com.comphenix.protocol.injector.netty.ChannelInjector$5.handleScheduled(ChannelInjector.java:352)
[12:27:39] [Server thread/WARN]: 	at com.comphenix.protocol.injector.netty.ChannelInjector$5.onMessageScheduled(ChannelInjector.java:320)
[12:27:39] [Server thread/WARN]: 	at com.comphenix.protocol.injector.netty.ChannelProxy$2.schedulingRunnable(ChannelProxy.java:127)
[12:27:39] [Server thread/WARN]: 	at com.comphenix.protocol.injector.netty.EventLoopProxy.execute(EventLoopProxy.java:95)
[12:27:39] [Server thread/WARN]: 	at net.minecraft.server.v1_12_R1.NetworkManager.a(NetworkManager.java:194)
[12:27:39] [Server thread/WARN]: 	at net.minecraft.server.v1_12_R1.NetworkManager.sendPacket(NetworkManager.java:143)
[12:27:39] [Server thread/WARN]: 	at net.minecraft.server.v1_12_R1.PlayerConnection.sendPacket(PlayerConnection.java:1142)
[12:27:39] [Server thread/WARN]: 	at net.minecraft.server.v1_12_R1.EntityTrackerEntry.broadcast(EntityTrackerEntry.java:292)
[12:27:39] [Server thread/WARN]: 	at net.minecraft.server.v1_12_R1.EntityTrackerEntry.track(EntityTrackerEntry.java:204)
[12:27:39] [Server thread/WARN]: 	at net.minecraft.server.v1_12_R1.EntityTracker.updatePlayers(EntityTracker.java:182)
[12:27:39] [Server thread/WARN]: 	at net.minecraft.server.v1_12_R1.MinecraftServer.D(MinecraftServer.java:834)
[12:27:39] [Server thread/WARN]: 	at net.minecraft.server.v1_12_R1.DedicatedServer.D(DedicatedServer.java:406)
[12:27:39] [Server thread/WARN]: 	at net.minecraft.server.v1_12_R1.MinecraftServer.C(MinecraftServer.java:679)
[12:27:39] [Server thread/WARN]: 	at net.minecraft.server.v1_12_R1.MinecraftServer.run(MinecraftServer.java:577)
[12:27:39] [Server thread/WARN]: 	at java.lang.Thread.run(Thread.java:750)
[12:27:40] [Server thread/ERROR]: [MythicMobs] [31m[EVENTS] Exception thrown whilst handling event: com.comphenix.protocol.events.PacketEvent[37m
[12:27:40] [Server thread/WARN]: java.lang.NoSuchMethodError: com.comphenix.protocol.events.PacketEvent.isPlayerTemporary()Z
[12:27:40] [Server thread/WARN]: 	at io.lumine.xikage.mythicmobs.compatibility.ProtocolLibSupport.lambda$load$0(ProtocolLibSupport.java:26)
[12:27:40] [Server thread/WARN]: 	at io.lumine.xikage.mythicmobs.utils.events.functional.protocol.ProtocolListener.onPacket(ProtocolListener.java:107)
[12:27:40] [Server thread/WARN]: 	at io.lumine.xikage.mythicmobs.utils.events.functional.protocol.ProtocolListener.onPacketSending(ProtocolListener.java:81)
[12:27:40] [Server thread/WARN]: 	at com.comphenix.protocol.injector.SortedPacketListenerList.invokeSendingListener(SortedPacketListenerList.java:195)
[12:27:40] [Server thread/WARN]: 	at com.comphenix.protocol.injector.SortedPacketListenerList.invokePacketSending(SortedPacketListenerList.java:149)
[12:27:40] [Server thread/WARN]: 	at com.comphenix.protocol.injector.PacketFilterManager.handlePacket(PacketFilterManager.java:588)
[12:27:40] [Server thread/WARN]: 	at com.comphenix.protocol.injector.PacketFilterManager.invokePacketSending(PacketFilterManager.java:564)
[12:27:40] [Server thread/WARN]: 	at com.comphenix.protocol.injector.netty.ProtocolInjector.packetQueued(ProtocolInjector.java:338)
[12:27:40] [Server thread/WARN]: 	at com.comphenix.protocol.injector.netty.ProtocolInjector.onPacketSending(ProtocolInjector.java:298)
[12:27:40] [Server thread/WARN]: 	at com.comphenix.protocol.injector.netty.ChannelInjector.processSending(ChannelInjector.java:386)
[12:27:40] [Server thread/WARN]: 	at com.comphenix.protocol.injector.netty.ChannelInjector.access$500(ChannelInjector.java:77)
[12:27:40] [Server thread/WARN]: 	at com.comphenix.protocol.injector.netty.ChannelInjector$5.handleScheduled(ChannelInjector.java:352)
[12:27:40] [Server thread/WARN]: 	at com.comphenix.protocol.injector.netty.ChannelInjector$5.onMessageScheduled(ChannelInjector.java:320)
[12:27:40] [Server thread/WARN]: 	at com.comphenix.protocol.injector.netty.ChannelProxy$2.schedulingRunnable(ChannelProxy.java:127)
[12:27:40] [Server thread/WARN]: 	at com.comphenix.protocol.injector.netty.EventLoopProxy.execute(EventLoopProxy.java:95)
[12:27:40] [Server thread/WARN]: 	at net.minecraft.server.v1_12_R1.NetworkManager.a(NetworkManager.java:194)
[12:27:40] [Server thread/WARN]: 	at net.minecraft.server.v1_12_R1.NetworkManager.sendPacket(NetworkManager.java:143)
[12:27:40] [Server thread/WARN]: 	at net.minecraft.server.v1_12_R1.PlayerConnection.sendPacket(PlayerConnection.java:1142)
[12:27:40] [Server thread/WARN]: 	at net.minecraft.server.v1_12_R1.EntityTrackerEntry.broadcast(EntityTrackerEntry.java:292)
[12:27:40] [Server thread/WARN]: 	at net.minecraft.server.v1_12_R1.EntityTrackerEntry.track(EntityTrackerEntry.java:204)
[12:27:40] [Server thread/WARN]: 	at net.minecraft.server.v1_12_R1.EntityTracker.updatePlayers(EntityTracker.java:182)
[12:27:40] [Server thread/WARN]: 	at net.minecraft.server.v1_12_R1.MinecraftServer.D(MinecraftServer.java:834)
[12:27:40] [Server thread/WARN]: 	at net.minecraft.server.v1_12_R1.DedicatedServer.D(DedicatedServer.java:406)
[12:27:40] [Server thread/WARN]: 	at net.minecraft.server.v1_12_R1.MinecraftServer.C(MinecraftServer.java:679)
[12:27:40] [Server thread/WARN]: 	at net.minecraft.server.v1_12_R1.MinecraftServer.run(MinecraftServer.java:577)
[12:27:40] [Server thread/WARN]: 	at java.lang.Thread.run(Thread.java:750)
[12:27:40] [Server thread/ERROR]: [MythicMobs] [31m[EVENTS] Exception thrown whilst handling event: com.comphenix.protocol.events.PacketEvent[37m
[12:27:40] [Server thread/WARN]: java.lang.NoSuchMethodError: com.comphenix.protocol.events.PacketEvent.isPlayerTemporary()Z
[12:27:40] [Server thread/WARN]: 	at io.lumine.xikage.mythicmobs.compatibility.ProtocolLibSupport.lambda$load$0(ProtocolLibSupport.java:26)
[12:27:40] [Server thread/WARN]: 	at io.lumine.xikage.mythicmobs.utils.events.functional.protocol.ProtocolListener.onPacket(ProtocolListener.java:107)
[12:27:40] [Server thread/WARN]: 	at io.lumine.xikage.mythicmobs.utils.events.functional.protocol.ProtocolListener.onPacketSending(ProtocolListener.java:81)
[12:27:40] [Server thread/WARN]: 	at com.comphenix.protocol.injector.SortedPacketListenerList.invokeSendingListener(SortedPacketListenerList.java:195)
[12:27:40] [Server thread/WARN]: 	at com.comphenix.protocol.injector.SortedPacketListenerList.invokePacketSending(SortedPacketListenerList.java:149)
[12:27:40] [Server thread/WARN]: 	at com.comphenix.protocol.injector.PacketFilterManager.handlePacket(PacketFilterManager.java:588)
[12:27:40] [Server thread/WARN]: 	at com.comphenix.protocol.injector.PacketFilterManager.invokePacketSending(PacketFilterManager.java:564)
[12:27:40] [Server thread/WARN]: 	at com.comphenix.protocol.injector.netty.ProtocolInjector.packetQueued(ProtocolInjector.java:338)
[12:27:40] [Server thread/WARN]: 	at com.comphenix.protocol.injector.netty.ProtocolInjector.onPacketSending(ProtocolInjector.java:298)
[12:27:40] [Server thread/WARN]: 	at com.comphenix.protocol.injector.netty.ChannelInjector.processSending(ChannelInjector.java:386)
[12:27:40] [Server thread/WARN]: 	at com.comphenix.protocol.injector.netty.ChannelInjector.access$500(ChannelInjector.java:77)
[12:27:40] [Server thread/WARN]: 	at com.comphenix.protocol.injector.netty.ChannelInjector$5.handleScheduled(ChannelInjector.java:352)
[12:27:40] [Server thread/WARN]: 	at com.comphenix.protocol.injector.netty.ChannelInjector$5.onMessageScheduled(ChannelInjector.java:320)
[12:27:40] [Server thread/WARN]: 	at com.comphenix.protocol.injector.netty.ChannelProxy$2.schedulingRunnable(ChannelProxy.java:127)
[12:27:40] [Server thread/WARN]: 	at com.comphenix.protocol.injector.netty.EventLoopProxy.execute(EventLoopProxy.java:95)
[12:27:40] [Server thread/WARN]: 	at net.minecraft.server.v1_12_R1.NetworkManager.a(NetworkManager.java:194)
[12:27:40] [Server thread/WARN]: 	at net.minecraft.server.v1_12_R1.NetworkManager.sendPacket(NetworkManager.java:143)
[12:27:40] [Server thread/WARN]: 	at net.minecraft.server.v1_12_R1.PlayerConnection.sendPacket(PlayerConnection.java:1142)
[12:27:40] [Server thread/WARN]: 	at net.minecraft.server.v1_12_R1.EntityTrackerEntry.broadcast(EntityTrackerEntry.java:292)
[12:27:40] [Server thread/WARN]: 	at net.minecraft.server.v1_12_R1.EntityTrackerEntry.track(EntityTrackerEntry.java:204)
[12:27:40] [Server thread/WARN]: 	at net.minecraft.server.v1_12_R1.EntityTracker.updatePlayers(EntityTracker.java:182)
[12:27:40] [Server thread/WARN]: 	at net.minecraft.server.v1_12_R1.MinecraftServer.D(MinecraftServer.java:834)
[12:27:40] [Server thread/WARN]: 	at net.minecraft.server.v1_12_R1.DedicatedServer.D(DedicatedServer.java:406)
[12:27:40] [Server thread/WARN]: 	at net.minecraft.server.v1_12_R1.MinecraftServer.C(MinecraftServer.java:679)
[12:27:40] [Server thread/WARN]: 	at net.minecraft.server.v1_12_R1.MinecraftServer.run(MinecraftServer.java:577)
[12:27:40] [Server thread/WARN]: 	at java.lang.Thread.run(Thread.java:750)
[12:27:41] [Server thread/ERROR]: [MythicMobs] [31m[EVENTS] Exception thrown whilst handling event: com.comphenix.protocol.events.PacketEvent[37m
[12:27:41] [Server thread/WARN]: java.lang.NoSuchMethodError: com.comphenix.protocol.events.PacketEvent.isPlayerTemporary()Z
[12:27:41] [Server thread/WARN]: 	at io.lumine.xikage.mythicmobs.compatibility.ProtocolLibSupport.lambda$load$0(ProtocolLibSupport.java:26)
[12:27:41] [Server thread/WARN]: 	at io.lumine.xikage.mythicmobs.utils.events.functional.protocol.ProtocolListener.onPacket(ProtocolListener.java:107)
[12:27:41] [Server thread/WARN]: 	at io.lumine.xikage.mythicmobs.utils.events.functional.protocol.ProtocolListener.onPacketSending(ProtocolListener.java:81)
[12:27:41] [Server thread/WARN]: 	at com.comphenix.protocol.injector.SortedPacketListenerList.invokeSendingListener(SortedPacketListenerList.java:195)
[12:27:41] [Server thread/WARN]: 	at com.comphenix.protocol.injector.SortedPacketListenerList.invokePacketSending(SortedPacketListenerList.java:149)
[12:27:41] [Server thread/WARN]: 	at com.comphenix.protocol.injector.PacketFilterManager.handlePacket(PacketFilterManager.java:588)
[12:27:41] [Server thread/WARN]: 	at com.comphenix.protocol.injector.PacketFilterManager.invokePacketSending(PacketFilterManager.java:564)
[12:27:41] [Server thread/WARN]: 	at com.comphenix.protocol.injector.netty.ProtocolInjector.packetQueued(ProtocolInjector.java:338)
[12:27:41] [Server thread/WARN]: 	at com.comphenix.protocol.injector.netty.ProtocolInjector.onPacketSending(ProtocolInjector.java:298)
[12:27:41] [Server thread/WARN]: 	at com.comphenix.protocol.injector.netty.ChannelInjector.processSending(ChannelInjector.java:386)
[12:27:41] [Server thread/WARN]: 	at com.comphenix.protocol.injector.netty.ChannelInjector.access$500(ChannelInjector.java:77)
[12:27:41] [Server thread/WARN]: 	at com.comphenix.protocol.injector.netty.ChannelInjector$5.handleScheduled(ChannelInjector.java:352)
[12:27:41] [Server thread/WARN]: 	at com.comphenix.protocol.injector.netty.ChannelInjector$5.onMessageScheduled(ChannelInjector.java:320)
[12:27:41] [Server thread/WARN]: 	at com.comphenix.protocol.injector.netty.ChannelProxy$2.schedulingRunnable(ChannelProxy.java:127)
[12:27:41] [Server thread/WARN]: 	at com.comphenix.protocol.injector.netty.EventLoopProxy.execute(EventLoopProxy.java:95)
[12:27:41] [Server thread/WARN]: 	at net.minecraft.server.v1_12_R1.NetworkManager.a(NetworkManager.java:194)
[12:27:41] [Server thread/WARN]: 	at net.minecraft.server.v1_12_R1.NetworkManager.sendPacket(NetworkManager.java:143)
[12:27:41] [Server thread/WARN]: 	at net.minecraft.server.v1_12_R1.PlayerConnection.sendPacket(PlayerConnection.java:1142)
[12:27:41] [Server thread/WARN]: 	at net.minecraft.server.v1_12_R1.EntityTrackerEntry.broadcast(EntityTrackerEntry.java:292)
[12:27:41] [Server thread/WARN]: 	at net.minecraft.server.v1_12_R1.EntityTrackerEntry.track(EntityTrackerEntry.java:204)
[12:27:41] [Server thread/WARN]: 	at net.minecraft.server.v1_12_R1.EntityTracker.updatePlayers(EntityTracker.java:182)
[12:27:41] [Server thread/WARN]: 	at net.minecraft.server.v1_12_R1.MinecraftServer.D(MinecraftServer.java:834)
[12:27:41] [Server thread/WARN]: 	at net.minecraft.server.v1_12_R1.DedicatedServer.D(DedicatedServer.java:406)
[12:27:41] [Server thread/WARN]: 	at net.minecraft.server.v1_12_R1.MinecraftServer.C(MinecraftServer.java:679)
[12:27:41] [Server thread/WARN]: 	at net.minecraft.server.v1_12_R1.MinecraftServer.run(MinecraftServer.java:577)
[12:27:41] [Server thread/WARN]: 	at java.lang.Thread.run(Thread.java:750)
[12:27:41] [Server thread/ERROR]: [MythicMobs] [31m[EVENTS] Exception thrown whilst handling event: com.comphenix.protocol.events.PacketEvent[37m
[12:27:41] [Server thread/WARN]: java.lang.NoSuchMethodError: com.comphenix.protocol.events.PacketEvent.isPlayerTemporary()Z
[12:27:41] [Server thread/WARN]: 	at io.lumine.xikage.mythicmobs.compatibility.ProtocolLibSupport.lambda$load$0(ProtocolLibSupport.java:26)
[12:27:41] [Server thread/WARN]: 	at io.lumine.xikage.mythicmobs.utils.events.functional.protocol.ProtocolListener.onPacket(ProtocolListener.java:107)
[12:27:41] [Server thread/WARN]: 	at io.lumine.xikage.mythicmobs.utils.events.functional.protocol.ProtocolListener.onPacketSending(ProtocolListener.java:81)
[12:27:41] [Server thread/WARN]: 	at com.comphenix.protocol.injector.SortedPacketListenerList.invokeSendingListener(SortedPacketListenerList.java:195)
[12:27:41] [Server thread/WARN]: 	at com.comphenix.protocol.injector.SortedPacketListenerList.invokePacketSending(SortedPacketListenerList.java:149)
[12:27:41] [Server thread/WARN]: 	at com.comphenix.protocol.injector.PacketFilterManager.handlePacket(PacketFilterManager.java:588)
[12:27:41] [Server thread/WARN]: 	at com.comphenix.protocol.injector.PacketFilterManager.invokePacketSending(PacketFilterManager.java:564)
[12:27:41] [Server thread/WARN]: 	at com.comphenix.protocol.injector.netty.ProtocolInjector.packetQueued(ProtocolInjector.java:338)
[12:27:41] [Server thread/WARN]: 	at com.comphenix.protocol.injector.netty.ProtocolInjector.onPacketSending(ProtocolInjector.java:298)
[12:27:41] [Server thread/WARN]: 	at com.comphenix.protocol.injector.netty.ChannelInjector.processSending(ChannelInjector.java:386)
[12:27:41] [Server thread/WARN]: 	at com.comphenix.protocol.injector.netty.ChannelInjector.access$500(ChannelInjector.java:77)
[12:27:41] [Server thread/WARN]: 	at com.comphenix.protocol.injector.netty.ChannelInjector$5.handleScheduled(ChannelInjector.java:352)
[12:27:41] [Server thread/WARN]: 	at com.comphenix.protocol.injector.netty.ChannelInjector$5.onMessageScheduled(ChannelInjector.java:320)
[12:27:41] [Server thread/WARN]: 	at com.comphenix.protocol.injector.netty.ChannelProxy$2.schedulingRunnable(ChannelProxy.java:127)
[12:27:41] [Server thread/WARN]: 	at com.comphenix.protocol.injector.netty.EventLoopProxy.execute(EventLoopProxy.java:95)
[12:27:41] [Server thread/WARN]: 	at net.minecraft.server.v1_12_R1.NetworkManager.a(NetworkManager.java:194)
[12:27:41] [Server thread/WARN]: 	at net.minecraft.server.v1_12_R1.NetworkManager.sendPacket(NetworkManager.java:143)
[12:27:41] [Server thread/WARN]: 	at net.minecraft.server.v1_12_R1.PlayerConnection.sendPacket(PlayerConnection.java:1142)
[12:27:41] [Server thread/WARN]: 	at net.minecraft.server.v1_12_R1.EntityTrackerEntry.broadcast(EntityTrackerEntry.java:292)
[12:27:41] [Server thread/WARN]: 	at net.minecraft.server.v1_12_R1.EntityTrackerEntry.track(EntityTrackerEntry.java:204)
[12:27:41] [Server thread/WARN]: 	at net.minecraft.server.v1_12_R1.EntityTracker.updatePlayers(EntityTracker.java:182)
[12:27:41] [Server thread/WARN]: 	at net.minecraft.server.v1_12_R1.MinecraftServer.D(MinecraftServer.java:834)
[12:27:41] [Server thread/WARN]: 	at net.minecraft.server.v1_12_R1.DedicatedServer.D(DedicatedServer.java:406)
[12:27:41] [Server thread/WARN]: 	at net.minecraft.server.v1_12_R1.MinecraftServer.C(MinecraftServer.java:679)
[12:27:41] [Server thread/WARN]: 	at net.minecraft.server.v1_12_R1.MinecraftServer.run(MinecraftServer.java:577)
[12:27:41] [Server thread/WARN]: 	at java.lang.Thread.run(Thread.java:750)
[12:27:41] [Server thread/ERROR]: [MythicMobs] [31m[EVENTS] Exception thrown whilst handling event: com.comphenix.protocol.events.PacketEvent[37m
[12:27:41] [Server thread/WARN]: java.lang.NoSuchMethodError: com.comphenix.protocol.events.PacketEvent.isPlayerTemporary()Z
[12:27:41] [Server thread/WARN]: 	at io.lumine.xikage.mythicmobs.compatibility.ProtocolLibSupport.lambda$load$0(ProtocolLibSupport.java:26)
[12:27:41] [Server thread/WARN]: 	at io.lumine.xikage.mythicmobs.utils.events.functional.protocol.ProtocolListener.onPacket(ProtocolListener.java:107)
[12:27:41] [Server thread/WARN]: 	at io.lumine.xikage.mythicmobs.utils.events.functional.protocol.ProtocolListener.onPacketSending(ProtocolListener.java:81)
[12:27:41] [Server thread/WARN]: 	at com.comphenix.protocol.injector.SortedPacketListenerList.invokeSendingListener(SortedPacketListenerList.java:195)
[12:27:41] [Server thread/WARN]: 	at com.comphenix.protocol.injector.SortedPacketListenerList.invokePacketSending(SortedPacketListenerList.java:149)
[12:27:41] [Server thread/WARN]: 	at com.comphenix.protocol.injector.PacketFilterManager.handlePacket(PacketFilterManager.java:588)
[12:27:41] [Server thread/WARN]: 	at com.comphenix.protocol.injector.PacketFilterManager.invokePacketSending(PacketFilterManager.java:564)
[12:27:41] [Server thread/WARN]: 	at com.comphenix.protocol.injector.netty.ProtocolInjector.packetQueued(ProtocolInjector.java:338)
[12:27:41] [Server thread/WARN]: 	at com.comphenix.protocol.injector.netty.ProtocolInjector.onPacketSending(ProtocolInjector.java:298)
[12:27:41] [Server thread/WARN]: 	at com.comphenix.protocol.injector.netty.ChannelInjector.processSending(ChannelInjector.java:386)
[12:27:41] [Server thread/WARN]: 	at com.comphenix.protocol.injector.netty.ChannelInjector.access$500(ChannelInjector.java:77)
[12:27:41] [Server thread/WARN]: 	at com.comphenix.protocol.injector.netty.ChannelInjector$5.handleScheduled(ChannelInjector.java:352)
[12:27:41] [Server thread/WARN]: 	at com.comphenix.protocol.injector.netty.ChannelInjector$5.onMessageScheduled(ChannelInjector.java:320)
[12:27:41] [Server thread/WARN]: 	at com.comphenix.protocol.injector.netty.ChannelProxy$2.schedulingRunnable(ChannelProxy.java:127)
[12:27:41] [Server thread/WARN]: 	at com.comphenix.protocol.injector.netty.EventLoopProxy.execute(EventLoopProxy.java:95)
[12:27:41] [Server thread/WARN]: 	at net.minecraft.server.v1_12_R1.NetworkManager.a(NetworkManager.java:194)
[12:27:41] [Server thread/WARN]: 	at net.minecraft.server.v1_12_R1.NetworkManager.sendPacket(NetworkManager.java:143)
[12:27:41] [Server thread/WARN]: 	at net.minecraft.server.v1_12_R1.PlayerConnection.sendPacket(PlayerConnection.java:1142)
[12:27:41] [Server thread/WARN]: 	at net.minecraft.server.v1_12_R1.EntityTrackerEntry.broadcast(EntityTrackerEntry.java:292)
[12:27:41] [Server thread/WARN]: 	at net.minecraft.server.v1_12_R1.EntityTrackerEntry.track(EntityTrackerEntry.java:204)
[12:27:41] [Server thread/WARN]: 	at net.minecraft.server.v1_12_R1.EntityTracker.updatePlayers(EntityTracker.java:182)
[12:27:41] [Server thread/WARN]: 	at net.minecraft.server.v1_12_R1.MinecraftServer.D(MinecraftServer.java:834)
[12:27:41] [Server thread/WARN]: 	at net.minecraft.server.v1_12_R1.DedicatedServer.D(DedicatedServer.java:406)
[12:27:41] [Server thread/WARN]: 	at net.minecraft.server.v1_12_R1.MinecraftServer.C(MinecraftServer.java:679)
[12:27:41] [Server thread/WARN]: 	at net.minecraft.server.v1_12_R1.MinecraftServer.run(MinecraftServer.java:577)
[12:27:41] [Server thread/WARN]: 	at java.lang.Thread.run(Thread.java:750)
[12:27:41] [Server thread/ERROR]: [MythicMobs] [31m[EVENTS] Exception thrown whilst handling event: com.comphenix.protocol.events.PacketEvent[37m
[12:27:41] [Server thread/WARN]: java.lang.NoSuchMethodError: com.comphenix.protocol.events.PacketEvent.isPlayerTemporary()Z
[12:27:41] [Server thread/WARN]: 	at io.lumine.xikage.mythicmobs.compatibility.ProtocolLibSupport.lambda$load$0(ProtocolLibSupport.java:26)
[12:27:41] [Server thread/WARN]: 	at io.lumine.xikage.mythicmobs.utils.events.functional.protocol.ProtocolListener.onPacket(ProtocolListener.java:107)
[12:27:41] [Server thread/WARN]: 	at io.lumine.xikage.mythicmobs.utils.events.functional.protocol.ProtocolListener.onPacketSending(ProtocolListener.java:81)
[12:27:41] [Server thread/WARN]: 	at com.comphenix.protocol.injector.SortedPacketListenerList.invokeSendingListener(SortedPacketListenerList.java:195)
[12:27:41] [Server thread/WARN]: 	at com.comphenix.protocol.injector.SortedPacketListenerList.invokePacketSending(SortedPacketListenerList.java:149)
[12:27:41] [Server thread/WARN]: 	at com.comphenix.protocol.injector.PacketFilterManager.handlePacket(PacketFilterManager.java:588)
[12:27:41] [Server thread/WARN]: 	at com.comphenix.protocol.injector.PacketFilterManager.invokePacketSending(PacketFilterManager.java:564)
[12:27:41] [Server thread/WARN]: 	at com.comphenix.protocol.injector.netty.ProtocolInjector.packetQueued(ProtocolInjector.java:338)
[12:27:41] [Server thread/WARN]: 	at com.comphenix.protocol.injector.netty.ProtocolInjector.onPacketSending(ProtocolInjector.java:298)
[12:27:41] [Server thread/WARN]: 	at com.comphenix.protocol.injector.netty.ChannelInjector.processSending(ChannelInjector.java:386)
[12:27:41] [Server thread/WARN]: 	at com.comphenix.protocol.injector.netty.ChannelInjector.access$500(ChannelInjector.java:77)
[12:27:41] [Server thread/WARN]: 	at com.comphenix.protocol.injector.netty.ChannelInjector$5.handleScheduled(ChannelInjector.java:352)
[12:27:41] [Server thread/WARN]: 	at com.comphenix.protocol.injector.netty.ChannelInjector$5.onMessageScheduled(ChannelInjector.java:320)
[12:27:41] [Server thread/WARN]: 	at com.comphenix.protocol.injector.netty.ChannelProxy$2.schedulingRunnable(ChannelProxy.java:127)
[12:27:41] [Server thread/WARN]: 	at com.comphenix.protocol.injector.netty.EventLoopProxy.execute(EventLoopProxy.java:95)
[12:27:41] [Server thread/WARN]: 	at net.minecraft.server.v1_12_R1.NetworkManager.a(NetworkManager.java:194)
[12:27:41] [Server thread/WARN]: 	at net.minecraft.server.v1_12_R1.NetworkManager.sendPacket(NetworkManager.java:143)
[12:27:41] [Server thread/WARN]: 	at net.minecraft.server.v1_12_R1.PlayerConnection.sendPacket(PlayerConnection.java:1142)
[12:27:41] [Server thread/WARN]: 	at net.minecraft.server.v1_12_R1.EntityTrackerEntry.broadcast(EntityTrackerEntry.java:292)
[12:27:41] [Server thread/WARN]: 	at net.minecraft.server.v1_12_R1.EntityTrackerEntry.track(EntityTrackerEntry.java:204)
[12:27:41] [Server thread/WARN]: 	at net.minecraft.server.v1_12_R1.EntityTracker.updatePlayers(EntityTracker.java:182)
[12:27:41] [Server thread/WARN]: 	at net.minecraft.server.v1_12_R1.MinecraftServer.D(MinecraftServer.java:834)
[12:27:41] [Server thread/WARN]: 	at net.minecraft.server.v1_12_R1.DedicatedServer.D(DedicatedServer.java:406)
[12:27:41] [Server thread/WARN]: 	at net.minecraft.server.v1_12_R1.MinecraftServer.C(MinecraftServer.java:679)
[12:27:41] [Server thread/WARN]: 	at net.minecraft.server.v1_12_R1.MinecraftServer.run(MinecraftServer.java:577)
[12:27:41] [Server thread/WARN]: 	at java.lang.Thread.run(Thread.java:750)
[12:27:41] [Server thread/ERROR]: [MythicMobs] [31m[EVENTS] Exception thrown whilst handling event: com.comphenix.protocol.events.PacketEvent[37m
[12:27:41] [Server thread/WARN]: java.lang.NoSuchMethodError: com.comphenix.protocol.events.PacketEvent.isPlayerTemporary()Z
[12:27:41] [Server thread/WARN]: 	at io.lumine.xikage.mythicmobs.compatibility.ProtocolLibSupport.lambda$load$0(ProtocolLibSupport.java:26)
[12:27:41] [Server thread/WARN]: 	at io.lumine.xikage.mythicmobs.utils.events.functional.protocol.ProtocolListener.onPacket(ProtocolListener.java:107)
[12:27:41] [Server thread/WARN]: 	at io.lumine.xikage.mythicmobs.utils.events.functional.protocol.ProtocolListener.onPacketSending(ProtocolListener.java:81)
[12:27:41] [Server thread/WARN]: 	at com.comphenix.protocol.injector.SortedPacketListenerList.invokeSendingListener(SortedPacketListenerList.java:195)
[12:27:41] [Server thread/WARN]: 	at com.comphenix.protocol.injector.SortedPacketListenerList.invokePacketSending(SortedPacketListenerList.java:149)
[12:27:41] [Server thread/WARN]: 	at com.comphenix.protocol.injector.PacketFilterManager.handlePacket(PacketFilterManager.java:588)
[12:27:41] [Server thread/WARN]: 	at com.comphenix.protocol.injector.PacketFilterManager.invokePacketSending(PacketFilterManager.java:564)
[12:27:41] [Server thread/WARN]: 	at com.comphenix.protocol.injector.netty.ProtocolInjector.packetQueued(ProtocolInjector.java:338)
[12:27:41] [Server thread/WARN]: 	at com.comphenix.protocol.injector.netty.ProtocolInjector.onPacketSending(ProtocolInjector.java:298)
[12:27:41] [Server thread/WARN]: 	at com.comphenix.protocol.injector.netty.ChannelInjector.processSending(ChannelInjector.java:386)
[12:27:41] [Server thread/WARN]: 	at com.comphenix.protocol.injector.netty.ChannelInjector.access$500(ChannelInjector.java:77)
[12:27:41] [Server thread/WARN]: 	at com.comphenix.protocol.injector.netty.ChannelInjector$5.handleScheduled(ChannelInjector.java:352)
[12:27:41] [Server thread/WARN]: 	at com.comphenix.protocol.injector.netty.ChannelInjector$5.onMessageScheduled(ChannelInjector.java:320)
[12:27:41] [Server thread/WARN]: 	at com.comphenix.protocol.injector.netty.ChannelProxy$2.schedulingRunnable(ChannelProxy.java:127)
[12:27:41] [Server thread/WARN]: 	at com.comphenix.protocol.injector.netty.EventLoopProxy.execute(EventLoopProxy.java:95)
[12:27:41] [Server thread/WARN]: 	at net.minecraft.server.v1_12_R1.NetworkManager.a(NetworkManager.java:194)
[12:27:41] [Server thread/WARN]: 	at net.minecraft.server.v1_12_R1.NetworkManager.sendPacket(NetworkManager.java:143)
[12:27:41] [Server thread/WARN]: 	at net.minecraft.server.v1_12_R1.PlayerConnection.sendPacket(PlayerConnection.java:1142)
[12:27:41] [Server thread/WARN]: 	at net.minecraft.server.v1_12_R1.EntityTrackerEntry.broadcast(EntityTrackerEntry.java:292)
[12:27:41] [Server thread/WARN]: 	at net.minecraft.server.v1_12_R1.EntityTrackerEntry.track(EntityTrackerEntry.java:204)
[12:27:41] [Server thread/WARN]: 	at net.minecraft.server.v1_12_R1.EntityTracker.updatePlayers(EntityTracker.java:182)
[12:27:41] [Server thread/WARN]: 	at net.minecraft.server.v1_12_R1.MinecraftServer.D(MinecraftServer.java:834)
[12:27:41] [Server thread/WARN]: 	at net.minecraft.server.v1_12_R1.DedicatedServer.D(DedicatedServer.java:406)
[12:27:41] [Server thread/WARN]: 	at net.minecraft.server.v1_12_R1.MinecraftServer.C(MinecraftServer.java:679)
[12:27:41] [Server thread/WARN]: 	at net.minecraft.server.v1_12_R1.MinecraftServer.run(MinecraftServer.java:577)
[12:27:41] [Server thread/WARN]: 	at java.lang.Thread.run(Thread.java:750)
[12:27:41] [Server thread/ERROR]: [MythicMobs] [31m[EVENTS] Exception thrown whilst handling event: com.comphenix.protocol.events.PacketEvent[37m
[12:27:41] [Server thread/WARN]: java.lang.NoSuchMethodError: com.comphenix.protocol.events.PacketEvent.isPlayerTemporary()Z
[12:27:41] [Server thread/WARN]: 	at io.lumine.xikage.mythicmobs.compatibility.ProtocolLibSupport.lambda$load$0(ProtocolLibSupport.java:26)
[12:27:41] [Server thread/WARN]: 	at io.lumine.xikage.mythicmobs.utils.events.functional.protocol.ProtocolListener.onPacket(ProtocolListener.java:107)
[12:27:41] [Server thread/WARN]: 	at io.lumine.xikage.mythicmobs.utils.events.functional.protocol.ProtocolListener.onPacketSending(ProtocolListener.java:81)
[12:27:41] [Server thread/WARN]: 	at com.comphenix.protocol.injector.SortedPacketListenerList.invokeSendingListener(SortedPacketListenerList.java:195)
[12:27:41] [Server thread/WARN]: 	at com.comphenix.protocol.injector.SortedPacketListenerList.invokePacketSending(SortedPacketListenerList.java:149)
[12:27:41] [Server thread/WARN]: 	at com.comphenix.protocol.injector.PacketFilterManager.handlePacket(PacketFilterManager.java:588)
[12:27:41] [Server thread/WARN]: 	at com.comphenix.protocol.injector.PacketFilterManager.invokePacketSending(PacketFilterManager.java:564)
[12:27:41] [Server thread/WARN]: 	at com.comphenix.protocol.injector.netty.ProtocolInjector.packetQueued(ProtocolInjector.java:338)
[12:27:41] [Server thread/WARN]: 	at com.comphenix.protocol.injector.netty.ProtocolInjector.onPacketSending(ProtocolInjector.java:298)
[12:27:41] [Server thread/WARN]: 	at com.comphenix.protocol.injector.netty.ChannelInjector.processSending(ChannelInjector.java:386)
[12:27:41] [Server thread/WARN]: 	at com.comphenix.protocol.injector.netty.ChannelInjector.access$500(ChannelInjector.java:77)
[12:27:41] [Server thread/WARN]: 	at com.comphenix.protocol.injector.netty.ChannelInjector$5.handleScheduled(ChannelInjector.java:352)
[12:27:41] [Server thread/WARN]: 	at com.comphenix.protocol.injector.netty.ChannelInjector$5.onMessageScheduled(ChannelInjector.java:320)
[12:27:41] [Server thread/WARN]: 	at com.comphenix.protocol.injector.netty.ChannelProxy$2.schedulingRunnable(ChannelProxy.java:127)
[12:27:41] [Server thread/WARN]: 	at com.comphenix.protocol.injector.netty.EventLoopProxy.execute(EventLoopProxy.java:95)
[12:27:41] [Server thread/WARN]: 	at net.minecraft.server.v1_12_R1.NetworkManager.a(NetworkManager.java:194)
[12:27:41] [Server thread/WARN]: 	at net.minecraft.server.v1_12_R1.NetworkManager.sendPacket(NetworkManager.java:143)
[12:27:41] [Server thread/WARN]: 	at net.minecraft.server.v1_12_R1.PlayerConnection.sendPacket(PlayerConnection.java:1142)
[12:27:41] [Server thread/WARN]: 	at net.minecraft.server.v1_12_R1.EntityTrackerEntry.broadcast(EntityTrackerEntry.java:292)
[12:27:41] [Server thread/WARN]: 	at net.minecraft.server.v1_12_R1.EntityTrackerEntry.track(EntityTrackerEntry.java:204)
[12:27:41] [Server thread/WARN]: 	at net.minecraft.server.v1_12_R1.EntityTracker.updatePlayers(EntityTracker.java:182)
[12:27:41] [Server thread/WARN]: 	at net.minecraft.server.v1_12_R1.MinecraftServer.D(MinecraftServer.java:834)
[12:27:41] [Server thread/WARN]: 	at net.minecraft.server.v1_12_R1.DedicatedServer.D(DedicatedServer.java:406)
[12:27:41] [Server thread/WARN]: 	at net.minecraft.server.v1_12_R1.MinecraftServer.C(MinecraftServer.java:679)
[12:27:41] [Server thread/WARN]: 	at net.minecraft.server.v1_12_R1.MinecraftServer.run(MinecraftServer.java:577)
[12:27:41] [Server thread/WARN]: 	at java.lang.Thread.run(Thread.java:750)
[12:27:41] [Server thread/ERROR]: [MythicMobs] [31m[EVENTS] Exception thrown whilst handling event: com.comphenix.protocol.events.PacketEvent[37m
[12:27:41] [Server thread/WARN]: java.lang.NoSuchMethodError: com.comphenix.protocol.events.PacketEvent.isPlayerTemporary()Z
[12:27:41] [Server thread/WARN]: 	at io.lumine.xikage.mythicmobs.compatibility.ProtocolLibSupport.lambda$load$0(ProtocolLibSupport.java:26)
[12:27:41] [Server thread/WARN]: 	at io.lumine.xikage.mythicmobs.utils.events.functional.protocol.ProtocolListener.onPacket(ProtocolListener.java:107)
[12:27:41] [Server thread/WARN]: 	at io.lumine.xikage.mythicmobs.utils.events.functional.protocol.ProtocolListener.onPacketSending(ProtocolListener.java:81)
[12:27:41] [Server thread/WARN]: 	at com.comphenix.protocol.injector.SortedPacketListenerList.invokeSendingListener(SortedPacketListenerList.java:195)
[12:27:41] [Server thread/WARN]: 	at com.comphenix.protocol.injector.SortedPacketListenerList.invokePacketSending(SortedPacketListenerList.java:149)
[12:27:41] [Server thread/WARN]: 	at com.comphenix.protocol.injector.PacketFilterManager.handlePacket(PacketFilterManager.java:588)
[12:27:41] [Server thread/WARN]: 	at com.comphenix.protocol.injector.PacketFilterManager.invokePacketSending(PacketFilterManager.java:564)
[12:27:41] [Server thread/WARN]: 	at com.comphenix.protocol.injector.netty.ProtocolInjector.packetQueued(ProtocolInjector.java:338)
[12:27:41] [Server thread/WARN]: 	at com.comphenix.protocol.injector.netty.ProtocolInjector.onPacketSending(ProtocolInjector.java:298)
[12:27:41] [Server thread/WARN]: 	at com.comphenix.protocol.injector.netty.ChannelInjector.processSending(ChannelInjector.java:386)
[12:27:41] [Server thread/WARN]: 	at com.comphenix.protocol.injector.netty.ChannelInjector.access$500(ChannelInjector.java:77)
[12:27:41] [Server thread/WARN]: 	at com.comphenix.protocol.injector.netty.ChannelInjector$5.handleScheduled(ChannelInjector.java:352)
[12:27:41] [Server thread/WARN]: 	at com.comphenix.protocol.injector.netty.ChannelInjector$5.onMessageScheduled(ChannelInjector.java:320)
[12:27:41] [Server thread/WARN]: 	at com.comphenix.protocol.injector.netty.ChannelProxy$2.schedulingRunnable(ChannelProxy.java:127)
[12:27:41] [Server thread/WARN]: 	at com.comphenix.protocol.injector.netty.EventLoopProxy.execute(EventLoopProxy.java:95)
[12:27:41] [Server thread/WARN]: 	at net.minecraft.server.v1_12_R1.NetworkManager.a(NetworkManager.java:194)
[12:27:41] [Server thread/WARN]: 	at net.minecraft.server.v1_12_R1.NetworkManager.sendPacket(NetworkManager.java:143)
[12:27:41] [Server thread/WARN]: 	at net.minecraft.server.v1_12_R1.PlayerConnection.sendPacket(PlayerConnection.java:1142)
[12:27:41] [Server thread/WARN]: 	at net.minecraft.server.v1_12_R1.EntityTrackerEntry.broadcast(EntityTrackerEntry.java:292)
[12:27:41] [Server thread/WARN]: 	at net.minecraft.server.v1_12_R1.EntityTrackerEntry.track(EntityTrackerEntry.java:204)
[12:27:41] [Server thread/WARN]: 	at net.minecraft.server.v1_12_R1.EntityTracker.updatePlayers(EntityTracker.java:182)
[12:27:41] [Server thread/WARN]: 	at net.minecraft.server.v1_12_R1.MinecraftServer.D(MinecraftServer.java:834)
[12:27:41] [Server thread/WARN]: 	at net.minecraft.server.v1_12_R1.DedicatedServer.D(DedicatedServer.java:406)
[12:27:41] [Server thread/WARN]: 	at net.minecraft.server.v1_12_R1.MinecraftServer.C(MinecraftServer.java:679)
[12:27:41] [Server thread/WARN]: 	at net.minecraft.server.v1_12_R1.MinecraftServer.run(MinecraftServer.java:577)
[12:27:41] [Server thread/WARN]: 	at java.lang.Thread.run(Thread.java:750)
[12:27:42] [Server thread/ERROR]: [MythicMobs] [31m[EVENTS] Exception thrown whilst handling event: com.comphenix.protocol.events.PacketEvent[37m
[12:27:42] [Server thread/WARN]: java.lang.NoSuchMethodError: com.comphenix.protocol.events.PacketEvent.isPlayerTemporary()Z
[12:27:42] [Server thread/WARN]: 	at io.lumine.xikage.mythicmobs.compatibility.ProtocolLibSupport.lambda$load$0(ProtocolLibSupport.java:26)
[12:27:42] [Server thread/WARN]: 	at io.lumine.xikage.mythicmobs.utils.events.functional.protocol.ProtocolListener.onPacket(ProtocolListener.java:107)
[12:27:42] [Server thread/WARN]: 	at io.lumine.xikage.mythicmobs.utils.events.functional.protocol.ProtocolListener.onPacketSending(ProtocolListener.java:81)
[12:27:42] [Server thread/WARN]: 	at com.comphenix.protocol.injector.SortedPacketListenerList.invokeSendingListener(SortedPacketListenerList.java:195)
[12:27:42] [Server thread/WARN]: 	at com.comphenix.protocol.injector.SortedPacketListenerList.invokePacketSending(SortedPacketListenerList.java:149)
[12:27:42] [Server thread/WARN]: 	at com.comphenix.protocol.injector.PacketFilterManager.handlePacket(PacketFilterManager.java:588)
[12:27:42] [Server thread/WARN]: 	at com.comphenix.protocol.injector.PacketFilterManager.invokePacketSending(PacketFilterManager.java:564)
[12:27:42] [Server thread/WARN]: 	at com.comphenix.protocol.injector.netty.ProtocolInjector.packetQueued(ProtocolInjector.java:338)
[12:27:42] [Server thread/WARN]: 	at com.comphenix.protocol.injector.netty.ProtocolInjector.onPacketSending(ProtocolInjector.java:298)
[12:27:42] [Server thread/WARN]: 	at com.comphenix.protocol.injector.netty.ChannelInjector.processSending(ChannelInjector.java:386)
[12:27:42] [Server thread/WARN]: 	at com.comphenix.protocol.injector.netty.ChannelInjector.access$500(ChannelInjector.java:77)
[12:27:42] [Server thread/WARN]: 	at com.comphenix.protocol.injector.netty.ChannelInjector$5.handleScheduled(ChannelInjector.java:352)
[12:27:42] [Server thread/WARN]: 	at com.comphenix.protocol.injector.netty.ChannelInjector$5.onMessageScheduled(ChannelInjector.java:320)
[12:27:42] [Server thread/WARN]: 	at com.comphenix.protocol.injector.netty.ChannelProxy$2.schedulingRunnable(ChannelProxy.java:127)
[12:27:42] [Server thread/WARN]: 	at com.comphenix.protocol.injector.netty.EventLoopProxy.execute(EventLoopProxy.java:95)
[12:27:42] [Server thread/WARN]: 	at net.minecraft.server.v1_12_R1.NetworkManager.a(NetworkManager.java:194)
[12:27:42] [Server thread/WARN]: 	at net.minecraft.server.v1_12_R1.NetworkManager.sendPacket(NetworkManager.java:143)
[12:27:42] [Server thread/WARN]: 	at net.minecraft.server.v1_12_R1.PlayerConnection.sendPacket(PlayerConnection.java:1142)
[12:27:42] [Server thread/WARN]: 	at net.minecraft.server.v1_12_R1.EntityTrackerEntry.broadcast(EntityTrackerEntry.java:292)
[12:27:42] [Server thread/WARN]: 	at net.minecraft.server.v1_12_R1.EntityTrackerEntry.track(EntityTrackerEntry.java:204)
[12:27:42] [Server thread/WARN]: 	at net.minecraft.server.v1_12_R1.EntityTracker.updatePlayers(EntityTracker.java:182)
[12:27:42] [Server thread/WARN]: 	at net.minecraft.server.v1_12_R1.MinecraftServer.D(MinecraftServer.java:834)
[12:27:42] [Server thread/WARN]: 	at net.minecraft.server.v1_12_R1.DedicatedServer.D(DedicatedServer.java:406)
[12:27:42] [Server thread/WARN]: 	at net.minecraft.server.v1_12_R1.MinecraftServer.C(MinecraftServer.java:679)
[12:27:42] [Server thread/WARN]: 	at net.minecraft.server.v1_12_R1.MinecraftServer.run(MinecraftServer.java:577)
[12:27:42] [Server thread/WARN]: 	at java.lang.Thread.run(Thread.java:750)
[12:27:42] [Server thread/ERROR]: [MythicMobs] [31m[EVENTS] Exception thrown whilst handling event: com.comphenix.protocol.events.PacketEvent[37m
[12:27:42] [Server thread/WARN]: java.lang.NoSuchMethodError: com.comphenix.protocol.events.PacketEvent.isPlayerTemporary()Z
[12:27:42] [Server thread/WARN]: 	at io.lumine.xikage.mythicmobs.compatibility.ProtocolLibSupport.lambda$load$0(ProtocolLibSupport.java:26)
[12:27:42] [Server thread/WARN]: 	at io.lumine.xikage.mythicmobs.utils.events.functional.protocol.ProtocolListener.onPacket(ProtocolListener.java:107)
[12:27:42] [Server thread/WARN]: 	at io.lumine.xikage.mythicmobs.utils.events.functional.protocol.ProtocolListener.onPacketSending(ProtocolListener.java:81)
[12:27:42] [Server thread/WARN]: 	at com.comphenix.protocol.injector.SortedPacketListenerList.invokeSendingListener(SortedPacketListenerList.java:195)
[12:27:42] [Server thread/WARN]: 	at com.comphenix.protocol.injector.SortedPacketListenerList.invokePacketSending(SortedPacketListenerList.java:149)
[12:27:42] [Server thread/WARN]: 	at com.comphenix.protocol.injector.PacketFilterManager.handlePacket(PacketFilterManager.java:588)
[12:27:42] [Server thread/WARN]: 	at com.comphenix.protocol.injector.PacketFilterManager.invokePacketSending(PacketFilterManager.java:564)
[12:27:42] [Server thread/WARN]: 	at com.comphenix.protocol.injector.netty.ProtocolInjector.packetQueued(ProtocolInjector.java:338)
[12:27:42] [Server thread/WARN]: 	at com.comphenix.protocol.injector.netty.ProtocolInjector.onPacketSending(ProtocolInjector.java:298)
[12:27:42] [Server thread/WARN]: 	at com.comphenix.protocol.injector.netty.ChannelInjector.processSending(ChannelInjector.java:386)
[12:27:42] [Server thread/WARN]: 	at com.comphenix.protocol.injector.netty.ChannelInjector.access$500(ChannelInjector.java:77)
[12:27:42] [Server thread/WARN]: 	at com.comphenix.protocol.injector.netty.ChannelInjector$5.handleScheduled(ChannelInjector.java:352)
[12:27:42] [Server thread/WARN]: 	at com.comphenix.protocol.injector.netty.ChannelInjector$5.onMessageScheduled(ChannelInjector.java:320)
[12:27:42] [Server thread/WARN]: 	at com.comphenix.protocol.injector.netty.ChannelProxy$2.schedulingRunnable(ChannelProxy.java:127)
[12:27:42] [Server thread/WARN]: 	at com.comphenix.protocol.injector.netty.EventLoopProxy.execute(EventLoopProxy.java:95)
[12:27:42] [Server thread/WARN]: 	at net.minecraft.server.v1_12_R1.NetworkManager.a(NetworkManager.java:194)
[12:27:42] [Server thread/WARN]: 	at net.minecraft.server.v1_12_R1.NetworkManager.sendPacket(NetworkManager.java:143)
[12:27:42] [Server thread/WARN]: 	at net.minecraft.server.v1_12_R1.PlayerConnection.sendPacket(PlayerConnection.java:1142)
[12:27:42] [Server thread/WARN]: 	at net.minecraft.server.v1_12_R1.EntityTrackerEntry.broadcast(EntityTrackerEntry.java:292)
[12:27:42] [Server thread/WARN]: 	at net.minecraft.server.v1_12_R1.EntityTrackerEntry.track(EntityTrackerEntry.java:204)
[12:27:42] [Server thread/WARN]: 	at net.minecraft.server.v1_12_R1.EntityTracker.updatePlayers(EntityTracker.java:182)
[12:27:42] [Server thread/WARN]: 	at net.minecraft.server.v1_12_R1.MinecraftServer.D(MinecraftServer.java:834)
[12:27:42] [Server thread/WARN]: 	at net.minecraft.server.v1_12_R1.DedicatedServer.D(DedicatedServer.java:406)
[12:27:42] [Server thread/WARN]: 	at net.minecraft.server.v1_12_R1.MinecraftServer.C(MinecraftServer.java:679)
[12:27:42] [Server thread/WARN]: 	at net.minecraft.server.v1_12_R1.MinecraftServer.run(MinecraftServer.java:577)
[12:27:42] [Server thread/WARN]: 	at java.lang.Thread.run(Thread.java:750)
[12:27:42] [Server thread/ERROR]: [MythicMobs] [31m[EVENTS] Exception thrown whilst handling event: com.comphenix.protocol.events.PacketEvent[37m
[12:27:42] [Server thread/WARN]: java.lang.NoSuchMethodError: com.comphenix.protocol.events.PacketEvent.isPlayerTemporary()Z
[12:27:42] [Server thread/WARN]: 	at io.lumine.xikage.mythicmobs.compatibility.ProtocolLibSupport.lambda$load$0(ProtocolLibSupport.java:26)
[12:27:42] [Server thread/WARN]: 	at io.lumine.xikage.mythicmobs.utils.events.functional.protocol.ProtocolListener.onPacket(ProtocolListener.java:107)
[12:27:42] [Server thread/WARN]: 	at io.lumine.xikage.mythicmobs.utils.events.functional.protocol.ProtocolListener.onPacketSending(ProtocolListener.java:81)
[12:27:42] [Server thread/WARN]: 	at com.comphenix.protocol.injector.SortedPacketListenerList.invokeSendingListener(SortedPacketListenerList.java:195)
[12:27:42] [Server thread/WARN]: 	at com.comphenix.protocol.injector.SortedPacketListenerList.invokePacketSending(SortedPacketListenerList.java:149)
[12:27:42] [Server thread/WARN]: 	at com.comphenix.protocol.injector.PacketFilterManager.handlePacket(PacketFilterManager.java:588)
[12:27:42] [Server thread/WARN]: 	at com.comphenix.protocol.injector.PacketFilterManager.invokePacketSending(PacketFilterManager.java:564)
[12:27:42] [Server thread/WARN]: 	at com.comphenix.protocol.injector.netty.ProtocolInjector.packetQueued(ProtocolInjector.java:338)
[12:27:42] [Server thread/WARN]: 	at com.comphenix.protocol.injector.netty.ProtocolInjector.onPacketSending(ProtocolInjector.java:298)
[12:27:42] [Server thread/WARN]: 	at com.comphenix.protocol.injector.netty.ChannelInjector.processSending(ChannelInjector.java:386)
[12:27:42] [Server thread/WARN]: 	at com.comphenix.protocol.injector.netty.ChannelInjector.access$500(ChannelInjector.java:77)
[12:27:42] [Server thread/WARN]: 	at com.comphenix.protocol.injector.netty.ChannelInjector$5.handleScheduled(ChannelInjector.java:352)
[12:27:42] [Server thread/WARN]: 	at com.comphenix.protocol.injector.netty.ChannelInjector$5.onMessageScheduled(ChannelInjector.java:320)
[12:27:42] [Server thread/WARN]: 	at com.comphenix.protocol.injector.netty.ChannelProxy$2.schedulingRunnable(ChannelProxy.java:127)
[12:27:42] [Server thread/WARN]: 	at com.comphenix.protocol.injector.netty.EventLoopProxy.execute(EventLoopProxy.java:95)
[12:27:42] [Server thread/WARN]: 	at net.minecraft.server.v1_12_R1.NetworkManager.a(NetworkManager.java:194)
[12:27:42] [Server thread/WARN]: 	at net.minecraft.server.v1_12_R1.NetworkManager.sendPacket(NetworkManager.java:143)
[12:27:42] [Server thread/WARN]: 	at net.minecraft.server.v1_12_R1.PlayerConnection.sendPacket(PlayerConnection.java:1142)
[12:27:42] [Server thread/WARN]: 	at net.minecraft.server.v1_12_R1.EntityTrackerEntry.broadcast(EntityTrackerEntry.java:292)
[12:27:42] [Server thread/WARN]: 	at net.minecraft.server.v1_12_R1.EntityTrackerEntry.track(EntityTrackerEntry.java:204)
[12:27:42] [Server thread/WARN]: 	at net.minecraft.server.v1_12_R1.EntityTracker.updatePlayers(EntityTracker.java:182)
[12:27:42] [Server thread/WARN]: 	at net.minecraft.server.v1_12_R1.MinecraftServer.D(MinecraftServer.java:834)
[12:27:42] [Server thread/WARN]: 	at net.minecraft.server.v1_12_R1.DedicatedServer.D(DedicatedServer.java:406)
[12:27:42] [Server thread/WARN]: 	at net.minecraft.server.v1_12_R1.MinecraftServer.C(MinecraftServer.java:679)
[12:27:42] [Server thread/WARN]: 	at net.minecraft.server.v1_12_R1.MinecraftServer.run(MinecraftServer.java:577)
[12:27:42] [Server thread/WARN]: 	at java.lang.Thread.run(Thread.java:750)
[12:27:42] [Server thread/ERROR]: [MythicMobs] [31m[EVENTS] Exception thrown whilst handling event: com.comphenix.protocol.events.PacketEvent[37m
[12:27:42] [Server thread/WARN]: java.lang.NoSuchMethodError: com.comphenix.protocol.events.PacketEvent.isPlayerTemporary()Z
[12:27:42] [Server thread/WARN]: 	at io.lumine.xikage.mythicmobs.compatibility.ProtocolLibSupport.lambda$load$0(ProtocolLibSupport.java:26)
[12:27:42] [Server thread/WARN]: 	at io.lumine.xikage.mythicmobs.utils.events.functional.protocol.ProtocolListener.onPacket(ProtocolListener.java:107)
[12:27:42] [Server thread/WARN]: 	at io.lumine.xikage.mythicmobs.utils.events.functional.protocol.ProtocolListener.onPacketSending(ProtocolListener.java:81)
[12:27:42] [Server thread/WARN]: 	at com.comphenix.protocol.injector.SortedPacketListenerList.invokeSendingListener(SortedPacketListenerList.java:195)
[12:27:42] [Server thread/WARN]: 	at com.comphenix.protocol.injector.SortedPacketListenerList.invokePacketSending(SortedPacketListenerList.java:149)
[12:27:42] [Server thread/WARN]: 	at com.comphenix.protocol.injector.PacketFilterManager.handlePacket(PacketFilterManager.java:588)
[12:27:42] [Server thread/WARN]: 	at com.comphenix.protocol.injector.PacketFilterManager.invokePacketSending(PacketFilterManager.java:564)
[12:27:42] [Server thread/WARN]: 	at com.comphenix.protocol.injector.netty.ProtocolInjector.packetQueued(ProtocolInjector.java:338)
[12:27:42] [Server thread/WARN]: 	at com.comphenix.protocol.injector.netty.ProtocolInjector.onPacketSending(ProtocolInjector.java:298)
[12:27:42] [Server thread/WARN]: 	at com.comphenix.protocol.injector.netty.ChannelInjector.processSending(ChannelInjector.java:386)
[12:27:42] [Server thread/WARN]: 	at com.comphenix.protocol.injector.netty.ChannelInjector.access$500(ChannelInjector.java:77)
[12:27:42] [Server thread/WARN]: 	at com.comphenix.protocol.injector.netty.ChannelInjector$5.handleScheduled(ChannelInjector.java:352)
[12:27:42] [Server thread/WARN]: 	at com.comphenix.protocol.injector.netty.ChannelInjector$5.onMessageScheduled(ChannelInjector.java:320)
[12:27:42] [Server thread/WARN]: 	at com.comphenix.protocol.injector.netty.ChannelProxy$2.schedulingRunnable(ChannelProxy.java:127)
[12:27:42] [Server thread/WARN]: 	at com.comphenix.protocol.injector.netty.EventLoopProxy.execute(EventLoopProxy.java:95)
[12:27:42] [Server thread/WARN]: 	at net.minecraft.server.v1_12_R1.NetworkManager.a(NetworkManager.java:194)
[12:27:42] [Server thread/WARN]: 	at net.minecraft.server.v1_12_R1.NetworkManager.sendPacket(NetworkManager.java:143)
[12:27:42] [Server thread/WARN]: 	at net.minecraft.server.v1_12_R1.PlayerConnection.sendPacket(PlayerConnection.java:1142)
[12:27:42] [Server thread/WARN]: 	at net.minecraft.server.v1_12_R1.EntityTrackerEntry.broadcast(EntityTrackerEntry.java:292)
[12:27:42] [Server thread/WARN]: 	at net.minecraft.server.v1_12_R1.EntityTrackerEntry.track(EntityTrackerEntry.java:204)
[12:27:42] [Server thread/WARN]: 	at net.minecraft.server.v1_12_R1.EntityTracker.updatePlayers(EntityTracker.java:182)
[12:27:42] [Server thread/WARN]: 	at net.minecraft.server.v1_12_R1.MinecraftServer.D(MinecraftServer.java:834)
[12:27:42] [Server thread/WARN]: 	at net.minecraft.server.v1_12_R1.DedicatedServer.D(DedicatedServer.java:406)
[12:27:42] [Server thread/WARN]: 	at net.minecraft.server.v1_12_R1.MinecraftServer.C(MinecraftServer.java:679)
[12:27:42] [Server thread/WARN]: 	at net.minecraft.server.v1_12_R1.MinecraftServer.run(MinecraftServer.java:577)
[12:27:42] [Server thread/WARN]: 	at java.lang.Thread.run(Thread.java:750)
[12:27:42] [Server thread/ERROR]: [MythicMobs] [31m[EVENTS] Exception thrown whilst handling event: com.comphenix.protocol.events.PacketEvent[37m
[12:27:42] [Server thread/WARN]: java.lang.NoSuchMethodError: com.comphenix.protocol.events.PacketEvent.isPlayerTemporary()Z
[12:27:42] [Server thread/WARN]: 	at io.lumine.xikage.mythicmobs.compatibility.ProtocolLibSupport.lambda$load$0(ProtocolLibSupport.java:26)
[12:27:42] [Server thread/WARN]: 	at io.lumine.xikage.mythicmobs.utils.events.functional.protocol.ProtocolListener.onPacket(ProtocolListener.java:107)
[12:27:42] [Server thread/WARN]: 	at io.lumine.xikage.mythicmobs.utils.events.functional.protocol.ProtocolListener.onPacketSending(ProtocolListener.java:81)
[12:27:42] [Server thread/WARN]: 	at com.comphenix.protocol.injector.SortedPacketListenerList.invokeSendingListener(SortedPacketListenerList.java:195)
[12:27:42] [Server thread/WARN]: 	at com.comphenix.protocol.injector.SortedPacketListenerList.invokePacketSending(SortedPacketListenerList.java:149)
[12:27:42] [Server thread/WARN]: 	at com.comphenix.protocol.injector.PacketFilterManager.handlePacket(PacketFilterManager.java:588)
[12:27:42] [Server thread/WARN]: 	at com.comphenix.protocol.injector.PacketFilterManager.invokePacketSending(PacketFilterManager.java:564)
[12:27:42] [Server thread/WARN]: 	at com.comphenix.protocol.injector.netty.ProtocolInjector.packetQueued(ProtocolInjector.java:338)
[12:27:42] [Server thread/WARN]: 	at com.comphenix.protocol.injector.netty.ProtocolInjector.onPacketSending(ProtocolInjector.java:298)
[12:27:42] [Server thread/WARN]: 	at com.comphenix.protocol.injector.netty.ChannelInjector.processSending(ChannelInjector.java:386)
[12:27:42] [Server thread/WARN]: 	at com.comphenix.protocol.injector.netty.ChannelInjector.access$500(ChannelInjector.java:77)
[12:27:42] [Server thread/WARN]: 	at com.comphenix.protocol.injector.netty.ChannelInjector$5.handleScheduled(ChannelInjector.java:352)
[12:27:42] [Server thread/WARN]: 	at com.comphenix.protocol.injector.netty.ChannelInjector$5.onMessageScheduled(ChannelInjector.java:320)
[12:27:42] [Server thread/WARN]: 	at com.comphenix.protocol.injector.netty.ChannelProxy$2.schedulingRunnable(ChannelProxy.java:127)
[12:27:42] [Server thread/WARN]: 	at com.comphenix.protocol.injector.netty.EventLoopProxy.execute(EventLoopProxy.java:95)
[12:27:42] [Server thread/WARN]: 	at net.minecraft.server.v1_12_R1.NetworkManager.a(NetworkManager.java:194)
[12:27:42] [Server thread/WARN]: 	at net.minecraft.server.v1_12_R1.NetworkManager.sendPacket(NetworkManager.java:143)
[12:27:42] [Server thread/WARN]: 	at net.minecraft.server.v1_12_R1.PlayerConnection.sendPacket(PlayerConnection.java:1142)
[12:27:42] [Server thread/WARN]: 	at net.minecraft.server.v1_12_R1.EntityTrackerEntry.broadcast(EntityTrackerEntry.java:292)
[12:27:42] [Server thread/WARN]: 	at net.minecraft.server.v1_12_R1.EntityTrackerEntry.track(EntityTrackerEntry.java:204)
[12:27:42] [Server thread/WARN]: 	at net.minecraft.server.v1_12_R1.EntityTracker.updatePlayers(EntityTracker.java:182)
[12:27:42] [Server thread/WARN]: 	at net.minecraft.server.v1_12_R1.MinecraftServer.D(MinecraftServer.java:834)
[12:27:42] [Server thread/WARN]: 	at net.minecraft.server.v1_12_R1.DedicatedServer.D(DedicatedServer.java:406)
[12:27:42] [Server thread/WARN]: 	at net.minecraft.server.v1_12_R1.MinecraftServer.C(MinecraftServer.java:679)
[12:27:42] [Server thread/WARN]: 	at net.minecraft.server.v1_12_R1.MinecraftServer.run(MinecraftServer.java:577)
[12:27:42] [Server thread/WARN]: 	at java.lang.Thread.run(Thread.java:750)
[12:27:42] [Server thread/ERROR]: [MythicMobs] [31m[EVENTS] Exception thrown whilst handling event: com.comphenix.protocol.events.PacketEvent[37m
[12:27:42] [Server thread/WARN]: java.lang.NoSuchMethodError: com.comphenix.protocol.events.PacketEvent.isPlayerTemporary()Z
[12:27:42] [Server thread/WARN]: 	at io.lumine.xikage.mythicmobs.compatibility.ProtocolLibSupport.lambda$load$0(ProtocolLibSupport.java:26)
[12:27:42] [Server thread/WARN]: 	at io.lumine.xikage.mythicmobs.utils.events.functional.protocol.ProtocolListener.onPacket(ProtocolListener.java:107)
[12:27:42] [Server thread/WARN]: 	at io.lumine.xikage.mythicmobs.utils.events.functional.protocol.ProtocolListener.onPacketSending(ProtocolListener.java:81)
[12:27:42] [Server thread/WARN]: 	at com.comphenix.protocol.injector.SortedPacketListenerList.invokeSendingListener(SortedPacketListenerList.java:195)
[12:27:42] [Server thread/WARN]: 	at com.comphenix.protocol.injector.SortedPacketListenerList.invokePacketSending(SortedPacketListenerList.java:149)
[12:27:42] [Server thread/WARN]: 	at com.comphenix.protocol.injector.PacketFilterManager.handlePacket(PacketFilterManager.java:588)
[12:27:42] [Server thread/WARN]: 	at com.comphenix.protocol.injector.PacketFilterManager.invokePacketSending(PacketFilterManager.java:564)
[12:27:42] [Server thread/WARN]: 	at com.comphenix.protocol.injector.netty.ProtocolInjector.packetQueued(ProtocolInjector.java:338)
[12:27:42] [Server thread/WARN]: 	at com.comphenix.protocol.injector.netty.ProtocolInjector.onPacketSending(ProtocolInjector.java:298)
[12:27:42] [Server thread/WARN]: 	at com.comphenix.protocol.injector.netty.ChannelInjector.processSending(ChannelInjector.java:386)
[12:27:42] [Server thread/WARN]: 	at com.comphenix.protocol.injector.netty.ChannelInjector.access$500(ChannelInjector.java:77)
[12:27:42] [Server thread/WARN]: 	at com.comphenix.protocol.injector.netty.ChannelInjector$5.handleScheduled(ChannelInjector.java:352)
[12:27:42] [Server thread/WARN]: 	at com.comphenix.protocol.injector.netty.ChannelInjector$5.onMessageScheduled(ChannelInjector.java:320)
[12:27:42] [Server thread/WARN]: 	at com.comphenix.protocol.injector.netty.ChannelProxy$2.schedulingRunnable(ChannelProxy.java:127)
[12:27:42] [Server thread/WARN]: 	at com.comphenix.protocol.injector.netty.EventLoopProxy.execute(EventLoopProxy.java:95)
[12:27:42] [Server thread/WARN]: 	at net.minecraft.server.v1_12_R1.NetworkManager.a(NetworkManager.java:194)
[12:27:42] [Server thread/WARN]: 	at net.minecraft.server.v1_12_R1.NetworkManager.sendPacket(NetworkManager.java:143)
[12:27:42] [Server thread/WARN]: 	at net.minecraft.server.v1_12_R1.PlayerConnection.sendPacket(PlayerConnection.java:1142)
[12:27:42] [Server thread/WARN]: 	at net.minecraft.server.v1_12_R1.EntityTrackerEntry.broadcast(EntityTrackerEntry.java:292)
[12:27:42] [Server thread/WARN]: 	at net.minecraft.server.v1_12_R1.EntityTrackerEntry.track(EntityTrackerEntry.java:204)
[12:27:42] [Server thread/WARN]: 	at net.minecraft.server.v1_12_R1.EntityTracker.updatePlayers(EntityTracker.java:182)
[12:27:42] [Server thread/WARN]: 	at net.minecraft.server.v1_12_R1.MinecraftServer.D(MinecraftServer.java:834)
[12:27:42] [Server thread/WARN]: 	at net.minecraft.server.v1_12_R1.DedicatedServer.D(DedicatedServer.java:406)
[12:27:42] [Server thread/WARN]: 	at net.minecraft.server.v1_12_R1.MinecraftServer.C(MinecraftServer.java:679)
[12:27:42] [Server thread/WARN]: 	at net.minecraft.server.v1_12_R1.MinecraftServer.run(MinecraftServer.java:577)
[12:27:42] [Server thread/WARN]: 	at java.lang.Thread.run(Thread.java:750)
[12:27:42] [Server thread/ERROR]: [MythicMobs] [31m[EVENTS] Exception thrown whilst handling event: com.comphenix.protocol.events.PacketEvent[37m
[12:27:42] [Server thread/WARN]: java.lang.NoSuchMethodError: com.comphenix.protocol.events.PacketEvent.isPlayerTemporary()Z
[12:27:42] [Server thread/WARN]: 	at io.lumine.xikage.mythicmobs.compatibility.ProtocolLibSupport.lambda$load$0(ProtocolLibSupport.java:26)
[12:27:42] [Server thread/WARN]: 	at io.lumine.xikage.mythicmobs.utils.events.functional.protocol.ProtocolListener.onPacket(ProtocolListener.java:107)
[12:27:42] [Server thread/WARN]: 	at io.lumine.xikage.mythicmobs.utils.events.functional.protocol.ProtocolListener.onPacketSending(ProtocolListener.java:81)
[12:27:42] [Server thread/WARN]: 	at com.comphenix.protocol.injector.SortedPacketListenerList.invokeSendingListener(SortedPacketListenerList.java:195)
[12:27:42] [Server thread/WARN]: 	at com.comphenix.protocol.injector.SortedPacketListenerList.invokePacketSending(SortedPacketListenerList.java:149)
[12:27:42] [Server thread/WARN]: 	at com.comphenix.protocol.injector.PacketFilterManager.handlePacket(PacketFilterManager.java:588)
[12:27:42] [Server thread/WARN]: 	at com.comphenix.protocol.injector.PacketFilterManager.invokePacketSending(PacketFilterManager.java:564)
[12:27:42] [Server thread/WARN]: 	at com.comphenix.protocol.injector.netty.ProtocolInjector.packetQueued(ProtocolInjector.java:338)
[12:27:42] [Server thread/WARN]: 	at com.comphenix.protocol.injector.netty.ProtocolInjector.onPacketSending(ProtocolInjector.java:298)
[12:27:42] [Server thread/WARN]: 	at com.comphenix.protocol.injector.netty.ChannelInjector.processSending(ChannelInjector.java:386)
[12:27:42] [Server thread/WARN]: 	at com.comphenix.protocol.injector.netty.ChannelInjector.access$500(ChannelInjector.java:77)
[12:27:42] [Server thread/WARN]: 	at com.comphenix.protocol.injector.netty.ChannelInjector$5.handleScheduled(ChannelInjector.java:352)
[12:27:42] [Server thread/WARN]: 	at com.comphenix.protocol.injector.netty.ChannelInjector$5.onMessageScheduled(ChannelInjector.java:320)
[12:27:42] [Server thread/WARN]: 	at com.comphenix.protocol.injector.netty.ChannelProxy$2.schedulingRunnable(ChannelProxy.java:127)
[12:27:42] [Server thread/WARN]: 	at com.comphenix.protocol.injector.netty.EventLoopProxy.execute(EventLoopProxy.java:95)
[12:27:42] [Server thread/WARN]: 	at net.minecraft.server.v1_12_R1.NetworkManager.a(NetworkManager.java:194)
[12:27:42] [Server thread/WARN]: 	at net.minecraft.server.v1_12_R1.NetworkManager.sendPacket(NetworkManager.java:143)
[12:27:42] [Server thread/WARN]: 	at net.minecraft.server.v1_12_R1.PlayerConnection.sendPacket(PlayerConnection.java:1142)
[12:27:42] [Server thread/WARN]: 	at net.minecraft.server.v1_12_R1.EntityTrackerEntry.broadcast(EntityTrackerEntry.java:292)
[12:27:42] [Server thread/WARN]: 	at net.minecraft.server.v1_12_R1.EntityTrackerEntry.track(EntityTrackerEntry.java:204)
[12:27:42] [Server thread/WARN]: 	at net.minecraft.server.v1_12_R1.EntityTracker.updatePlayers(EntityTracker.java:182)
[12:27:42] [Server thread/WARN]: 	at net.minecraft.server.v1_12_R1.MinecraftServer.D(MinecraftServer.java:834)
[12:27:42] [Server thread/WARN]: 	at net.minecraft.server.v1_12_R1.DedicatedServer.D(DedicatedServer.java:406)
[12:27:42] [Server thread/WARN]: 	at net.minecraft.server.v1_12_R1.MinecraftServer.C(MinecraftServer.java:679)
[12:27:42] [Server thread/WARN]: 	at net.minecraft.server.v1_12_R1.MinecraftServer.run(MinecraftServer.java:577)
[12:27:42] [Server thread/WARN]: 	at java.lang.Thread.run(Thread.java:750)
[12:27:42] [Server thread/ERROR]: [MythicMobs] [31m[EVENTS] Exception thrown whilst handling event: com.comphenix.protocol.events.PacketEvent[37m
[12:27:42] [Server thread/WARN]: java.lang.NoSuchMethodError: com.comphenix.protocol.events.PacketEvent.isPlayerTemporary()Z
[12:27:42] [Server thread/WARN]: 	at io.lumine.xikage.mythicmobs.compatibility.ProtocolLibSupport.lambda$load$0(ProtocolLibSupport.java:26)
[12:27:42] [Server thread/WARN]: 	at io.lumine.xikage.mythicmobs.utils.events.functional.protocol.ProtocolListener.onPacket(ProtocolListener.java:107)
[12:27:42] [Server thread/WARN]: 	at io.lumine.xikage.mythicmobs.utils.events.functional.protocol.ProtocolListener.onPacketSending(ProtocolListener.java:81)
[12:27:42] [Server thread/WARN]: 	at com.comphenix.protocol.injector.SortedPacketListenerList.invokeSendingListener(SortedPacketListenerList.java:195)
[12:27:42] [Server thread/WARN]: 	at com.comphenix.protocol.injector.SortedPacketListenerList.invokePacketSending(SortedPacketListenerList.java:149)
[12:27:42] [Server thread/WARN]: 	at com.comphenix.protocol.injector.PacketFilterManager.handlePacket(PacketFilterManager.java:588)
[12:27:42] [Server thread/WARN]: 	at com.comphenix.protocol.injector.PacketFilterManager.invokePacketSending(PacketFilterManager.java:564)
[12:27:42] [Server thread/WARN]: 	at com.comphenix.protocol.injector.netty.ProtocolInjector.packetQueued(ProtocolInjector.java:338)
[12:27:42] [Server thread/WARN]: 	at com.comphenix.protocol.injector.netty.ProtocolInjector.onPacketSending(ProtocolInjector.java:298)
[12:27:42] [Server thread/WARN]: 	at com.comphenix.protocol.injector.netty.ChannelInjector.processSending(ChannelInjector.java:386)
[12:27:42] [Server thread/WARN]: 	at com.comphenix.protocol.injector.netty.ChannelInjector.access$500(ChannelInjector.java:77)
[12:27:42] [Server thread/WARN]: 	at com.comphenix.protocol.injector.netty.ChannelInjector$5.handleScheduled(ChannelInjector.java:352)
[12:27:42] [Server thread/WARN]: 	at com.comphenix.protocol.injector.netty.ChannelInjector$5.onMessageScheduled(ChannelInjector.java:320)
[12:27:42] [Server thread/WARN]: 	at com.comphenix.protocol.injector.netty.ChannelProxy$2.schedulingRunnable(ChannelProxy.java:127)
[12:27:42] [Server thread/WARN]: 	at com.comphenix.protocol.injector.netty.EventLoopProxy.execute(EventLoopProxy.java:95)
[12:27:42] [Server thread/WARN]: 	at net.minecraft.server.v1_12_R1.NetworkManager.a(NetworkManager.java:194)
[12:27:42] [Server thread/WARN]: 	at net.minecraft.server.v1_12_R1.NetworkManager.sendPacket(NetworkManager.java:143)
[12:27:42] [Server thread/WARN]: 	at net.minecraft.server.v1_12_R1.PlayerConnection.sendPacket(PlayerConnection.java:1142)
[12:27:42] [Server thread/WARN]: 	at net.minecraft.server.v1_12_R1.EntityTrackerEntry.broadcast(EntityTrackerEntry.java:292)
[12:27:42] [Server thread/WARN]: 	at net.minecraft.server.v1_12_R1.EntityTrackerEntry.track(EntityTrackerEntry.java:204)
[12:27:42] [Server thread/WARN]: 	at net.minecraft.server.v1_12_R1.EntityTracker.updatePlayers(EntityTracker.java:182)
[12:27:42] [Server thread/WARN]: 	at net.minecraft.server.v1_12_R1.MinecraftServer.D(MinecraftServer.java:834)
[12:27:42] [Server thread/WARN]: 	at net.minecraft.server.v1_12_R1.DedicatedServer.D(DedicatedServer.java:406)
[12:27:42] [Server thread/WARN]: 	at net.minecraft.server.v1_12_R1.MinecraftServer.C(MinecraftServer.java:679)
[12:27:42] [Server thread/WARN]: 	at net.minecraft.server.v1_12_R1.MinecraftServer.run(MinecraftServer.java:577)
[12:27:42] [Server thread/WARN]: 	at java.lang.Thread.run(Thread.java:750)
[12:27:43] [Server thread/ERROR]: [MythicMobs] [31m[EVENTS] Exception thrown whilst handling event: com.comphenix.protocol.events.PacketEvent[37m
[12:27:43] [Server thread/WARN]: java.lang.NoSuchMethodError: com.comphenix.protocol.events.PacketEvent.isPlayerTemporary()Z
[12:27:43] [Server thread/WARN]: 	at io.lumine.xikage.mythicmobs.compatibility.ProtocolLibSupport.lambda$load$0(ProtocolLibSupport.java:26)
[12:27:43] [Server thread/WARN]: 	at io.lumine.xikage.mythicmobs.utils.events.functional.protocol.ProtocolListener.onPacket(ProtocolListener.java:107)
[12:27:43] [Server thread/WARN]: 	at io.lumine.xikage.mythicmobs.utils.events.functional.protocol.ProtocolListener.onPacketSending(ProtocolListener.java:81)
[12:27:43] [Server thread/WARN]: 	at com.comphenix.protocol.injector.SortedPacketListenerList.invokeSendingListener(SortedPacketListenerList.java:195)
[12:27:43] [Server thread/WARN]: 	at com.comphenix.protocol.injector.SortedPacketListenerList.invokePacketSending(SortedPacketListenerList.java:149)
[12:27:43] [Server thread/WARN]: 	at com.comphenix.protocol.injector.PacketFilterManager.handlePacket(PacketFilterManager.java:588)
[12:27:43] [Server thread/WARN]: 	at com.comphenix.protocol.injector.PacketFilterManager.invokePacketSending(PacketFilterManager.java:564)
[12:27:43] [Server thread/WARN]: 	at com.comphenix.protocol.injector.netty.ProtocolInjector.packetQueued(ProtocolInjector.java:338)
[12:27:43] [Server thread/WARN]: 	at com.comphenix.protocol.injector.netty.ProtocolInjector.onPacketSending(ProtocolInjector.java:298)
[12:27:43] [Server thread/WARN]: 	at com.comphenix.protocol.injector.netty.ChannelInjector.processSending(ChannelInjector.java:386)
[12:27:43] [Server thread/WARN]: 	at com.comphenix.protocol.injector.netty.ChannelInjector.access$500(ChannelInjector.java:77)
[12:27:43] [Server thread/WARN]: 	at com.comphenix.protocol.injector.netty.ChannelInjector$5.handleScheduled(ChannelInjector.java:352)
[12:27:43] [Server thread/WARN]: 	at com.comphenix.protocol.injector.netty.ChannelInjector$5.onMessageScheduled(ChannelInjector.java:320)
[12:27:43] [Server thread/WARN]: 	at com.comphenix.protocol.injector.netty.ChannelProxy$2.schedulingRunnable(ChannelProxy.java:127)
[12:27:43] [Server thread/WARN]: 	at com.comphenix.protocol.injector.netty.EventLoopProxy.execute(EventLoopProxy.java:95)
[12:27:43] [Server thread/WARN]: 	at net.minecraft.server.v1_12_R1.NetworkManager.a(NetworkManager.java:194)
[12:27:43] [Server thread/WARN]: 	at net.minecraft.server.v1_12_R1.NetworkManager.sendPacket(NetworkManager.java:143)
[12:27:43] [Server thread/WARN]: 	at net.minecraft.server.v1_12_R1.PlayerConnection.sendPacket(PlayerConnection.java:1142)
[12:27:43] [Server thread/WARN]: 	at net.minecraft.server.v1_12_R1.EntityTrackerEntry.broadcast(EntityTrackerEntry.java:292)
[12:27:43] [Server thread/WARN]: 	at net.minecraft.server.v1_12_R1.EntityTrackerEntry.track(EntityTrackerEntry.java:204)
[12:27:43] [Server thread/WARN]: 	at net.minecraft.server.v1_12_R1.EntityTracker.updatePlayers(EntityTracker.java:182)
[12:27:43] [Server thread/WARN]: 	at net.minecraft.server.v1_12_R1.MinecraftServer.D(MinecraftServer.java:834)
[12:27:43] [Server thread/WARN]: 	at net.minecraft.server.v1_12_R1.DedicatedServer.D(DedicatedServer.java:406)
[12:27:43] [Server thread/WARN]: 	at net.minecraft.server.v1_12_R1.MinecraftServer.C(MinecraftServer.java:679)
[12:27:43] [Server thread/WARN]: 	at net.minecraft.server.v1_12_R1.MinecraftServer.run(MinecraftServer.java:577)
[12:27:43] [Server thread/WARN]: 	at java.lang.Thread.run(Thread.java:750)
[12:27:43] [Server thread/ERROR]: [MythicMobs] [31m[EVENTS] Exception thrown whilst handling event: com.comphenix.protocol.events.PacketEvent[37m
[12:27:43] [Server thread/WARN]: java.lang.NoSuchMethodError: com.comphenix.protocol.events.PacketEvent.isPlayerTemporary()Z
[12:27:43] [Server thread/WARN]: 	at io.lumine.xikage.mythicmobs.compatibility.ProtocolLibSupport.lambda$load$0(ProtocolLibSupport.java:26)
[12:27:43] [Server thread/WARN]: 	at io.lumine.xikage.mythicmobs.utils.events.functional.protocol.ProtocolListener.onPacket(ProtocolListener.java:107)
[12:27:43] [Server thread/WARN]: 	at io.lumine.xikage.mythicmobs.utils.events.functional.protocol.ProtocolListener.onPacketSending(ProtocolListener.java:81)
[12:27:43] [Server thread/WARN]: 	at com.comphenix.protocol.injector.SortedPacketListenerList.invokeSendingListener(SortedPacketListenerList.java:195)
[12:27:43] [Server thread/WARN]: 	at com.comphenix.protocol.injector.SortedPacketListenerList.invokePacketSending(SortedPacketListenerList.java:149)
[12:27:43] [Server thread/WARN]: 	at com.comphenix.protocol.injector.PacketFilterManager.handlePacket(PacketFilterManager.java:588)
[12:27:43] [Server thread/WARN]: 	at com.comphenix.protocol.injector.PacketFilterManager.invokePacketSending(PacketFilterManager.java:564)
[12:27:43] [Server thread/WARN]: 	at com.comphenix.protocol.injector.netty.ProtocolInjector.packetQueued(ProtocolInjector.java:338)
[12:27:43] [Server thread/WARN]: 	at com.comphenix.protocol.injector.netty.ProtocolInjector.onPacketSending(ProtocolInjector.java:298)
[12:27:43] [Server thread/WARN]: 	at com.comphenix.protocol.injector.netty.ChannelInjector.processSending(ChannelInjector.java:386)
[12:27:43] [Server thread/WARN]: 	at com.comphenix.protocol.injector.netty.ChannelInjector.access$500(ChannelInjector.java:77)
[12:27:43] [Server thread/WARN]: 	at com.comphenix.protocol.injector.netty.ChannelInjector$5.handleScheduled(ChannelInjector.java:352)
[12:27:43] [Server thread/WARN]: 	at com.comphenix.protocol.injector.netty.ChannelInjector$5.onMessageScheduled(ChannelInjector.java:320)
[12:27:43] [Server thread/WARN]: 	at com.comphenix.protocol.injector.netty.ChannelProxy$2.schedulingRunnable(ChannelProxy.java:127)
[12:27:43] [Server thread/WARN]: 	at com.comphenix.protocol.injector.netty.EventLoopProxy.execute(EventLoopProxy.java:95)
[12:27:43] [Server thread/WARN]: 	at net.minecraft.server.v1_12_R1.NetworkManager.a(NetworkManager.java:194)
[12:27:43] [Server thread/WARN]: 	at net.minecraft.server.v1_12_R1.NetworkManager.sendPacket(NetworkManager.java:143)
[12:27:43] [Server thread/WARN]: 	at net.minecraft.server.v1_12_R1.PlayerConnection.sendPacket(PlayerConnection.java:1142)
[12:27:43] [Server thread/WARN]: 	at net.minecraft.server.v1_12_R1.EntityTrackerEntry.broadcast(EntityTrackerEntry.java:292)
[12:27:43] [Server thread/WARN]: 	at net.minecraft.server.v1_12_R1.EntityTrackerEntry.track(EntityTrackerEntry.java:204)
[12:27:43] [Server thread/WARN]: 	at net.minecraft.server.v1_12_R1.EntityTracker.updatePlayers(EntityTracker.java:182)
[12:27:43] [Server thread/WARN]: 	at net.minecraft.server.v1_12_R1.MinecraftServer.D(MinecraftServer.java:834)
[12:27:43] [Server thread/WARN]: 	at net.minecraft.server.v1_12_R1.DedicatedServer.D(DedicatedServer.java:406)
[12:27:43] [Server thread/WARN]: 	at net.minecraft.server.v1_12_R1.MinecraftServer.C(MinecraftServer.java:679)
[12:27:43] [Server thread/WARN]: 	at net.minecraft.server.v1_12_R1.MinecraftServer.run(MinecraftServer.java:577)
[12:27:43] [Server thread/WARN]: 	at java.lang.Thread.run(Thread.java:750)
[12:27:43] [Server thread/ERROR]: [MythicMobs] [31m[EVENTS] Exception thrown whilst handling event: com.comphenix.protocol.events.PacketEvent[37m
[12:27:43] [Server thread/WARN]: java.lang.NoSuchMethodError: com.comphenix.protocol.events.PacketEvent.isPlayerTemporary()Z
[12:27:43] [Server thread/WARN]: 	at io.lumine.xikage.mythicmobs.compatibility.ProtocolLibSupport.lambda$load$0(ProtocolLibSupport.java:26)
[12:27:43] [Server thread/WARN]: 	at io.lumine.xikage.mythicmobs.utils.events.functional.protocol.ProtocolListener.onPacket(ProtocolListener.java:107)
[12:27:43] [Server thread/WARN]: 	at io.lumine.xikage.mythicmobs.utils.events.functional.protocol.ProtocolListener.onPacketSending(ProtocolListener.java:81)
[12:27:43] [Server thread/WARN]: 	at com.comphenix.protocol.injector.SortedPacketListenerList.invokeSendingListener(SortedPacketListenerList.java:195)
[12:27:43] [Server thread/WARN]: 	at com.comphenix.protocol.injector.SortedPacketListenerList.invokePacketSending(SortedPacketListenerList.java:149)
[12:27:43] [Server thread/WARN]: 	at com.comphenix.protocol.injector.PacketFilterManager.handlePacket(PacketFilterManager.java:588)
[12:27:43] [Server thread/WARN]: 	at com.comphenix.protocol.injector.PacketFilterManager.invokePacketSending(PacketFilterManager.java:564)
[12:27:43] [Server thread/WARN]: 	at com.comphenix.protocol.injector.netty.ProtocolInjector.packetQueued(ProtocolInjector.java:338)
[12:27:43] [Server thread/WARN]: 	at com.comphenix.protocol.injector.netty.ProtocolInjector.onPacketSending(ProtocolInjector.java:298)
[12:27:43] [Server thread/WARN]: 	at com.comphenix.protocol.injector.netty.ChannelInjector.processSending(ChannelInjector.java:386)
[12:27:43] [Server thread/WARN]: 	at com.comphenix.protocol.injector.netty.ChannelInjector.access$500(ChannelInjector.java:77)
[12:27:43] [Server thread/WARN]: 	at com.comphenix.protocol.injector.netty.ChannelInjector$5.handleScheduled(ChannelInjector.java:352)
[12:27:43] [Server thread/WARN]: 	at com.comphenix.protocol.injector.netty.ChannelInjector$5.onMessageScheduled(ChannelInjector.java:320)
[12:27:43] [Server thread/WARN]: 	at com.comphenix.protocol.injector.netty.ChannelProxy$2.schedulingRunnable(ChannelProxy.java:127)
[12:27:43] [Server thread/WARN]: 	at com.comphenix.protocol.injector.netty.EventLoopProxy.execute(EventLoopProxy.java:95)
[12:27:43] [Server thread/WARN]: 	at net.minecraft.server.v1_12_R1.NetworkManager.a(NetworkManager.java:194)
[12:27:43] [Server thread/WARN]: 	at net.minecraft.server.v1_12_R1.NetworkManager.sendPacket(NetworkManager.java:143)
[12:27:43] [Server thread/WARN]: 	at net.minecraft.server.v1_12_R1.PlayerConnection.sendPacket(PlayerConnection.java:1142)
[12:27:43] [Server thread/WARN]: 	at net.minecraft.server.v1_12_R1.EntityTrackerEntry.broadcast(EntityTrackerEntry.java:292)
[12:27:43] [Server thread/WARN]: 	at net.minecraft.server.v1_12_R1.EntityTrackerEntry.track(EntityTrackerEntry.java:204)
[12:27:43] [Server thread/WARN]: 	at net.minecraft.server.v1_12_R1.EntityTracker.updatePlayers(EntityTracker.java:182)
[12:27:43] [Server thread/WARN]: 	at net.minecraft.server.v1_12_R1.MinecraftServer.D(MinecraftServer.java:834)
[12:27:43] [Server thread/WARN]: 	at net.minecraft.server.v1_12_R1.DedicatedServer.D(DedicatedServer.java:406)
[12:27:43] [Server thread/WARN]: 	at net.minecraft.server.v1_12_R1.MinecraftServer.C(MinecraftServer.java:679)
[12:27:43] [Server thread/WARN]: 	at net.minecraft.server.v1_12_R1.MinecraftServer.run(MinecraftServer.java:577)
[12:27:43] [Server thread/WARN]: 	at java.lang.Thread.run(Thread.java:750)
[12:27:43] [Server thread/ERROR]: [MythicMobs] [31m[EVENTS] Exception thrown whilst handling event: com.comphenix.protocol.events.PacketEvent[37m
[12:27:43] [Server thread/WARN]: java.lang.NoSuchMethodError: com.comphenix.protocol.events.PacketEvent.isPlayerTemporary()Z
[12:27:43] [Server thread/WARN]: 	at io.lumine.xikage.mythicmobs.compatibility.ProtocolLibSupport.lambda$load$0(ProtocolLibSupport.java:26)
[12:27:43] [Server thread/WARN]: 	at io.lumine.xikage.mythicmobs.utils.events.functional.protocol.ProtocolListener.onPacket(ProtocolListener.java:107)
[12:27:43] [Server thread/WARN]: 	at io.lumine.xikage.mythicmobs.utils.events.functional.protocol.ProtocolListener.onPacketSending(ProtocolListener.java:81)
[12:27:43] [Server thread/WARN]: 	at com.comphenix.protocol.injector.SortedPacketListenerList.invokeSendingListener(SortedPacketListenerList.java:195)
[12:27:43] [Server thread/WARN]: 	at com.comphenix.protocol.injector.SortedPacketListenerList.invokePacketSending(SortedPacketListenerList.java:149)
[12:27:43] [Server thread/WARN]: 	at com.comphenix.protocol.injector.PacketFilterManager.handlePacket(PacketFilterManager.java:588)
[12:27:43] [Server thread/WARN]: 	at com.comphenix.protocol.injector.PacketFilterManager.invokePacketSending(PacketFilterManager.java:564)
[12:27:43] [Server thread/WARN]: 	at com.comphenix.protocol.injector.netty.ProtocolInjector.packetQueued(ProtocolInjector.java:338)
[12:27:43] [Server thread/WARN]: 	at com.comphenix.protocol.injector.netty.ProtocolInjector.onPacketSending(ProtocolInjector.java:298)
[12:27:43] [Server thread/WARN]: 	at com.comphenix.protocol.injector.netty.ChannelInjector.processSending(ChannelInjector.java:386)
[12:27:43] [Server thread/WARN]: 	at com.comphenix.protocol.injector.netty.ChannelInjector.access$500(ChannelInjector.java:77)
[12:27:43] [Server thread/WARN]: 	at com.comphenix.protocol.injector.netty.ChannelInjector$5.handleScheduled(ChannelInjector.java:352)
[12:27:43] [Server thread/WARN]: 	at com.comphenix.protocol.injector.netty.ChannelInjector$5.onMessageScheduled(ChannelInjector.java:320)
[12:27:43] [Server thread/WARN]: 	at com.comphenix.protocol.injector.netty.ChannelProxy$2.schedulingRunnable(ChannelProxy.java:127)
[12:27:43] [Server thread/WARN]: 	at com.comphenix.protocol.injector.netty.EventLoopProxy.execute(EventLoopProxy.java:95)
[12:27:43] [Server thread/WARN]: 	at net.minecraft.server.v1_12_R1.NetworkManager.a(NetworkManager.java:194)
[12:27:43] [Server thread/WARN]: 	at net.minecraft.server.v1_12_R1.NetworkManager.sendPacket(NetworkManager.java:143)
[12:27:43] [Server thread/WARN]: 	at net.minecraft.server.v1_12_R1.PlayerConnection.sendPacket(PlayerConnection.java:1142)
[12:27:43] [Server thread/WARN]: 	at net.minecraft.server.v1_12_R1.EntityTrackerEntry.broadcast(EntityTrackerEntry.java:292)
[12:27:43] [Server thread/WARN]: 	at net.minecraft.server.v1_12_R1.EntityTrackerEntry.track(EntityTrackerEntry.java:204)
[12:27:43] [Server thread/WARN]: 	at net.minecraft.server.v1_12_R1.EntityTracker.updatePlayers(EntityTracker.java:182)
[12:27:43] [Server thread/WARN]: 	at net.minecraft.server.v1_12_R1.MinecraftServer.D(MinecraftServer.java:834)
[12:27:43] [Server thread/WARN]: 	at net.minecraft.server.v1_12_R1.DedicatedServer.D(DedicatedServer.java:406)
[12:27:43] [Server thread/WARN]: 	at net.minecraft.server.v1_12_R1.MinecraftServer.C(MinecraftServer.java:679)
[12:27:43] [Server thread/WARN]: 	at net.minecraft.server.v1_12_R1.MinecraftServer.run(MinecraftServer.java:577)
[12:27:43] [Server thread/WARN]: 	at java.lang.Thread.run(Thread.java:750)
[12:27:43] [Server thread/ERROR]: [MythicMobs] [31m[EVENTS] Exception thrown whilst handling event: com.comphenix.protocol.events.PacketEvent[37m
[12:27:43] [Server thread/WARN]: java.lang.NoSuchMethodError: com.comphenix.protocol.events.PacketEvent.isPlayerTemporary()Z
[12:27:43] [Server thread/WARN]: 	at io.lumine.xikage.mythicmobs.compatibility.ProtocolLibSupport.lambda$load$0(ProtocolLibSupport.java:26)
[12:27:43] [Server thread/WARN]: 	at io.lumine.xikage.mythicmobs.utils.events.functional.protocol.ProtocolListener.onPacket(ProtocolListener.java:107)
[12:27:43] [Server thread/WARN]: 	at io.lumine.xikage.mythicmobs.utils.events.functional.protocol.ProtocolListener.onPacketSending(ProtocolListener.java:81)
[12:27:43] [Server thread/WARN]: 	at com.comphenix.protocol.injector.SortedPacketListenerList.invokeSendingListener(SortedPacketListenerList.java:195)
[12:27:43] [Server thread/WARN]: 	at com.comphenix.protocol.injector.SortedPacketListenerList.invokePacketSending(SortedPacketListenerList.java:149)
[12:27:43] [Server thread/WARN]: 	at com.comphenix.protocol.injector.PacketFilterManager.handlePacket(PacketFilterManager.java:588)
[12:27:43] [Server thread/WARN]: 	at com.comphenix.protocol.injector.PacketFilterManager.invokePacketSending(PacketFilterManager.java:564)
[12:27:43] [Server thread/WARN]: 	at com.comphenix.protocol.injector.netty.ProtocolInjector.packetQueued(ProtocolInjector.java:338)
[12:27:43] [Server thread/WARN]: 	at com.comphenix.protocol.injector.netty.ProtocolInjector.onPacketSending(ProtocolInjector.java:298)
[12:27:43] [Server thread/WARN]: 	at com.comphenix.protocol.injector.netty.ChannelInjector.processSending(ChannelInjector.java:386)
[12:27:43] [Server thread/WARN]: 	at com.comphenix.protocol.injector.netty.ChannelInjector.access$500(ChannelInjector.java:77)
[12:27:43] [Server thread/WARN]: 	at com.comphenix.protocol.injector.netty.ChannelInjector$5.handleScheduled(ChannelInjector.java:352)
[12:27:43] [Server thread/WARN]: 	at com.comphenix.protocol.injector.netty.ChannelInjector$5.onMessageScheduled(ChannelInjector.java:320)
[12:27:43] [Server thread/WARN]: 	at com.comphenix.protocol.injector.netty.ChannelProxy$2.schedulingRunnable(ChannelProxy.java:127)
[12:27:43] [Server thread/WARN]: 	at com.comphenix.protocol.injector.netty.EventLoopProxy.execute(EventLoopProxy.java:95)
[12:27:43] [Server thread/WARN]: 	at net.minecraft.server.v1_12_R1.NetworkManager.a(NetworkManager.java:194)
[12:27:43] [Server thread/WARN]: 	at net.minecraft.server.v1_12_R1.NetworkManager.sendPacket(NetworkManager.java:143)
[12:27:43] [Server thread/WARN]: 	at net.minecraft.server.v1_12_R1.PlayerConnection.sendPacket(PlayerConnection.java:1142)
[12:27:43] [Server thread/WARN]: 	at net.minecraft.server.v1_12_R1.EntityTrackerEntry.broadcast(EntityTrackerEntry.java:292)
[12:27:43] [Server thread/WARN]: 	at net.minecraft.server.v1_12_R1.EntityTrackerEntry.track(EntityTrackerEntry.java:204)
[12:27:43] [Server thread/WARN]: 	at net.minecraft.server.v1_12_R1.EntityTracker.updatePlayers(EntityTracker.java:182)
[12:27:43] [Server thread/WARN]: 	at net.minecraft.server.v1_12_R1.MinecraftServer.D(MinecraftServer.java:834)
[12:27:43] [Server thread/WARN]: 	at net.minecraft.server.v1_12_R1.DedicatedServer.D(DedicatedServer.java:406)
[12:27:43] [Server thread/WARN]: 	at net.minecraft.server.v1_12_R1.MinecraftServer.C(MinecraftServer.java:679)
[12:27:43] [Server thread/WARN]: 	at net.minecraft.server.v1_12_R1.MinecraftServer.run(MinecraftServer.java:577)
[12:27:43] [Server thread/WARN]: 	at java.lang.Thread.run(Thread.java:750)
[12:27:43] [Server thread/ERROR]: [MythicMobs] [31m[EVENTS] Exception thrown whilst handling event: com.comphenix.protocol.events.PacketEvent[37m
[12:27:43] [Server thread/WARN]: java.lang.NoSuchMethodError: com.comphenix.protocol.events.PacketEvent.isPlayerTemporary()Z
[12:27:43] [Server thread/WARN]: 	at io.lumine.xikage.mythicmobs.compatibility.ProtocolLibSupport.lambda$load$0(ProtocolLibSupport.java:26)
[12:27:43] [Server thread/WARN]: 	at io.lumine.xikage.mythicmobs.utils.events.functional.protocol.ProtocolListener.onPacket(ProtocolListener.java:107)
[12:27:43] [Server thread/WARN]: 	at io.lumine.xikage.mythicmobs.utils.events.functional.protocol.ProtocolListener.onPacketSending(ProtocolListener.java:81)
[12:27:43] [Server thread/WARN]: 	at com.comphenix.protocol.injector.SortedPacketListenerList.invokeSendingListener(SortedPacketListenerList.java:195)
[12:27:43] [Server thread/WARN]: 	at com.comphenix.protocol.injector.SortedPacketListenerList.invokePacketSending(SortedPacketListenerList.java:149)
[12:27:43] [Server thread/WARN]: 	at com.comphenix.protocol.injector.PacketFilterManager.handlePacket(PacketFilterManager.java:588)
[12:27:43] [Server thread/WARN]: 	at com.comphenix.protocol.injector.PacketFilterManager.invokePacketSending(PacketFilterManager.java:564)
[12:27:43] [Server thread/WARN]: 	at com.comphenix.protocol.injector.netty.ProtocolInjector.packetQueued(ProtocolInjector.java:338)
[12:27:43] [Server thread/WARN]: 	at com.comphenix.protocol.injector.netty.ProtocolInjector.onPacketSending(ProtocolInjector.java:298)
[12:27:43] [Server thread/WARN]: 	at com.comphenix.protocol.injector.netty.ChannelInjector.processSending(ChannelInjector.java:386)
[12:27:43] [Server thread/WARN]: 	at com.comphenix.protocol.injector.netty.ChannelInjector.access$500(ChannelInjector.java:77)
[12:27:43] [Server thread/WARN]: 	at com.comphenix.protocol.injector.netty.ChannelInjector$5.handleScheduled(ChannelInjector.java:352)
[12:27:43] [Server thread/WARN]: 	at com.comphenix.protocol.injector.netty.ChannelInjector$5.onMessageScheduled(ChannelInjector.java:320)
[12:27:43] [Server thread/WARN]: 	at com.comphenix.protocol.injector.netty.ChannelProxy$2.schedulingRunnable(ChannelProxy.java:127)
[12:27:43] [Server thread/WARN]: 	at com.comphenix.protocol.injector.netty.EventLoopProxy.execute(EventLoopProxy.java:95)
[12:27:43] [Server thread/WARN]: 	at net.minecraft.server.v1_12_R1.NetworkManager.a(NetworkManager.java:194)
[12:27:43] [Server thread/WARN]: 	at net.minecraft.server.v1_12_R1.NetworkManager.sendPacket(NetworkManager.java:143)
[12:27:43] [Server thread/WARN]: 	at net.minecraft.server.v1_12_R1.PlayerConnection.sendPacket(PlayerConnection.java:1142)
[12:27:43] [Server thread/WARN]: 	at net.minecraft.server.v1_12_R1.EntityTrackerEntry.broadcast(EntityTrackerEntry.java:292)
[12:27:43] [Server thread/WARN]: 	at net.minecraft.server.v1_12_R1.EntityTrackerEntry.track(EntityTrackerEntry.java:204)
[12:27:43] [Server thread/WARN]: 	at net.minecraft.server.v1_12_R1.EntityTracker.updatePlayers(EntityTracker.java:182)
[12:27:43] [Server thread/WARN]: 	at net.minecraft.server.v1_12_R1.MinecraftServer.D(MinecraftServer.java:834)
[12:27:43] [Server thread/WARN]: 	at net.minecraft.server.v1_12_R1.DedicatedServer.D(DedicatedServer.java:406)
[12:27:43] [Server thread/WARN]: 	at net.minecraft.server.v1_12_R1.MinecraftServer.C(MinecraftServer.java:679)
[12:27:43] [Server thread/WARN]: 	at net.minecraft.server.v1_12_R1.MinecraftServer.run(MinecraftServer.java:577)
[12:27:43] [Server thread/WARN]: 	at java.lang.Thread.run(Thread.java:750)
[12:27:43] [Server thread/ERROR]: [MythicMobs] [31m[EVENTS] Exception thrown whilst handling event: com.comphenix.protocol.events.PacketEvent[37m
[12:27:43] [Server thread/WARN]: java.lang.NoSuchMethodError: com.comphenix.protocol.events.PacketEvent.isPlayerTemporary()Z
[12:27:43] [Server thread/WARN]: 	at io.lumine.xikage.mythicmobs.compatibility.ProtocolLibSupport.lambda$load$0(ProtocolLibSupport.java:26)
[12:27:43] [Server thread/WARN]: 	at io.lumine.xikage.mythicmobs.utils.events.functional.protocol.ProtocolListener.onPacket(ProtocolListener.java:107)
[12:27:43] [Server thread/WARN]: 	at io.lumine.xikage.mythicmobs.utils.events.functional.protocol.ProtocolListener.onPacketSending(ProtocolListener.java:81)
[12:27:43] [Server thread/WARN]: 	at com.comphenix.protocol.injector.SortedPacketListenerList.invokeSendingListener(SortedPacketListenerList.java:195)
[12:27:43] [Server thread/WARN]: 	at com.comphenix.protocol.injector.SortedPacketListenerList.invokePacketSending(SortedPacketListenerList.java:149)
[12:27:43] [Server thread/WARN]: 	at com.comphenix.protocol.injector.PacketFilterManager.handlePacket(PacketFilterManager.java:588)
[12:27:43] [Server thread/WARN]: 	at com.comphenix.protocol.injector.PacketFilterManager.invokePacketSending(PacketFilterManager.java:564)
[12:27:43] [Server thread/WARN]: 	at com.comphenix.protocol.injector.netty.ProtocolInjector.packetQueued(ProtocolInjector.java:338)
[12:27:43] [Server thread/WARN]: 	at com.comphenix.protocol.injector.netty.ProtocolInjector.onPacketSending(ProtocolInjector.java:298)
[12:27:43] [Server thread/WARN]: 	at com.comphenix.protocol.injector.netty.ChannelInjector.processSending(ChannelInjector.java:386)
[12:27:43] [Server thread/WARN]: 	at com.comphenix.protocol.injector.netty.ChannelInjector.access$500(ChannelInjector.java:77)
[12:27:43] [Server thread/WARN]: 	at com.comphenix.protocol.injector.netty.ChannelInjector$5.handleScheduled(ChannelInjector.java:352)
[12:27:43] [Server thread/WARN]: 	at com.comphenix.protocol.injector.netty.ChannelInjector$5.onMessageScheduled(ChannelInjector.java:320)
[12:27:43] [Server thread/WARN]: 	at com.comphenix.protocol.injector.netty.ChannelProxy$2.schedulingRunnable(ChannelProxy.java:127)
[12:27:43] [Server thread/WARN]: 	at com.comphenix.protocol.injector.netty.EventLoopProxy.execute(EventLoopProxy.java:95)
[12:27:43] [Server thread/WARN]: 	at net.minecraft.server.v1_12_R1.NetworkManager.a(NetworkManager.java:194)
[12:27:43] [Server thread/WARN]: 	at net.minecraft.server.v1_12_R1.NetworkManager.sendPacket(NetworkManager.java:143)
[12:27:43] [Server thread/WARN]: 	at net.minecraft.server.v1_12_R1.PlayerConnection.sendPacket(PlayerConnection.java:1142)
[12:27:43] [Server thread/WARN]: 	at net.minecraft.server.v1_12_R1.EntityTrackerEntry.broadcast(EntityTrackerEntry.java:292)
[12:27:43] [Server thread/WARN]: 	at net.minecraft.server.v1_12_R1.EntityTrackerEntry.track(EntityTrackerEntry.java:204)
[12:27:43] [Server thread/WARN]: 	at net.minecraft.server.v1_12_R1.EntityTracker.updatePlayers(EntityTracker.java:182)
[12:27:43] [Server thread/WARN]: 	at net.minecraft.server.v1_12_R1.MinecraftServer.D(MinecraftServer.java:834)
[12:27:43] [Server thread/WARN]: 	at net.minecraft.server.v1_12_R1.DedicatedServer.D(DedicatedServer.java:406)
[12:27:43] [Server thread/WARN]: 	at net.minecraft.server.v1_12_R1.MinecraftServer.C(MinecraftServer.java:679)
[12:27:43] [Server thread/WARN]: 	at net.minecraft.server.v1_12_R1.MinecraftServer.run(MinecraftServer.java:577)
[12:27:43] [Server thread/WARN]: 	at java.lang.Thread.run(Thread.java:750)
[12:27:43] [Server thread/INFO]: Genshin issued server command: /gm 1
[12:27:43] [Server thread/ERROR]: [MythicMobs] [31m[EVENTS] Exception thrown whilst handling event: com.comphenix.protocol.events.PacketEvent[37m
[12:27:43] [Server thread/WARN]: java.lang.NoSuchMethodError: com.comphenix.protocol.events.PacketEvent.isPlayerTemporary()Z
[12:27:43] [Server thread/WARN]: 	at io.lumine.xikage.mythicmobs.compatibility.ProtocolLibSupport.lambda$load$0(ProtocolLibSupport.java:26)
[12:27:43] [Server thread/WARN]: 	at io.lumine.xikage.mythicmobs.utils.events.functional.protocol.ProtocolListener.onPacket(ProtocolListener.java:107)
[12:27:43] [Server thread/WARN]: 	at io.lumine.xikage.mythicmobs.utils.events.functional.protocol.ProtocolListener.onPacketSending(ProtocolListener.java:81)
[12:27:43] [Server thread/WARN]: 	at com.comphenix.protocol.injector.SortedPacketListenerList.invokeSendingListener(SortedPacketListenerList.java:195)
[12:27:43] [Server thread/WARN]: 	at com.comphenix.protocol.injector.SortedPacketListenerList.invokePacketSending(SortedPacketListenerList.java:149)
[12:27:43] [Server thread/WARN]: 	at com.comphenix.protocol.injector.PacketFilterManager.handlePacket(PacketFilterManager.java:588)
[12:27:43] [Server thread/WARN]: 	at com.comphenix.protocol.injector.PacketFilterManager.invokePacketSending(PacketFilterManager.java:564)
[12:27:43] [Server thread/WARN]: 	at com.comphenix.protocol.injector.netty.ProtocolInjector.packetQueued(ProtocolInjector.java:338)
[12:27:43] [Server thread/WARN]: 	at com.comphenix.protocol.injector.netty.ProtocolInjector.onPacketSending(ProtocolInjector.java:298)
[12:27:43] [Server thread/WARN]: 	at com.comphenix.protocol.injector.netty.ChannelInjector.processSending(ChannelInjector.java:386)
[12:27:43] [Server thread/WARN]: 	at com.comphenix.protocol.injector.netty.ChannelInjector.access$500(ChannelInjector.java:77)
[12:27:43] [Server thread/WARN]: 	at com.comphenix.protocol.injector.netty.ChannelInjector$5.handleScheduled(ChannelInjector.java:352)
[12:27:43] [Server thread/WARN]: 	at com.comphenix.protocol.injector.netty.ChannelInjector$5.onMessageScheduled(ChannelInjector.java:320)
[12:27:43] [Server thread/WARN]: 	at com.comphenix.protocol.injector.netty.ChannelProxy$2.schedulingRunnable(ChannelProxy.java:127)
[12:27:43] [Server thread/WARN]: 	at com.comphenix.protocol.injector.netty.EventLoopProxy.execute(EventLoopProxy.java:95)
[12:27:43] [Server thread/WARN]: 	at net.minecraft.server.v1_12_R1.NetworkManager.a(NetworkManager.java:194)
[12:27:43] [Server thread/WARN]: 	at net.minecraft.server.v1_12_R1.NetworkManager.sendPacket(NetworkManager.java:143)
[12:27:43] [Server thread/WARN]: 	at net.minecraft.server.v1_12_R1.PlayerConnection.sendPacket(PlayerConnection.java:1142)
[12:27:43] [Server thread/WARN]: 	at net.minecraft.server.v1_12_R1.EntityTrackerEntry.broadcast(EntityTrackerEntry.java:292)
[12:27:43] [Server thread/WARN]: 	at net.minecraft.server.v1_12_R1.EntityTrackerEntry.track(EntityTrackerEntry.java:204)
[12:27:43] [Server thread/WARN]: 	at net.minecraft.server.v1_12_R1.EntityTracker.updatePlayers(EntityTracker.java:182)
[12:27:43] [Server thread/WARN]: 	at net.minecraft.server.v1_12_R1.MinecraftServer.D(MinecraftServer.java:834)
[12:27:43] [Server thread/WARN]: 	at net.minecraft.server.v1_12_R1.DedicatedServer.D(DedicatedServer.java:406)
[12:27:43] [Server thread/WARN]: 	at net.minecraft.server.v1_12_R1.MinecraftServer.C(MinecraftServer.java:679)
[12:27:43] [Server thread/WARN]: 	at net.minecraft.server.v1_12_R1.MinecraftServer.run(MinecraftServer.java:577)
[12:27:43] [Server thread/WARN]: 	at java.lang.Thread.run(Thread.java:750)
[12:27:44] [Server thread/ERROR]: [MythicMobs] [31m[EVENTS] Exception thrown whilst handling event: com.comphenix.protocol.events.PacketEvent[37m
[12:27:44] [Server thread/WARN]: java.lang.NoSuchMethodError: com.comphenix.protocol.events.PacketEvent.isPlayerTemporary()Z
[12:27:44] [Server thread/WARN]: 	at io.lumine.xikage.mythicmobs.compatibility.ProtocolLibSupport.lambda$load$0(ProtocolLibSupport.java:26)
[12:27:44] [Server thread/WARN]: 	at io.lumine.xikage.mythicmobs.utils.events.functional.protocol.ProtocolListener.onPacket(ProtocolListener.java:107)
[12:27:44] [Server thread/WARN]: 	at io.lumine.xikage.mythicmobs.utils.events.functional.protocol.ProtocolListener.onPacketSending(ProtocolListener.java:81)
[12:27:44] [Server thread/WARN]: 	at com.comphenix.protocol.injector.SortedPacketListenerList.invokeSendingListener(SortedPacketListenerList.java:195)
[12:27:44] [Server thread/WARN]: 	at com.comphenix.protocol.injector.SortedPacketListenerList.invokePacketSending(SortedPacketListenerList.java:149)
[12:27:44] [Server thread/WARN]: 	at com.comphenix.protocol.injector.PacketFilterManager.handlePacket(PacketFilterManager.java:588)
[12:27:44] [Server thread/WARN]: 	at com.comphenix.protocol.injector.PacketFilterManager.invokePacketSending(PacketFilterManager.java:564)
[12:27:44] [Server thread/WARN]: 	at com.comphenix.protocol.injector.netty.ProtocolInjector.packetQueued(ProtocolInjector.java:338)
[12:27:44] [Server thread/WARN]: 	at com.comphenix.protocol.injector.netty.ProtocolInjector.onPacketSending(ProtocolInjector.java:298)
[12:27:44] [Server thread/WARN]: 	at com.comphenix.protocol.injector.netty.ChannelInjector.processSending(ChannelInjector.java:386)
[12:27:44] [Server thread/WARN]: 	at com.comphenix.protocol.injector.netty.ChannelInjector.access$500(ChannelInjector.java:77)
[12:27:44] [Server thread/WARN]: 	at com.comphenix.protocol.injector.netty.ChannelInjector$5.handleScheduled(ChannelInjector.java:352)
[12:27:44] [Server thread/WARN]: 	at com.comphenix.protocol.injector.netty.ChannelInjector$5.onMessageScheduled(ChannelInjector.java:320)
[12:27:44] [Server thread/WARN]: 	at com.comphenix.protocol.injector.netty.ChannelProxy$2.schedulingRunnable(ChannelProxy.java:127)
[12:27:44] [Server thread/WARN]: 	at com.comphenix.protocol.injector.netty.EventLoopProxy.execute(EventLoopProxy.java:95)
[12:27:44] [Server thread/WARN]: 	at net.minecraft.server.v1_12_R1.NetworkManager.a(NetworkManager.java:194)
[12:27:44] [Server thread/WARN]: 	at net.minecraft.server.v1_12_R1.NetworkManager.sendPacket(NetworkManager.java:143)
[12:27:44] [Server thread/WARN]: 	at net.minecraft.server.v1_12_R1.PlayerConnection.sendPacket(PlayerConnection.java:1142)
[12:27:44] [Server thread/WARN]: 	at net.minecraft.server.v1_12_R1.EntityTrackerEntry.broadcast(EntityTrackerEntry.java:292)
[12:27:44] [Server thread/WARN]: 	at net.minecraft.server.v1_12_R1.EntityTrackerEntry.track(EntityTrackerEntry.java:204)
[12:27:44] [Server thread/WARN]: 	at net.minecraft.server.v1_12_R1.EntityTracker.updatePlayers(EntityTracker.java:182)
[12:27:44] [Server thread/WARN]: 	at net.minecraft.server.v1_12_R1.MinecraftServer.D(MinecraftServer.java:834)
[12:27:44] [Server thread/WARN]: 	at net.minecraft.server.v1_12_R1.DedicatedServer.D(DedicatedServer.java:406)
[12:27:44] [Server thread/WARN]: 	at net.minecraft.server.v1_12_R1.MinecraftServer.C(MinecraftServer.java:679)
[12:27:44] [Server thread/WARN]: 	at net.minecraft.server.v1_12_R1.MinecraftServer.run(MinecraftServer.java:577)
[12:27:44] [Server thread/WARN]: 	at java.lang.Thread.run(Thread.java:750)
[12:27:45] [Server thread/ERROR]: [MythicMobs] [31m[EVENTS] Exception thrown whilst handling event: com.comphenix.protocol.events.PacketEvent[37m
[12:27:45] [Server thread/WARN]: java.lang.NoSuchMethodError: com.comphenix.protocol.events.PacketEvent.isPlayerTemporary()Z
[12:27:45] [Server thread/WARN]: 	at io.lumine.xikage.mythicmobs.compatibility.ProtocolLibSupport.lambda$load$0(ProtocolLibSupport.java:26)
[12:27:45] [Server thread/WARN]: 	at io.lumine.xikage.mythicmobs.utils.events.functional.protocol.ProtocolListener.onPacket(ProtocolListener.java:107)
[12:27:45] [Server thread/WARN]: 	at io.lumine.xikage.mythicmobs.utils.events.functional.protocol.ProtocolListener.onPacketSending(ProtocolListener.java:81)
[12:27:45] [Server thread/WARN]: 	at com.comphenix.protocol.injector.SortedPacketListenerList.invokeSendingListener(SortedPacketListenerList.java:195)
[12:27:45] [Server thread/WARN]: 	at com.comphenix.protocol.injector.SortedPacketListenerList.invokePacketSending(SortedPacketListenerList.java:149)
[12:27:45] [Server thread/WARN]: 	at com.comphenix.protocol.injector.PacketFilterManager.handlePacket(PacketFilterManager.java:588)
[12:27:45] [Server thread/WARN]: 	at com.comphenix.protocol.injector.PacketFilterManager.invokePacketSending(PacketFilterManager.java:564)
[12:27:45] [Server thread/WARN]: 	at com.comphenix.protocol.injector.netty.ProtocolInjector.packetQueued(ProtocolInjector.java:338)
[12:27:45] [Server thread/WARN]: 	at com.comphenix.protocol.injector.netty.ProtocolInjector.onPacketSending(ProtocolInjector.java:298)
[12:27:45] [Server thread/WARN]: 	at com.comphenix.protocol.injector.netty.ChannelInjector.processSending(ChannelInjector.java:386)
[12:27:45] [Server thread/WARN]: 	at com.comphenix.protocol.injector.netty.ChannelInjector.access$500(ChannelInjector.java:77)
[12:27:45] [Server thread/WARN]: 	at com.comphenix.protocol.injector.netty.ChannelInjector$5.handleScheduled(ChannelInjector.java:352)
[12:27:45] [Server thread/WARN]: 	at com.comphenix.protocol.injector.netty.ChannelInjector$5.onMessageScheduled(ChannelInjector.java:320)
[12:27:45] [Server thread/WARN]: 	at com.comphenix.protocol.injector.netty.ChannelProxy$2.schedulingRunnable(ChannelProxy.java:127)
[12:27:45] [Server thread/WARN]: 	at com.comphenix.protocol.injector.netty.EventLoopProxy.execute(EventLoopProxy.java:95)
[12:27:45] [Server thread/WARN]: 	at net.minecraft.server.v1_12_R1.NetworkManager.a(NetworkManager.java:194)
[12:27:45] [Server thread/WARN]: 	at net.minecraft.server.v1_12_R1.NetworkManager.sendPacket(NetworkManager.java:143)
[12:27:45] [Server thread/WARN]: 	at net.minecraft.server.v1_12_R1.PlayerConnection.sendPacket(PlayerConnection.java:1142)
[12:27:45] [Server thread/WARN]: 	at net.minecraft.server.v1_12_R1.EntityTrackerEntry.broadcast(EntityTrackerEntry.java:292)
[12:27:45] [Server thread/WARN]: 	at net.minecraft.server.v1_12_R1.EntityTrackerEntry.track(EntityTrackerEntry.java:204)
[12:27:45] [Server thread/WARN]: 	at net.minecraft.server.v1_12_R1.EntityTracker.updatePlayers(EntityTracker.java:182)
[12:27:45] [Server thread/WARN]: 	at net.minecraft.server.v1_12_R1.MinecraftServer.D(MinecraftServer.java:834)
[12:27:45] [Server thread/WARN]: 	at net.minecraft.server.v1_12_R1.DedicatedServer.D(DedicatedServer.java:406)
[12:27:45] [Server thread/WARN]: 	at net.minecraft.server.v1_12_R1.MinecraftServer.C(MinecraftServer.java:679)
[12:27:45] [Server thread/WARN]: 	at net.minecraft.server.v1_12_R1.MinecraftServer.run(MinecraftServer.java:577)
[12:27:45] [Server thread/WARN]: 	at java.lang.Thread.run(Thread.java:750)
[12:27:46] [Server thread/ERROR]: [MythicMobs] [31m[EVENTS] Exception thrown whilst handling event: com.comphenix.protocol.events.PacketEvent[37m
[12:27:46] [Server thread/WARN]: java.lang.NoSuchMethodError: com.comphenix.protocol.events.PacketEvent.isPlayerTemporary()Z
[12:27:46] [Server thread/WARN]: 	at io.lumine.xikage.mythicmobs.compatibility.ProtocolLibSupport.lambda$load$0(ProtocolLibSupport.java:26)
[12:27:46] [Server thread/WARN]: 	at io.lumine.xikage.mythicmobs.utils.events.functional.protocol.ProtocolListener.onPacket(ProtocolListener.java:107)
[12:27:46] [Server thread/WARN]: 	at io.lumine.xikage.mythicmobs.utils.events.functional.protocol.ProtocolListener.onPacketSending(ProtocolListener.java:81)
[12:27:46] [Server thread/WARN]: 	at com.comphenix.protocol.injector.SortedPacketListenerList.invokeSendingListener(SortedPacketListenerList.java:195)
[12:27:46] [Server thread/WARN]: 	at com.comphenix.protocol.injector.SortedPacketListenerList.invokePacketSending(SortedPacketListenerList.java:149)
[12:27:46] [Server thread/WARN]: 	at com.comphenix.protocol.injector.PacketFilterManager.handlePacket(PacketFilterManager.java:588)
[12:27:46] [Server thread/WARN]: 	at com.comphenix.protocol.injector.PacketFilterManager.invokePacketSending(PacketFilterManager.java:564)
[12:27:46] [Server thread/WARN]: 	at com.comphenix.protocol.injector.netty.ProtocolInjector.packetQueued(ProtocolInjector.java:338)
[12:27:46] [Server thread/WARN]: 	at com.comphenix.protocol.injector.netty.ProtocolInjector.onPacketSending(ProtocolInjector.java:298)
[12:27:46] [Server thread/WARN]: 	at com.comphenix.protocol.injector.netty.ChannelInjector.processSending(ChannelInjector.java:386)
[12:27:46] [Server thread/WARN]: 	at com.comphenix.protocol.injector.netty.ChannelInjector.access$500(ChannelInjector.java:77)
[12:27:46] [Server thread/WARN]: 	at com.comphenix.protocol.injector.netty.ChannelInjector$5.handleScheduled(ChannelInjector.java:352)
[12:27:46] [Server thread/WARN]: 	at com.comphenix.protocol.injector.netty.ChannelInjector$5.onMessageScheduled(ChannelInjector.java:320)
[12:27:46] [Server thread/WARN]: 	at com.comphenix.protocol.injector.netty.ChannelProxy$2.schedulingRunnable(ChannelProxy.java:127)
[12:27:46] [Server thread/WARN]: 	at com.comphenix.protocol.injector.netty.EventLoopProxy.execute(EventLoopProxy.java:95)
[12:27:46] [Server thread/WARN]: 	at net.minecraft.server.v1_12_R1.NetworkManager.a(NetworkManager.java:194)
[12:27:46] [Server thread/WARN]: 	at net.minecraft.server.v1_12_R1.NetworkManager.sendPacket(NetworkManager.java:143)
[12:27:46] [Server thread/WARN]: 	at net.minecraft.server.v1_12_R1.PlayerConnection.sendPacket(PlayerConnection.java:1142)
[12:27:46] [Server thread/WARN]: 	at net.minecraft.server.v1_12_R1.EntityTrackerEntry.broadcast(EntityTrackerEntry.java:292)
[12:27:46] [Server thread/WARN]: 	at net.minecraft.server.v1_12_R1.EntityTrackerEntry.track(EntityTrackerEntry.java:204)
[12:27:46] [Server thread/WARN]: 	at net.minecraft.server.v1_12_R1.EntityTracker.updatePlayers(EntityTracker.java:182)
[12:27:46] [Server thread/WARN]: 	at net.minecraft.server.v1_12_R1.MinecraftServer.D(MinecraftServer.java:834)
[12:27:46] [Server thread/WARN]: 	at net.minecraft.server.v1_12_R1.DedicatedServer.D(DedicatedServer.java:406)
[12:27:46] [Server thread/WARN]: 	at net.minecraft.server.v1_12_R1.MinecraftServer.C(MinecraftServer.java:679)
[12:27:46] [Server thread/WARN]: 	at net.minecraft.server.v1_12_R1.MinecraftServer.run(MinecraftServer.java:577)
[12:27:46] [Server thread/WARN]: 	at java.lang.Thread.run(Thread.java:750)
[12:27:47] [Server thread/ERROR]: [MythicMobs] [31m[EVENTS] Exception thrown whilst handling event: com.comphenix.protocol.events.PacketEvent[37m
[12:27:47] [Server thread/WARN]: java.lang.NoSuchMethodError: com.comphenix.protocol.events.PacketEvent.isPlayerTemporary()Z
[12:27:47] [Server thread/WARN]: 	at io.lumine.xikage.mythicmobs.compatibility.ProtocolLibSupport.lambda$load$0(ProtocolLibSupport.java:26)
[12:27:47] [Server thread/WARN]: 	at io.lumine.xikage.mythicmobs.utils.events.functional.protocol.ProtocolListener.onPacket(ProtocolListener.java:107)
[12:27:47] [Server thread/WARN]: 	at io.lumine.xikage.mythicmobs.utils.events.functional.protocol.ProtocolListener.onPacketSending(ProtocolListener.java:81)
[12:27:47] [Server thread/WARN]: 	at com.comphenix.protocol.injector.SortedPacketListenerList.invokeSendingListener(SortedPacketListenerList.java:195)
[12:27:47] [Server thread/WARN]: 	at com.comphenix.protocol.injector.SortedPacketListenerList.invokePacketSending(SortedPacketListenerList.java:149)
[12:27:47] [Server thread/WARN]: 	at com.comphenix.protocol.injector.PacketFilterManager.handlePacket(PacketFilterManager.java:588)
[12:27:47] [Server thread/WARN]: 	at com.comphenix.protocol.injector.PacketFilterManager.invokePacketSending(PacketFilterManager.java:564)
[12:27:47] [Server thread/WARN]: 	at com.comphenix.protocol.injector.netty.ProtocolInjector.packetQueued(ProtocolInjector.java:338)
[12:27:47] [Server thread/WARN]: 	at com.comphenix.protocol.injector.netty.ProtocolInjector.onPacketSending(ProtocolInjector.java:298)
[12:27:47] [Server thread/WARN]: 	at com.comphenix.protocol.injector.netty.ChannelInjector.processSending(ChannelInjector.java:386)
[12:27:47] [Server thread/WARN]: 	at com.comphenix.protocol.injector.netty.ChannelInjector.access$500(ChannelInjector.java:77)
[12:27:47] [Server thread/WARN]: 	at com.comphenix.protocol.injector.netty.ChannelInjector$5.handleScheduled(ChannelInjector.java:352)
[12:27:47] [Server thread/WARN]: 	at com.comphenix.protocol.injector.netty.ChannelInjector$5.onMessageScheduled(ChannelInjector.java:320)
[12:27:47] [Server thread/WARN]: 	at com.comphenix.protocol.injector.netty.ChannelProxy$2.schedulingRunnable(ChannelProxy.java:127)
[12:27:47] [Server thread/WARN]: 	at com.comphenix.protocol.injector.netty.EventLoopProxy.execute(EventLoopProxy.java:95)
[12:27:47] [Server thread/WARN]: 	at net.minecraft.server.v1_12_R1.NetworkManager.a(NetworkManager.java:194)
[12:27:47] [Server thread/WARN]: 	at net.minecraft.server.v1_12_R1.NetworkManager.sendPacket(NetworkManager.java:143)
[12:27:47] [Server thread/WARN]: 	at net.minecraft.server.v1_12_R1.PlayerConnection.sendPacket(PlayerConnection.java:1142)
[12:27:47] [Server thread/WARN]: 	at net.minecraft.server.v1_12_R1.EntityTrackerEntry.broadcast(EntityTrackerEntry.java:292)
[12:27:47] [Server thread/WARN]: 	at net.minecraft.server.v1_12_R1.EntityTrackerEntry.track(EntityTrackerEntry.java:204)
[12:27:47] [Server thread/WARN]: 	at net.minecraft.server.v1_12_R1.EntityTracker.updatePlayers(EntityTracker.java:182)
[12:27:47] [Server thread/WARN]: 	at net.minecraft.server.v1_12_R1.MinecraftServer.D(MinecraftServer.java:834)
[12:27:47] [Server thread/WARN]: 	at net.minecraft.server.v1_12_R1.DedicatedServer.D(DedicatedServer.java:406)
[12:27:47] [Server thread/WARN]: 	at net.minecraft.server.v1_12_R1.MinecraftServer.C(MinecraftServer.java:679)
[12:27:47] [Server thread/WARN]: 	at net.minecraft.server.v1_12_R1.MinecraftServer.run(MinecraftServer.java:577)
[12:27:47] [Server thread/WARN]: 	at java.lang.Thread.run(Thread.java:750)
[12:27:48] [Server thread/ERROR]: [MythicMobs] [31m[EVENTS] Exception thrown whilst handling event: com.comphenix.protocol.events.PacketEvent[37m
[12:27:48] [Server thread/WARN]: java.lang.NoSuchMethodError: com.comphenix.protocol.events.PacketEvent.isPlayerTemporary()Z
[12:27:48] [Server thread/WARN]: 	at io.lumine.xikage.mythicmobs.compatibility.ProtocolLibSupport.lambda$load$0(ProtocolLibSupport.java:26)
[12:27:48] [Server thread/WARN]: 	at io.lumine.xikage.mythicmobs.utils.events.functional.protocol.ProtocolListener.onPacket(ProtocolListener.java:107)
[12:27:48] [Server thread/WARN]: 	at io.lumine.xikage.mythicmobs.utils.events.functional.protocol.ProtocolListener.onPacketSending(ProtocolListener.java:81)
[12:27:48] [Server thread/WARN]: 	at com.comphenix.protocol.injector.SortedPacketListenerList.invokeSendingListener(SortedPacketListenerList.java:195)
[12:27:48] [Server thread/WARN]: 	at com.comphenix.protocol.injector.SortedPacketListenerList.invokePacketSending(SortedPacketListenerList.java:149)
[12:27:48] [Server thread/WARN]: 	at com.comphenix.protocol.injector.PacketFilterManager.handlePacket(PacketFilterManager.java:588)
[12:27:48] [Server thread/WARN]: 	at com.comphenix.protocol.injector.PacketFilterManager.invokePacketSending(PacketFilterManager.java:564)
[12:27:48] [Server thread/WARN]: 	at com.comphenix.protocol.injector.netty.ProtocolInjector.packetQueued(ProtocolInjector.java:338)
[12:27:48] [Server thread/WARN]: 	at com.comphenix.protocol.injector.netty.ProtocolInjector.onPacketSending(ProtocolInjector.java:298)
[12:27:48] [Server thread/WARN]: 	at com.comphenix.protocol.injector.netty.ChannelInjector.processSending(ChannelInjector.java:386)
[12:27:48] [Server thread/WARN]: 	at com.comphenix.protocol.injector.netty.ChannelInjector.access$500(ChannelInjector.java:77)
[12:27:48] [Server thread/WARN]: 	at com.comphenix.protocol.injector.netty.ChannelInjector$5.handleScheduled(ChannelInjector.java:352)
[12:27:48] [Server thread/WARN]: 	at com.comphenix.protocol.injector.netty.ChannelInjector$5.onMessageScheduled(ChannelInjector.java:320)
[12:27:48] [Server thread/WARN]: 	at com.comphenix.protocol.injector.netty.ChannelProxy$2.schedulingRunnable(ChannelProxy.java:127)
[12:27:48] [Server thread/WARN]: 	at com.comphenix.protocol.injector.netty.EventLoopProxy.execute(EventLoopProxy.java:95)
[12:27:48] [Server thread/WARN]: 	at net.minecraft.server.v1_12_R1.NetworkManager.a(NetworkManager.java:194)
[12:27:48] [Server thread/WARN]: 	at net.minecraft.server.v1_12_R1.NetworkManager.sendPacket(NetworkManager.java:143)
[12:27:48] [Server thread/WARN]: 	at net.minecraft.server.v1_12_R1.PlayerConnection.sendPacket(PlayerConnection.java:1142)
[12:27:48] [Server thread/WARN]: 	at net.minecraft.server.v1_12_R1.EntityTrackerEntry.broadcast(EntityTrackerEntry.java:292)
[12:27:48] [Server thread/WARN]: 	at net.minecraft.server.v1_12_R1.EntityTrackerEntry.track(EntityTrackerEntry.java:204)
[12:27:48] [Server thread/WARN]: 	at net.minecraft.server.v1_12_R1.EntityTracker.updatePlayers(EntityTracker.java:182)
[12:27:48] [Server thread/WARN]: 	at net.minecraft.server.v1_12_R1.MinecraftServer.D(MinecraftServer.java:834)
[12:27:48] [Server thread/WARN]: 	at net.minecraft.server.v1_12_R1.DedicatedServer.D(DedicatedServer.java:406)
[12:27:48] [Server thread/WARN]: 	at net.minecraft.server.v1_12_R1.MinecraftServer.C(MinecraftServer.java:679)
[12:27:48] [Server thread/WARN]: 	at net.minecraft.server.v1_12_R1.MinecraftServer.run(MinecraftServer.java:577)
[12:27:48] [Server thread/WARN]: 	at java.lang.Thread.run(Thread.java:750)
[12:27:48] [Server thread/INFO]: Genshin issued server command: /gm 0
[12:27:49] [Server thread/ERROR]: [MythicMobs] [31m[EVENTS] Exception thrown whilst handling event: com.comphenix.protocol.events.PacketEvent[37m
[12:27:49] [Server thread/WARN]: java.lang.NoSuchMethodError: com.comphenix.protocol.events.PacketEvent.isPlayerTemporary()Z
[12:27:49] [Server thread/WARN]: 	at io.lumine.xikage.mythicmobs.compatibility.ProtocolLibSupport.lambda$load$0(ProtocolLibSupport.java:26)
[12:27:49] [Server thread/WARN]: 	at io.lumine.xikage.mythicmobs.utils.events.functional.protocol.ProtocolListener.onPacket(ProtocolListener.java:107)
[12:27:49] [Server thread/WARN]: 	at io.lumine.xikage.mythicmobs.utils.events.functional.protocol.ProtocolListener.onPacketSending(ProtocolListener.java:81)
[12:27:49] [Server thread/WARN]: 	at com.comphenix.protocol.injector.SortedPacketListenerList.invokeSendingListener(SortedPacketListenerList.java:195)
[12:27:49] [Server thread/WARN]: 	at com.comphenix.protocol.injector.SortedPacketListenerList.invokePacketSending(SortedPacketListenerList.java:149)
[12:27:49] [Server thread/WARN]: 	at com.comphenix.protocol.injector.PacketFilterManager.handlePacket(PacketFilterManager.java:588)
[12:27:49] [Server thread/WARN]: 	at com.comphenix.protocol.injector.PacketFilterManager.invokePacketSending(PacketFilterManager.java:564)
[12:27:49] [Server thread/WARN]: 	at com.comphenix.protocol.injector.netty.ProtocolInjector.packetQueued(ProtocolInjector.java:338)
[12:27:49] [Server thread/WARN]: 	at com.comphenix.protocol.injector.netty.ProtocolInjector.onPacketSending(ProtocolInjector.java:298)
[12:27:49] [Server thread/WARN]: 	at com.comphenix.protocol.injector.netty.ChannelInjector.processSending(ChannelInjector.java:386)
[12:27:49] [Server thread/WARN]: 	at com.comphenix.protocol.injector.netty.ChannelInjector.access$500(ChannelInjector.java:77)
[12:27:49] [Server thread/WARN]: 	at com.comphenix.protocol.injector.netty.ChannelInjector$5.handleScheduled(ChannelInjector.java:352)
[12:27:49] [Server thread/WARN]: 	at com.comphenix.protocol.injector.netty.ChannelInjector$5.onMessageScheduled(ChannelInjector.java:320)
[12:27:49] [Server thread/WARN]: 	at com.comphenix.protocol.injector.netty.ChannelProxy$2.schedulingRunnable(ChannelProxy.java:127)
[12:27:49] [Server thread/WARN]: 	at com.comphenix.protocol.injector.netty.EventLoopProxy.execute(EventLoopProxy.java:95)
[12:27:49] [Server thread/WARN]: 	at net.minecraft.server.v1_12_R1.NetworkManager.a(NetworkManager.java:194)
[12:27:49] [Server thread/WARN]: 	at net.minecraft.server.v1_12_R1.NetworkManager.sendPacket(NetworkManager.java:143)
[12:27:49] [Server thread/WARN]: 	at net.minecraft.server.v1_12_R1.PlayerConnection.sendPacket(PlayerConnection.java:1142)
[12:27:49] [Server thread/WARN]: 	at net.minecraft.server.v1_12_R1.EntityTrackerEntry.broadcast(EntityTrackerEntry.java:292)
[12:27:49] [Server thread/WARN]: 	at net.minecraft.server.v1_12_R1.EntityTrackerEntry.track(EntityTrackerEntry.java:204)
[12:27:49] [Server thread/WARN]: 	at net.minecraft.server.v1_12_R1.EntityTracker.updatePlayers(EntityTracker.java:182)
[12:27:49] [Server thread/WARN]: 	at net.minecraft.server.v1_12_R1.MinecraftServer.D(MinecraftServer.java:834)
[12:27:49] [Server thread/WARN]: 	at net.minecraft.server.v1_12_R1.DedicatedServer.D(DedicatedServer.java:406)
[12:27:49] [Server thread/WARN]: 	at net.minecraft.server.v1_12_R1.MinecraftServer.C(MinecraftServer.java:679)
[12:27:49] [Server thread/WARN]: 	at net.minecraft.server.v1_12_R1.MinecraftServer.run(MinecraftServer.java:577)
[12:27:49] [Server thread/WARN]: 	at java.lang.Thread.run(Thread.java:750)
[12:27:50] [Server thread/ERROR]: [MythicMobs] [31m[EVENTS] Exception thrown whilst handling event: com.comphenix.protocol.events.PacketEvent[37m
[12:27:50] [Server thread/WARN]: java.lang.NoSuchMethodError: com.comphenix.protocol.events.PacketEvent.isPlayerTemporary()Z
[12:27:50] [Server thread/WARN]: 	at io.lumine.xikage.mythicmobs.compatibility.ProtocolLibSupport.lambda$load$0(ProtocolLibSupport.java:26)
[12:27:50] [Server thread/WARN]: 	at io.lumine.xikage.mythicmobs.utils.events.functional.protocol.ProtocolListener.onPacket(ProtocolListener.java:107)
[12:27:50] [Server thread/WARN]: 	at io.lumine.xikage.mythicmobs.utils.events.functional.protocol.ProtocolListener.onPacketSending(ProtocolListener.java:81)
[12:27:50] [Server thread/WARN]: 	at com.comphenix.protocol.injector.SortedPacketListenerList.invokeSendingListener(SortedPacketListenerList.java:195)
[12:27:50] [Server thread/WARN]: 	at com.comphenix.protocol.injector.SortedPacketListenerList.invokePacketSending(SortedPacketListenerList.java:149)
[12:27:50] [Server thread/WARN]: 	at com.comphenix.protocol.injector.PacketFilterManager.handlePacket(PacketFilterManager.java:588)
[12:27:50] [Server thread/WARN]: 	at com.comphenix.protocol.injector.PacketFilterManager.invokePacketSending(PacketFilterManager.java:564)
[12:27:50] [Server thread/WARN]: 	at com.comphenix.protocol.injector.netty.ProtocolInjector.packetQueued(ProtocolInjector.java:338)
[12:27:50] [Server thread/WARN]: 	at com.comphenix.protocol.injector.netty.ProtocolInjector.onPacketSending(ProtocolInjector.java:298)
[12:27:50] [Server thread/WARN]: 	at com.comphenix.protocol.injector.netty.ChannelInjector.processSending(ChannelInjector.java:386)
[12:27:50] [Server thread/WARN]: 	at com.comphenix.protocol.injector.netty.ChannelInjector.access$500(ChannelInjector.java:77)
[12:27:50] [Server thread/WARN]: 	at com.comphenix.protocol.injector.netty.ChannelInjector$5.handleScheduled(ChannelInjector.java:352)
[12:27:50] [Server thread/WARN]: 	at com.comphenix.protocol.injector.netty.ChannelInjector$5.onMessageScheduled(ChannelInjector.java:320)
[12:27:50] [Server thread/WARN]: 	at com.comphenix.protocol.injector.netty.ChannelProxy$2.schedulingRunnable(ChannelProxy.java:127)
[12:27:50] [Server thread/WARN]: 	at com.comphenix.protocol.injector.netty.EventLoopProxy.execute(EventLoopProxy.java:95)
[12:27:50] [Server thread/WARN]: 	at net.minecraft.server.v1_12_R1.NetworkManager.a(NetworkManager.java:194)
[12:27:50] [Server thread/WARN]: 	at net.minecraft.server.v1_12_R1.NetworkManager.sendPacket(NetworkManager.java:143)
[12:27:50] [Server thread/WARN]: 	at net.minecraft.server.v1_12_R1.PlayerConnection.sendPacket(PlayerConnection.java:1142)
[12:27:50] [Server thread/WARN]: 	at net.minecraft.server.v1_12_R1.EntityTrackerEntry.broadcast(EntityTrackerEntry.java:292)
[12:27:50] [Server thread/WARN]: 	at net.minecraft.server.v1_12_R1.EntityTrackerEntry.track(EntityTrackerEntry.java:204)
[12:27:50] [Server thread/WARN]: 	at net.minecraft.server.v1_12_R1.EntityTracker.updatePlayers(EntityTracker.java:182)
[12:27:50] [Server thread/WARN]: 	at net.minecraft.server.v1_12_R1.MinecraftServer.D(MinecraftServer.java:834)
[12:27:50] [Server thread/WARN]: 	at net.minecraft.server.v1_12_R1.DedicatedServer.D(DedicatedServer.java:406)
[12:27:50] [Server thread/WARN]: 	at net.minecraft.server.v1_12_R1.MinecraftServer.C(MinecraftServer.java:679)
[12:27:50] [Server thread/WARN]: 	at net.minecraft.server.v1_12_R1.MinecraftServer.run(MinecraftServer.java:577)
[12:27:50] [Server thread/WARN]: 	at java.lang.Thread.run(Thread.java:750)
[12:27:50] [Server thread/ERROR]: [MythicMobs] [31m[EVENTS] Exception thrown whilst handling event: com.comphenix.protocol.events.PacketEvent[37m
[12:27:50] [Server thread/WARN]: java.lang.NoSuchMethodError: com.comphenix.protocol.events.PacketEvent.isPlayerTemporary()Z
[12:27:50] [Server thread/WARN]: 	at io.lumine.xikage.mythicmobs.compatibility.ProtocolLibSupport.lambda$load$0(ProtocolLibSupport.java:26)
[12:27:50] [Server thread/WARN]: 	at io.lumine.xikage.mythicmobs.utils.events.functional.protocol.ProtocolListener.onPacket(ProtocolListener.java:107)
[12:27:50] [Server thread/WARN]: 	at io.lumine.xikage.mythicmobs.utils.events.functional.protocol.ProtocolListener.onPacketSending(ProtocolListener.java:81)
[12:27:50] [Server thread/WARN]: 	at com.comphenix.protocol.injector.SortedPacketListenerList.invokeSendingListener(SortedPacketListenerList.java:195)
[12:27:50] [Server thread/WARN]: 	at com.comphenix.protocol.injector.SortedPacketListenerList.invokePacketSending(SortedPacketListenerList.java:149)
[12:27:50] [Server thread/WARN]: 	at com.comphenix.protocol.injector.PacketFilterManager.handlePacket(PacketFilterManager.java:588)
[12:27:50] [Server thread/WARN]: 	at com.comphenix.protocol.injector.PacketFilterManager.invokePacketSending(PacketFilterManager.java:564)
[12:27:50] [Server thread/WARN]: 	at com.comphenix.protocol.injector.netty.ProtocolInjector.packetQueued(ProtocolInjector.java:338)
[12:27:50] [Server thread/WARN]: 	at com.comphenix.protocol.injector.netty.ProtocolInjector.onPacketSending(ProtocolInjector.java:298)
[12:27:50] [Server thread/WARN]: 	at com.comphenix.protocol.injector.netty.ChannelInjector.processSending(ChannelInjector.java:386)
[12:27:50] [Server thread/WARN]: 	at com.comphenix.protocol.injector.netty.ChannelInjector.access$500(ChannelInjector.java:77)
[12:27:50] [Server thread/WARN]: 	at com.comphenix.protocol.injector.netty.ChannelInjector$5.handleScheduled(ChannelInjector.java:352)
[12:27:50] [Server thread/WARN]: 	at com.comphenix.protocol.injector.netty.ChannelInjector$5.onMessageScheduled(ChannelInjector.java:320)
[12:27:50] [Server thread/WARN]: 	at com.comphenix.protocol.injector.netty.ChannelProxy$2.schedulingRunnable(ChannelProxy.java:127)
[12:27:50] [Server thread/WARN]: 	at com.comphenix.protocol.injector.netty.EventLoopProxy.execute(EventLoopProxy.java:95)
[12:27:50] [Server thread/WARN]: 	at net.minecraft.server.v1_12_R1.NetworkManager.a(NetworkManager.java:194)
[12:27:50] [Server thread/WARN]: 	at net.minecraft.server.v1_12_R1.NetworkManager.sendPacket(NetworkManager.java:143)
[12:27:50] [Server thread/WARN]: 	at net.minecraft.server.v1_12_R1.PlayerConnection.sendPacket(PlayerConnection.java:1142)
[12:27:50] [Server thread/WARN]: 	at net.minecraft.server.v1_12_R1.EntityTrackerEntry.broadcast(EntityTrackerEntry.java:292)
[12:27:50] [Server thread/WARN]: 	at net.minecraft.server.v1_12_R1.EntityTrackerEntry.track(EntityTrackerEntry.java:204)
[12:27:50] [Server thread/WARN]: 	at net.minecraft.server.v1_12_R1.EntityTracker.updatePlayers(EntityTracker.java:182)
[12:27:50] [Server thread/WARN]: 	at net.minecraft.server.v1_12_R1.MinecraftServer.D(MinecraftServer.java:834)
[12:27:50] [Server thread/WARN]: 	at net.minecraft.server.v1_12_R1.DedicatedServer.D(DedicatedServer.java:406)
[12:27:50] [Server thread/WARN]: 	at net.minecraft.server.v1_12_R1.MinecraftServer.C(MinecraftServer.java:679)
[12:27:50] [Server thread/WARN]: 	at net.minecraft.server.v1_12_R1.MinecraftServer.run(MinecraftServer.java:577)
[12:27:50] [Server thread/WARN]: 	at java.lang.Thread.run(Thread.java:750)
[12:27:51] [Server thread/ERROR]: [MythicMobs] [31m[EVENTS] Exception thrown whilst handling event: com.comphenix.protocol.events.PacketEvent[37m
[12:27:51] [Server thread/WARN]: java.lang.NoSuchMethodError: com.comphenix.protocol.events.PacketEvent.isPlayerTemporary()Z
[12:27:51] [Server thread/WARN]: 	at io.lumine.xikage.mythicmobs.compatibility.ProtocolLibSupport.lambda$load$0(ProtocolLibSupport.java:26)
[12:27:51] [Server thread/WARN]: 	at io.lumine.xikage.mythicmobs.utils.events.functional.protocol.ProtocolListener.onPacket(ProtocolListener.java:107)
[12:27:51] [Server thread/WARN]: 	at io.lumine.xikage.mythicmobs.utils.events.functional.protocol.ProtocolListener.onPacketSending(ProtocolListener.java:81)
[12:27:51] [Server thread/WARN]: 	at com.comphenix.protocol.injector.SortedPacketListenerList.invokeSendingListener(SortedPacketListenerList.java:195)
[12:27:51] [Server thread/WARN]: 	at com.comphenix.protocol.injector.SortedPacketListenerList.invokePacketSending(SortedPacketListenerList.java:149)
[12:27:51] [Server thread/WARN]: 	at com.comphenix.protocol.injector.PacketFilterManager.handlePacket(PacketFilterManager.java:588)
[12:27:51] [Server thread/WARN]: 	at com.comphenix.protocol.injector.PacketFilterManager.invokePacketSending(PacketFilterManager.java:564)
[12:27:51] [Server thread/WARN]: 	at com.comphenix.protocol.injector.netty.ProtocolInjector.packetQueued(ProtocolInjector.java:338)
[12:27:51] [Server thread/WARN]: 	at com.comphenix.protocol.injector.netty.ProtocolInjector.onPacketSending(ProtocolInjector.java:298)
[12:27:51] [Server thread/WARN]: 	at com.comphenix.protocol.injector.netty.ChannelInjector.processSending(ChannelInjector.java:386)
[12:27:51] [Server thread/WARN]: 	at com.comphenix.protocol.injector.netty.ChannelInjector.access$500(ChannelInjector.java:77)
[12:27:51] [Server thread/WARN]: 	at com.comphenix.protocol.injector.netty.ChannelInjector$5.handleScheduled(ChannelInjector.java:352)
[12:27:51] [Server thread/WARN]: 	at com.comphenix.protocol.injector.netty.ChannelInjector$5.onMessageScheduled(ChannelInjector.java:320)
[12:27:51] [Server thread/WARN]: 	at com.comphenix.protocol.injector.netty.ChannelProxy$2.schedulingRunnable(ChannelProxy.java:127)
[12:27:51] [Server thread/WARN]: 	at com.comphenix.protocol.injector.netty.EventLoopProxy.execute(EventLoopProxy.java:95)
[12:27:51] [Server thread/WARN]: 	at net.minecraft.server.v1_12_R1.NetworkManager.a(NetworkManager.java:194)
[12:27:51] [Server thread/WARN]: 	at net.minecraft.server.v1_12_R1.NetworkManager.sendPacket(NetworkManager.java:143)
[12:27:51] [Server thread/WARN]: 	at net.minecraft.server.v1_12_R1.PlayerConnection.sendPacket(PlayerConnection.java:1142)
[12:27:51] [Server thread/WARN]: 	at net.minecraft.server.v1_12_R1.EntityTrackerEntry.broadcast(EntityTrackerEntry.java:292)
[12:27:51] [Server thread/WARN]: 	at net.minecraft.server.v1_12_R1.EntityTrackerEntry.track(EntityTrackerEntry.java:204)
[12:27:51] [Server thread/WARN]: 	at net.minecraft.server.v1_12_R1.EntityTracker.updatePlayers(EntityTracker.java:182)
[12:27:51] [Server thread/WARN]: 	at net.minecraft.server.v1_12_R1.MinecraftServer.D(MinecraftServer.java:834)
[12:27:51] [Server thread/WARN]: 	at net.minecraft.server.v1_12_R1.DedicatedServer.D(DedicatedServer.java:406)
[12:27:51] [Server thread/WARN]: 	at net.minecraft.server.v1_12_R1.MinecraftServer.C(MinecraftServer.java:679)
[12:27:51] [Server thread/WARN]: 	at net.minecraft.server.v1_12_R1.MinecraftServer.run(MinecraftServer.java:577)
[12:27:51] [Server thread/WARN]: 	at java.lang.Thread.run(Thread.java:750)
[12:27:52] [Server thread/ERROR]: [MythicMobs] [31m[EVENTS] Exception thrown whilst handling event: com.comphenix.protocol.events.PacketEvent[37m
[12:27:52] [Server thread/WARN]: java.lang.NoSuchMethodError: com.comphenix.protocol.events.PacketEvent.isPlayerTemporary()Z
[12:27:52] [Server thread/WARN]: 	at io.lumine.xikage.mythicmobs.compatibility.ProtocolLibSupport.lambda$load$0(ProtocolLibSupport.java:26)
[12:27:52] [Server thread/WARN]: 	at io.lumine.xikage.mythicmobs.utils.events.functional.protocol.ProtocolListener.onPacket(ProtocolListener.java:107)
[12:27:52] [Server thread/WARN]: 	at io.lumine.xikage.mythicmobs.utils.events.functional.protocol.ProtocolListener.onPacketSending(ProtocolListener.java:81)
[12:27:52] [Server thread/WARN]: 	at com.comphenix.protocol.injector.SortedPacketListenerList.invokeSendingListener(SortedPacketListenerList.java:195)
[12:27:52] [Server thread/WARN]: 	at com.comphenix.protocol.injector.SortedPacketListenerList.invokePacketSending(SortedPacketListenerList.java:149)
[12:27:52] [Server thread/WARN]: 	at com.comphenix.protocol.injector.PacketFilterManager.handlePacket(PacketFilterManager.java:588)
[12:27:52] [Server thread/WARN]: 	at com.comphenix.protocol.injector.PacketFilterManager.invokePacketSending(PacketFilterManager.java:564)
[12:27:52] [Server thread/WARN]: 	at com.comphenix.protocol.injector.netty.ProtocolInjector.packetQueued(ProtocolInjector.java:338)
[12:27:52] [Server thread/WARN]: 	at com.comphenix.protocol.injector.netty.ProtocolInjector.onPacketSending(ProtocolInjector.java:298)
[12:27:52] [Server thread/WARN]: 	at com.comphenix.protocol.injector.netty.ChannelInjector.processSending(ChannelInjector.java:386)
[12:27:52] [Server thread/WARN]: 	at com.comphenix.protocol.injector.netty.ChannelInjector.access$500(ChannelInjector.java:77)
[12:27:52] [Server thread/WARN]: 	at com.comphenix.protocol.injector.netty.ChannelInjector$5.handleScheduled(ChannelInjector.java:352)
[12:27:52] [Server thread/WARN]: 	at com.comphenix.protocol.injector.netty.ChannelInjector$5.onMessageScheduled(ChannelInjector.java:320)
[12:27:52] [Server thread/WARN]: 	at com.comphenix.protocol.injector.netty.ChannelProxy$2.schedulingRunnable(ChannelProxy.java:127)
[12:27:52] [Server thread/WARN]: 	at com.comphenix.protocol.injector.netty.EventLoopProxy.execute(EventLoopProxy.java:95)
[12:27:52] [Server thread/WARN]: 	at net.minecraft.server.v1_12_R1.NetworkManager.a(NetworkManager.java:194)
[12:27:52] [Server thread/WARN]: 	at net.minecraft.server.v1_12_R1.NetworkManager.sendPacket(NetworkManager.java:143)
[12:27:52] [Server thread/WARN]: 	at net.minecraft.server.v1_12_R1.PlayerConnection.sendPacket(PlayerConnection.java:1142)
[12:27:52] [Server thread/WARN]: 	at net.minecraft.server.v1_12_R1.EntityTrackerEntry.broadcast(EntityTrackerEntry.java:292)
[12:27:52] [Server thread/WARN]: 	at net.minecraft.server.v1_12_R1.EntityTrackerEntry.track(EntityTrackerEntry.java:204)
[12:27:52] [Server thread/WARN]: 	at net.minecraft.server.v1_12_R1.EntityTracker.updatePlayers(EntityTracker.java:182)
[12:27:52] [Server thread/WARN]: 	at net.minecraft.server.v1_12_R1.MinecraftServer.D(MinecraftServer.java:834)
[12:27:52] [Server thread/WARN]: 	at net.minecraft.server.v1_12_R1.DedicatedServer.D(DedicatedServer.java:406)
[12:27:52] [Server thread/WARN]: 	at net.minecraft.server.v1_12_R1.MinecraftServer.C(MinecraftServer.java:679)
[12:27:52] [Server thread/WARN]: 	at net.minecraft.server.v1_12_R1.MinecraftServer.run(MinecraftServer.java:577)
[12:27:52] [Server thread/WARN]: 	at java.lang.Thread.run(Thread.java:750)
[12:27:53] [Server thread/ERROR]: [MythicMobs] [31m[EVENTS] Exception thrown whilst handling event: com.comphenix.protocol.events.PacketEvent[37m
[12:27:53] [Server thread/WARN]: java.lang.NoSuchMethodError: com.comphenix.protocol.events.PacketEvent.isPlayerTemporary()Z
[12:27:53] [Server thread/WARN]: 	at io.lumine.xikage.mythicmobs.compatibility.ProtocolLibSupport.lambda$load$0(ProtocolLibSupport.java:26)
[12:27:53] [Server thread/WARN]: 	at io.lumine.xikage.mythicmobs.utils.events.functional.protocol.ProtocolListener.onPacket(ProtocolListener.java:107)
[12:27:53] [Server thread/WARN]: 	at io.lumine.xikage.mythicmobs.utils.events.functional.protocol.ProtocolListener.onPacketSending(ProtocolListener.java:81)
[12:27:53] [Server thread/WARN]: 	at com.comphenix.protocol.injector.SortedPacketListenerList.invokeSendingListener(SortedPacketListenerList.java:195)
[12:27:53] [Server thread/WARN]: 	at com.comphenix.protocol.injector.SortedPacketListenerList.invokePacketSending(SortedPacketListenerList.java:149)
[12:27:53] [Server thread/WARN]: 	at com.comphenix.protocol.injector.PacketFilterManager.handlePacket(PacketFilterManager.java:588)
[12:27:53] [Server thread/WARN]: 	at com.comphenix.protocol.injector.PacketFilterManager.invokePacketSending(PacketFilterManager.java:564)
[12:27:53] [Server thread/WARN]: 	at com.comphenix.protocol.injector.netty.ProtocolInjector.packetQueued(ProtocolInjector.java:338)
[12:27:53] [Server thread/WARN]: 	at com.comphenix.protocol.injector.netty.ProtocolInjector.onPacketSending(ProtocolInjector.java:298)
[12:27:53] [Server thread/WARN]: 	at com.comphenix.protocol.injector.netty.ChannelInjector.processSending(ChannelInjector.java:386)
[12:27:53] [Server thread/WARN]: 	at com.comphenix.protocol.injector.netty.ChannelInjector.access$500(ChannelInjector.java:77)
[12:27:53] [Server thread/WARN]: 	at com.comphenix.protocol.injector.netty.ChannelInjector$5.handleScheduled(ChannelInjector.java:352)
[12:27:53] [Server thread/WARN]: 	at com.comphenix.protocol.injector.netty.ChannelInjector$5.onMessageScheduled(ChannelInjector.java:320)
[12:27:53] [Server thread/WARN]: 	at com.comphenix.protocol.injector.netty.ChannelProxy$2.schedulingRunnable(ChannelProxy.java:127)
[12:27:53] [Server thread/WARN]: 	at com.comphenix.protocol.injector.netty.EventLoopProxy.execute(EventLoopProxy.java:95)
[12:27:53] [Server thread/WARN]: 	at net.minecraft.server.v1_12_R1.NetworkManager.a(NetworkManager.java:194)
[12:27:53] [Server thread/WARN]: 	at net.minecraft.server.v1_12_R1.NetworkManager.sendPacket(NetworkManager.java:143)
[12:27:53] [Server thread/WARN]: 	at net.minecraft.server.v1_12_R1.PlayerConnection.sendPacket(PlayerConnection.java:1142)
[12:27:53] [Server thread/WARN]: 	at net.minecraft.server.v1_12_R1.EntityTrackerEntry.broadcast(EntityTrackerEntry.java:292)
[12:27:53] [Server thread/WARN]: 	at net.minecraft.server.v1_12_R1.EntityTrackerEntry.track(EntityTrackerEntry.java:204)
[12:27:53] [Server thread/WARN]: 	at net.minecraft.server.v1_12_R1.EntityTracker.updatePlayers(EntityTracker.java:182)
[12:27:53] [Server thread/WARN]: 	at net.minecraft.server.v1_12_R1.MinecraftServer.D(MinecraftServer.java:834)
[12:27:53] [Server thread/WARN]: 	at net.minecraft.server.v1_12_R1.DedicatedServer.D(DedicatedServer.java:406)
[12:27:53] [Server thread/WARN]: 	at net.minecraft.server.v1_12_R1.MinecraftServer.C(MinecraftServer.java:679)
[12:27:53] [Server thread/WARN]: 	at net.minecraft.server.v1_12_R1.MinecraftServer.run(MinecraftServer.java:577)
[12:27:53] [Server thread/WARN]: 	at java.lang.Thread.run(Thread.java:750)
[12:27:53] [Server thread/ERROR]: [MythicMobs] [31m[EVENTS] Exception thrown whilst handling event: com.comphenix.protocol.events.PacketEvent[37m
[12:27:53] [Server thread/WARN]: java.lang.NoSuchMethodError: com.comphenix.protocol.events.PacketEvent.isPlayerTemporary()Z
[12:27:53] [Server thread/WARN]: 	at io.lumine.xikage.mythicmobs.compatibility.ProtocolLibSupport.lambda$load$0(ProtocolLibSupport.java:26)
[12:27:53] [Server thread/WARN]: 	at io.lumine.xikage.mythicmobs.utils.events.functional.protocol.ProtocolListener.onPacket(ProtocolListener.java:107)
[12:27:53] [Server thread/WARN]: 	at io.lumine.xikage.mythicmobs.utils.events.functional.protocol.ProtocolListener.onPacketSending(ProtocolListener.java:81)
[12:27:53] [Server thread/WARN]: 	at com.comphenix.protocol.injector.SortedPacketListenerList.invokeSendingListener(SortedPacketListenerList.java:195)
[12:27:53] [Server thread/WARN]: 	at com.comphenix.protocol.injector.SortedPacketListenerList.invokePacketSending(SortedPacketListenerList.java:149)
[12:27:53] [Server thread/WARN]: 	at com.comphenix.protocol.injector.PacketFilterManager.handlePacket(PacketFilterManager.java:588)
[12:27:53] [Server thread/WARN]: 	at com.comphenix.protocol.injector.PacketFilterManager.invokePacketSending(PacketFilterManager.java:564)
[12:27:53] [Server thread/WARN]: 	at com.comphenix.protocol.injector.netty.ProtocolInjector.packetQueued(ProtocolInjector.java:338)
[12:27:53] [Server thread/WARN]: 	at com.comphenix.protocol.injector.netty.ProtocolInjector.onPacketSending(ProtocolInjector.java:298)
[12:27:53] [Server thread/WARN]: 	at com.comphenix.protocol.injector.netty.ChannelInjector.processSending(ChannelInjector.java:386)
[12:27:53] [Server thread/WARN]: 	at com.comphenix.protocol.injector.netty.ChannelInjector.access$500(ChannelInjector.java:77)
[12:27:53] [Server thread/WARN]: 	at com.comphenix.protocol.injector.netty.ChannelInjector$5.handleScheduled(ChannelInjector.java:352)
[12:27:53] [Server thread/WARN]: 	at com.comphenix.protocol.injector.netty.ChannelInjector$5.onMessageScheduled(ChannelInjector.java:320)
[12:27:53] [Server thread/WARN]: 	at com.comphenix.protocol.injector.netty.ChannelProxy$2.schedulingRunnable(ChannelProxy.java:127)
[12:27:53] [Server thread/WARN]: 	at com.comphenix.protocol.injector.netty.EventLoopProxy.execute(EventLoopProxy.java:95)
[12:27:53] [Server thread/WARN]: 	at net.minecraft.server.v1_12_R1.NetworkManager.a(NetworkManager.java:194)
[12:27:53] [Server thread/WARN]: 	at net.minecraft.server.v1_12_R1.NetworkManager.sendPacket(NetworkManager.java:143)
[12:27:53] [Server thread/WARN]: 	at net.minecraft.server.v1_12_R1.PlayerConnection.sendPacket(PlayerConnection.java:1142)
[12:27:53] [Server thread/WARN]: 	at net.minecraft.server.v1_12_R1.EntityTrackerEntry.broadcast(EntityTrackerEntry.java:292)
[12:27:53] [Server thread/WARN]: 	at net.minecraft.server.v1_12_R1.EntityTrackerEntry.track(EntityTrackerEntry.java:204)
[12:27:53] [Server thread/WARN]: 	at net.minecraft.server.v1_12_R1.EntityTracker.updatePlayers(EntityTracker.java:182)
[12:27:53] [Server thread/WARN]: 	at net.minecraft.server.v1_12_R1.MinecraftServer.D(MinecraftServer.java:834)
[12:27:53] [Server thread/WARN]: 	at net.minecraft.server.v1_12_R1.DedicatedServer.D(DedicatedServer.java:406)
[12:27:53] [Server thread/WARN]: 	at net.minecraft.server.v1_12_R1.MinecraftServer.C(MinecraftServer.java:679)
[12:27:53] [Server thread/WARN]: 	at net.minecraft.server.v1_12_R1.MinecraftServer.run(MinecraftServer.java:577)
[12:27:53] [Server thread/WARN]: 	at java.lang.Thread.run(Thread.java:750)
[12:27:54] [Server thread/ERROR]: [MythicMobs] [31m[EVENTS] Exception thrown whilst handling event: com.comphenix.protocol.events.PacketEvent[37m
[12:27:54] [Server thread/WARN]: java.lang.NoSuchMethodError: com.comphenix.protocol.events.PacketEvent.isPlayerTemporary()Z
[12:27:54] [Server thread/WARN]: 	at io.lumine.xikage.mythicmobs.compatibility.ProtocolLibSupport.lambda$load$0(ProtocolLibSupport.java:26)
[12:27:54] [Server thread/WARN]: 	at io.lumine.xikage.mythicmobs.utils.events.functional.protocol.ProtocolListener.onPacket(ProtocolListener.java:107)
[12:27:54] [Server thread/WARN]: 	at io.lumine.xikage.mythicmobs.utils.events.functional.protocol.ProtocolListener.onPacketSending(ProtocolListener.java:81)
[12:27:54] [Server thread/WARN]: 	at com.comphenix.protocol.injector.SortedPacketListenerList.invokeSendingListener(SortedPacketListenerList.java:195)
[12:27:54] [Server thread/WARN]: 	at com.comphenix.protocol.injector.SortedPacketListenerList.invokePacketSending(SortedPacketListenerList.java:149)
[12:27:54] [Server thread/WARN]: 	at com.comphenix.protocol.injector.PacketFilterManager.handlePacket(PacketFilterManager.java:588)
[12:27:54] [Server thread/WARN]: 	at com.comphenix.protocol.injector.PacketFilterManager.invokePacketSending(PacketFilterManager.java:564)
[12:27:54] [Server thread/WARN]: 	at com.comphenix.protocol.injector.netty.ProtocolInjector.packetQueued(ProtocolInjector.java:338)
[12:27:54] [Server thread/WARN]: 	at com.comphenix.protocol.injector.netty.ProtocolInjector.onPacketSending(ProtocolInjector.java:298)
[12:27:54] [Server thread/WARN]: 	at com.comphenix.protocol.injector.netty.ChannelInjector.processSending(ChannelInjector.java:386)
[12:27:54] [Server thread/WARN]: 	at com.comphenix.protocol.injector.netty.ChannelInjector.access$500(ChannelInjector.java:77)
[12:27:54] [Server thread/WARN]: 	at com.comphenix.protocol.injector.netty.ChannelInjector$5.handleScheduled(ChannelInjector.java:352)
[12:27:54] [Server thread/WARN]: 	at com.comphenix.protocol.injector.netty.ChannelInjector$5.onMessageScheduled(ChannelInjector.java:320)
[12:27:54] [Server thread/WARN]: 	at com.comphenix.protocol.injector.netty.ChannelProxy$2.schedulingRunnable(ChannelProxy.java:127)
[12:27:54] [Server thread/WARN]: 	at com.comphenix.protocol.injector.netty.EventLoopProxy.execute(EventLoopProxy.java:95)
[12:27:54] [Server thread/WARN]: 	at net.minecraft.server.v1_12_R1.NetworkManager.a(NetworkManager.java:194)
[12:27:54] [Server thread/WARN]: 	at net.minecraft.server.v1_12_R1.NetworkManager.sendPacket(NetworkManager.java:143)
[12:27:54] [Server thread/WARN]: 	at net.minecraft.server.v1_12_R1.PlayerConnection.sendPacket(PlayerConnection.java:1142)
[12:27:54] [Server thread/WARN]: 	at net.minecraft.server.v1_12_R1.EntityTrackerEntry.broadcast(EntityTrackerEntry.java:292)
[12:27:54] [Server thread/WARN]: 	at net.minecraft.server.v1_12_R1.EntityTrackerEntry.track(EntityTrackerEntry.java:204)
[12:27:54] [Server thread/WARN]: 	at net.minecraft.server.v1_12_R1.EntityTracker.updatePlayers(EntityTracker.java:182)
[12:27:54] [Server thread/WARN]: 	at net.minecraft.server.v1_12_R1.MinecraftServer.D(MinecraftServer.java:834)
[12:27:54] [Server thread/WARN]: 	at net.minecraft.server.v1_12_R1.DedicatedServer.D(DedicatedServer.java:406)
[12:27:54] [Server thread/WARN]: 	at net.minecraft.server.v1_12_R1.MinecraftServer.C(MinecraftServer.java:679)
[12:27:54] [Server thread/WARN]: 	at net.minecraft.server.v1_12_R1.MinecraftServer.run(MinecraftServer.java:577)
[12:27:54] [Server thread/WARN]: 	at java.lang.Thread.run(Thread.java:750)
[12:27:55] [Server thread/ERROR]: [MythicMobs] [31m[EVENTS] Exception thrown whilst handling event: com.comphenix.protocol.events.PacketEvent[37m
[12:27:55] [Server thread/WARN]: java.lang.NoSuchMethodError: com.comphenix.protocol.events.PacketEvent.isPlayerTemporary()Z
[12:27:55] [Server thread/WARN]: 	at io.lumine.xikage.mythicmobs.compatibility.ProtocolLibSupport.lambda$load$0(ProtocolLibSupport.java:26)
[12:27:55] [Server thread/WARN]: 	at io.lumine.xikage.mythicmobs.utils.events.functional.protocol.ProtocolListener.onPacket(ProtocolListener.java:107)
[12:27:55] [Server thread/WARN]: 	at io.lumine.xikage.mythicmobs.utils.events.functional.protocol.ProtocolListener.onPacketSending(ProtocolListener.java:81)
[12:27:55] [Server thread/WARN]: 	at com.comphenix.protocol.injector.SortedPacketListenerList.invokeSendingListener(SortedPacketListenerList.java:195)
[12:27:55] [Server thread/WARN]: 	at com.comphenix.protocol.injector.SortedPacketListenerList.invokePacketSending(SortedPacketListenerList.java:149)
[12:27:55] [Server thread/WARN]: 	at com.comphenix.protocol.injector.PacketFilterManager.handlePacket(PacketFilterManager.java:588)
[12:27:55] [Server thread/WARN]: 	at com.comphenix.protocol.injector.PacketFilterManager.invokePacketSending(PacketFilterManager.java:564)
[12:27:55] [Server thread/WARN]: 	at com.comphenix.protocol.injector.netty.ProtocolInjector.packetQueued(ProtocolInjector.java:338)
[12:27:55] [Server thread/WARN]: 	at com.comphenix.protocol.injector.netty.ProtocolInjector.onPacketSending(ProtocolInjector.java:298)
[12:27:55] [Server thread/WARN]: 	at com.comphenix.protocol.injector.netty.ChannelInjector.processSending(ChannelInjector.java:386)
[12:27:55] [Server thread/WARN]: 	at com.comphenix.protocol.injector.netty.ChannelInjector.access$500(ChannelInjector.java:77)
[12:27:55] [Server thread/WARN]: 	at com.comphenix.protocol.injector.netty.ChannelInjector$5.handleScheduled(ChannelInjector.java:352)
[12:27:55] [Server thread/WARN]: 	at com.comphenix.protocol.injector.netty.ChannelInjector$5.onMessageScheduled(ChannelInjector.java:320)
[12:27:55] [Server thread/WARN]: 	at com.comphenix.protocol.injector.netty.ChannelProxy$2.schedulingRunnable(ChannelProxy.java:127)
[12:27:55] [Server thread/WARN]: 	at com.comphenix.protocol.injector.netty.EventLoopProxy.execute(EventLoopProxy.java:95)
[12:27:55] [Server thread/WARN]: 	at net.minecraft.server.v1_12_R1.NetworkManager.a(NetworkManager.java:194)
[12:27:55] [Server thread/WARN]: 	at net.minecraft.server.v1_12_R1.NetworkManager.sendPacket(NetworkManager.java:143)
[12:27:55] [Server thread/WARN]: 	at net.minecraft.server.v1_12_R1.PlayerConnection.sendPacket(PlayerConnection.java:1142)
[12:27:55] [Server thread/WARN]: 	at net.minecraft.server.v1_12_R1.EntityTrackerEntry.broadcast(EntityTrackerEntry.java:292)
[12:27:55] [Server thread/WARN]: 	at net.minecraft.server.v1_12_R1.EntityTrackerEntry.track(EntityTrackerEntry.java:204)
[12:27:55] [Server thread/WARN]: 	at net.minecraft.server.v1_12_R1.EntityTracker.updatePlayers(EntityTracker.java:182)
[12:27:55] [Server thread/WARN]: 	at net.minecraft.server.v1_12_R1.MinecraftServer.D(MinecraftServer.java:834)
[12:27:55] [Server thread/WARN]: 	at net.minecraft.server.v1_12_R1.DedicatedServer.D(DedicatedServer.java:406)
[12:27:55] [Server thread/WARN]: 	at net.minecraft.server.v1_12_R1.MinecraftServer.C(MinecraftServer.java:679)
[12:27:55] [Server thread/WARN]: 	at net.minecraft.server.v1_12_R1.MinecraftServer.run(MinecraftServer.java:577)
[12:27:55] [Server thread/WARN]: 	at java.lang.Thread.run(Thread.java:750)
[12:27:56] [Server thread/ERROR]: [MythicMobs] [31m[EVENTS] Exception thrown whilst handling event: com.comphenix.protocol.events.PacketEvent[37m
[12:27:56] [Server thread/WARN]: java.lang.NoSuchMethodError: com.comphenix.protocol.events.PacketEvent.isPlayerTemporary()Z
[12:27:56] [Server thread/WARN]: 	at io.lumine.xikage.mythicmobs.compatibility.ProtocolLibSupport.lambda$load$0(ProtocolLibSupport.java:26)
[12:27:56] [Server thread/WARN]: 	at io.lumine.xikage.mythicmobs.utils.events.functional.protocol.ProtocolListener.onPacket(ProtocolListener.java:107)
[12:27:56] [Server thread/WARN]: 	at io.lumine.xikage.mythicmobs.utils.events.functional.protocol.ProtocolListener.onPacketSending(ProtocolListener.java:81)
[12:27:56] [Server thread/WARN]: 	at com.comphenix.protocol.injector.SortedPacketListenerList.invokeSendingListener(SortedPacketListenerList.java:195)
[12:27:56] [Server thread/WARN]: 	at com.comphenix.protocol.injector.SortedPacketListenerList.invokePacketSending(SortedPacketListenerList.java:149)
[12:27:56] [Server thread/WARN]: 	at com.comphenix.protocol.injector.PacketFilterManager.handlePacket(PacketFilterManager.java:588)
[12:27:56] [Server thread/WARN]: 	at com.comphenix.protocol.injector.PacketFilterManager.invokePacketSending(PacketFilterManager.java:564)
[12:27:56] [Server thread/WARN]: 	at com.comphenix.protocol.injector.netty.ProtocolInjector.packetQueued(ProtocolInjector.java:338)
[12:27:56] [Server thread/WARN]: 	at com.comphenix.protocol.injector.netty.ProtocolInjector.onPacketSending(ProtocolInjector.java:298)
[12:27:56] [Server thread/WARN]: 	at com.comphenix.protocol.injector.netty.ChannelInjector.processSending(ChannelInjector.java:386)
[12:27:56] [Server thread/WARN]: 	at com.comphenix.protocol.injector.netty.ChannelInjector.access$500(ChannelInjector.java:77)
[12:27:56] [Server thread/WARN]: 	at com.comphenix.protocol.injector.netty.ChannelInjector$5.handleScheduled(ChannelInjector.java:352)
[12:27:56] [Server thread/WARN]: 	at com.comphenix.protocol.injector.netty.ChannelInjector$5.onMessageScheduled(ChannelInjector.java:320)
[12:27:56] [Server thread/WARN]: 	at com.comphenix.protocol.injector.netty.ChannelProxy$2.schedulingRunnable(ChannelProxy.java:127)
[12:27:56] [Server thread/WARN]: 	at com.comphenix.protocol.injector.netty.EventLoopProxy.execute(EventLoopProxy.java:95)
[12:27:56] [Server thread/WARN]: 	at net.minecraft.server.v1_12_R1.NetworkManager.a(NetworkManager.java:194)
[12:27:56] [Server thread/WARN]: 	at net.minecraft.server.v1_12_R1.NetworkManager.sendPacket(NetworkManager.java:143)
[12:27:56] [Server thread/WARN]: 	at net.minecraft.server.v1_12_R1.PlayerConnection.sendPacket(PlayerConnection.java:1142)
[12:27:56] [Server thread/WARN]: 	at net.minecraft.server.v1_12_R1.EntityTrackerEntry.broadcast(EntityTrackerEntry.java:292)
[12:27:56] [Server thread/WARN]: 	at net.minecraft.server.v1_12_R1.EntityTrackerEntry.track(EntityTrackerEntry.java:204)
[12:27:56] [Server thread/WARN]: 	at net.minecraft.server.v1_12_R1.EntityTracker.updatePlayers(EntityTracker.java:182)
[12:27:56] [Server thread/WARN]: 	at net.minecraft.server.v1_12_R1.MinecraftServer.D(MinecraftServer.java:834)
[12:27:56] [Server thread/WARN]: 	at net.minecraft.server.v1_12_R1.DedicatedServer.D(DedicatedServer.java:406)
[12:27:56] [Server thread/WARN]: 	at net.minecraft.server.v1_12_R1.MinecraftServer.C(MinecraftServer.java:679)
[12:27:56] [Server thread/WARN]: 	at net.minecraft.server.v1_12_R1.MinecraftServer.run(MinecraftServer.java:577)
[12:27:56] [Server thread/WARN]: 	at java.lang.Thread.run(Thread.java:750)
[12:27:57] [Server thread/ERROR]: [MythicMobs] [31m[EVENTS] Exception thrown whilst handling event: com.comphenix.protocol.events.PacketEvent[37m
[12:27:57] [Server thread/WARN]: java.lang.NoSuchMethodError: com.comphenix.protocol.events.PacketEvent.isPlayerTemporary()Z
[12:27:57] [Server thread/WARN]: 	at io.lumine.xikage.mythicmobs.compatibility.ProtocolLibSupport.lambda$load$0(ProtocolLibSupport.java:26)
[12:27:57] [Server thread/WARN]: 	at io.lumine.xikage.mythicmobs.utils.events.functional.protocol.ProtocolListener.onPacket(ProtocolListener.java:107)
[12:27:57] [Server thread/WARN]: 	at io.lumine.xikage.mythicmobs.utils.events.functional.protocol.ProtocolListener.onPacketSending(ProtocolListener.java:81)
[12:27:57] [Server thread/WARN]: 	at com.comphenix.protocol.injector.SortedPacketListenerList.invokeSendingListener(SortedPacketListenerList.java:195)
[12:27:57] [Server thread/WARN]: 	at com.comphenix.protocol.injector.SortedPacketListenerList.invokePacketSending(SortedPacketListenerList.java:149)
[12:27:57] [Server thread/WARN]: 	at com.comphenix.protocol.injector.PacketFilterManager.handlePacket(PacketFilterManager.java:588)
[12:27:57] [Server thread/WARN]: 	at com.comphenix.protocol.injector.PacketFilterManager.invokePacketSending(PacketFilterManager.java:564)
[12:27:57] [Server thread/WARN]: 	at com.comphenix.protocol.injector.netty.ProtocolInjector.packetQueued(ProtocolInjector.java:338)
[12:27:57] [Server thread/WARN]: 	at com.comphenix.protocol.injector.netty.ProtocolInjector.onPacketSending(ProtocolInjector.java:298)
[12:27:57] [Server thread/WARN]: 	at com.comphenix.protocol.injector.netty.ChannelInjector.processSending(ChannelInjector.java:386)
[12:27:57] [Server thread/WARN]: 	at com.comphenix.protocol.injector.netty.ChannelInjector.access$500(ChannelInjector.java:77)
[12:27:57] [Server thread/WARN]: 	at com.comphenix.protocol.injector.netty.ChannelInjector$5.handleScheduled(ChannelInjector.java:352)
[12:27:57] [Server thread/WARN]: 	at com.comphenix.protocol.injector.netty.ChannelInjector$5.onMessageScheduled(ChannelInjector.java:320)
[12:27:57] [Server thread/WARN]: 	at com.comphenix.protocol.injector.netty.ChannelProxy$2.schedulingRunnable(ChannelProxy.java:127)
[12:27:57] [Server thread/WARN]: 	at com.comphenix.protocol.injector.netty.EventLoopProxy.execute(EventLoopProxy.java:95)
[12:27:57] [Server thread/WARN]: 	at net.minecraft.server.v1_12_R1.NetworkManager.a(NetworkManager.java:194)
[12:27:57] [Server thread/WARN]: 	at net.minecraft.server.v1_12_R1.NetworkManager.sendPacket(NetworkManager.java:143)
[12:27:57] [Server thread/WARN]: 	at net.minecraft.server.v1_12_R1.PlayerConnection.sendPacket(PlayerConnection.java:1142)
[12:27:57] [Server thread/WARN]: 	at net.minecraft.server.v1_12_R1.EntityTrackerEntry.broadcast(EntityTrackerEntry.java:292)
[12:27:57] [Server thread/WARN]: 	at net.minecraft.server.v1_12_R1.EntityTrackerEntry.track(EntityTrackerEntry.java:204)
[12:27:57] [Server thread/WARN]: 	at net.minecraft.server.v1_12_R1.EntityTracker.updatePlayers(EntityTracker.java:182)
[12:27:57] [Server thread/WARN]: 	at net.minecraft.server.v1_12_R1.MinecraftServer.D(MinecraftServer.java:834)
[12:27:57] [Server thread/WARN]: 	at net.minecraft.server.v1_12_R1.DedicatedServer.D(DedicatedServer.java:406)
[12:27:57] [Server thread/WARN]: 	at net.minecraft.server.v1_12_R1.MinecraftServer.C(MinecraftServer.java:679)
[12:27:57] [Server thread/WARN]: 	at net.minecraft.server.v1_12_R1.MinecraftServer.run(MinecraftServer.java:577)
[12:27:57] [Server thread/WARN]: 	at java.lang.Thread.run(Thread.java:750)
[12:27:57] [Server thread/ERROR]: [MythicMobs] [31m[EVENTS] Exception thrown whilst handling event: com.comphenix.protocol.events.PacketEvent[37m
[12:27:57] [Server thread/WARN]: java.lang.NoSuchMethodError: com.comphenix.protocol.events.PacketEvent.isPlayerTemporary()Z
[12:27:57] [Server thread/WARN]: 	at io.lumine.xikage.mythicmobs.compatibility.ProtocolLibSupport.lambda$load$0(ProtocolLibSupport.java:26)
[12:27:57] [Server thread/WARN]: 	at io.lumine.xikage.mythicmobs.utils.events.functional.protocol.ProtocolListener.onPacket(ProtocolListener.java:107)
[12:27:57] [Server thread/WARN]: 	at io.lumine.xikage.mythicmobs.utils.events.functional.protocol.ProtocolListener.onPacketSending(ProtocolListener.java:81)
[12:27:57] [Server thread/WARN]: 	at com.comphenix.protocol.injector.SortedPacketListenerList.invokeSendingListener(SortedPacketListenerList.java:195)
[12:27:57] [Server thread/WARN]: 	at com.comphenix.protocol.injector.SortedPacketListenerList.invokePacketSending(SortedPacketListenerList.java:149)
[12:27:57] [Server thread/WARN]: 	at com.comphenix.protocol.injector.PacketFilterManager.handlePacket(PacketFilterManager.java:588)
[12:27:57] [Server thread/WARN]: 	at com.comphenix.protocol.injector.PacketFilterManager.invokePacketSending(PacketFilterManager.java:564)
[12:27:57] [Server thread/WARN]: 	at com.comphenix.protocol.injector.netty.ProtocolInjector.packetQueued(ProtocolInjector.java:338)
[12:27:57] [Server thread/WARN]: 	at com.comphenix.protocol.injector.netty.ProtocolInjector.onPacketSending(ProtocolInjector.java:298)
[12:27:57] [Server thread/WARN]: 	at com.comphenix.protocol.injector.netty.ChannelInjector.processSending(ChannelInjector.java:386)
[12:27:57] [Server thread/WARN]: 	at com.comphenix.protocol.injector.netty.ChannelInjector.access$500(ChannelInjector.java:77)
[12:27:57] [Server thread/WARN]: 	at com.comphenix.protocol.injector.netty.ChannelInjector$5.handleScheduled(ChannelInjector.java:352)
[12:27:57] [Server thread/WARN]: 	at com.comphenix.protocol.injector.netty.ChannelInjector$5.onMessageScheduled(ChannelInjector.java:320)
[12:27:57] [Server thread/WARN]: 	at com.comphenix.protocol.injector.netty.ChannelProxy$2.schedulingRunnable(ChannelProxy.java:127)
[12:27:57] [Server thread/WARN]: 	at com.comphenix.protocol.injector.netty.EventLoopProxy.execute(EventLoopProxy.java:95)
[12:27:57] [Server thread/WARN]: 	at net.minecraft.server.v1_12_R1.NetworkManager.a(NetworkManager.java:194)
[12:27:57] [Server thread/WARN]: 	at net.minecraft.server.v1_12_R1.NetworkManager.sendPacket(NetworkManager.java:143)
[12:27:57] [Server thread/WARN]: 	at net.minecraft.server.v1_12_R1.PlayerConnection.sendPacket(PlayerConnection.java:1142)
[12:27:57] [Server thread/WARN]: 	at net.minecraft.server.v1_12_R1.EntityTrackerEntry.broadcast(EntityTrackerEntry.java:292)
[12:27:57] [Server thread/WARN]: 	at net.minecraft.server.v1_12_R1.EntityTrackerEntry.track(EntityTrackerEntry.java:204)
[12:27:57] [Server thread/WARN]: 	at net.minecraft.server.v1_12_R1.EntityTracker.updatePlayers(EntityTracker.java:182)
[12:27:57] [Server thread/WARN]: 	at net.minecraft.server.v1_12_R1.MinecraftServer.D(MinecraftServer.java:834)
[12:27:57] [Server thread/WARN]: 	at net.minecraft.server.v1_12_R1.DedicatedServer.D(DedicatedServer.java:406)
[12:27:57] [Server thread/WARN]: 	at net.minecraft.server.v1_12_R1.MinecraftServer.C(MinecraftServer.java:679)
[12:27:57] [Server thread/WARN]: 	at net.minecraft.server.v1_12_R1.MinecraftServer.run(MinecraftServer.java:577)
[12:27:57] [Server thread/WARN]: 	at java.lang.Thread.run(Thread.java:750)
[12:27:57] [Server thread/ERROR]: [MythicMobs] [31m[EVENTS] Exception thrown whilst handling event: com.comphenix.protocol.events.PacketEvent[37m
[12:27:57] [Server thread/WARN]: java.lang.NoSuchMethodError: com.comphenix.protocol.events.PacketEvent.isPlayerTemporary()Z
[12:27:57] [Server thread/WARN]: 	at io.lumine.xikage.mythicmobs.compatibility.ProtocolLibSupport.lambda$load$0(ProtocolLibSupport.java:26)
[12:27:57] [Server thread/WARN]: 	at io.lumine.xikage.mythicmobs.utils.events.functional.protocol.ProtocolListener.onPacket(ProtocolListener.java:107)
[12:27:57] [Server thread/WARN]: 	at io.lumine.xikage.mythicmobs.utils.events.functional.protocol.ProtocolListener.onPacketSending(ProtocolListener.java:81)
[12:27:57] [Server thread/WARN]: 	at com.comphenix.protocol.injector.SortedPacketListenerList.invokeSendingListener(SortedPacketListenerList.java:195)
[12:27:57] [Server thread/WARN]: 	at com.comphenix.protocol.injector.SortedPacketListenerList.invokePacketSending(SortedPacketListenerList.java:149)
[12:27:57] [Server thread/WARN]: 	at com.comphenix.protocol.injector.PacketFilterManager.handlePacket(PacketFilterManager.java:588)
[12:27:57] [Server thread/WARN]: 	at com.comphenix.protocol.injector.PacketFilterManager.invokePacketSending(PacketFilterManager.java:564)
[12:27:57] [Server thread/WARN]: 	at com.comphenix.protocol.injector.netty.ProtocolInjector.packetQueued(ProtocolInjector.java:338)
[12:27:57] [Server thread/WARN]: 	at com.comphenix.protocol.injector.netty.ProtocolInjector.onPacketSending(ProtocolInjector.java:298)
[12:27:57] [Server thread/WARN]: 	at com.comphenix.protocol.injector.netty.ChannelInjector.processSending(ChannelInjector.java:386)
[12:27:57] [Server thread/WARN]: 	at com.comphenix.protocol.injector.netty.ChannelInjector.access$500(ChannelInjector.java:77)
[12:27:57] [Server thread/WARN]: 	at com.comphenix.protocol.injector.netty.ChannelInjector$5.handleScheduled(ChannelInjector.java:352)
[12:27:57] [Server thread/WARN]: 	at com.comphenix.protocol.injector.netty.ChannelInjector$5.onMessageScheduled(ChannelInjector.java:320)
[12:27:57] [Server thread/WARN]: 	at com.comphenix.protocol.injector.netty.ChannelProxy$2.schedulingRunnable(ChannelProxy.java:127)
[12:27:57] [Server thread/WARN]: 	at com.comphenix.protocol.injector.netty.EventLoopProxy.execute(EventLoopProxy.java:95)
[12:27:57] [Server thread/WARN]: 	at net.minecraft.server.v1_12_R1.NetworkManager.a(NetworkManager.java:194)
[12:27:57] [Server thread/WARN]: 	at net.minecraft.server.v1_12_R1.NetworkManager.sendPacket(NetworkManager.java:143)
[12:27:57] [Server thread/WARN]: 	at net.minecraft.server.v1_12_R1.PlayerConnection.sendPacket(PlayerConnection.java:1142)
[12:27:57] [Server thread/WARN]: 	at net.minecraft.server.v1_12_R1.EntityTrackerEntry.broadcast(EntityTrackerEntry.java:292)
[12:27:57] [Server thread/WARN]: 	at net.minecraft.server.v1_12_R1.EntityTrackerEntry.track(EntityTrackerEntry.java:204)
[12:27:57] [Server thread/WARN]: 	at net.minecraft.server.v1_12_R1.EntityTracker.updatePlayers(EntityTracker.java:182)
[12:27:57] [Server thread/WARN]: 	at net.minecraft.server.v1_12_R1.MinecraftServer.D(MinecraftServer.java:834)
[12:27:57] [Server thread/WARN]: 	at net.minecraft.server.v1_12_R1.DedicatedServer.D(DedicatedServer.java:406)
[12:27:57] [Server thread/WARN]: 	at net.minecraft.server.v1_12_R1.MinecraftServer.C(MinecraftServer.java:679)
[12:27:57] [Server thread/WARN]: 	at net.minecraft.server.v1_12_R1.MinecraftServer.run(MinecraftServer.java:577)
[12:27:57] [Server thread/WARN]: 	at java.lang.Thread.run(Thread.java:750)
[12:27:58] [Server thread/ERROR]: [MythicMobs] [31m[EVENTS] Exception thrown whilst handling event: com.comphenix.protocol.events.PacketEvent[37m
[12:27:58] [Server thread/WARN]: java.lang.NoSuchMethodError: com.comphenix.protocol.events.PacketEvent.isPlayerTemporary()Z
[12:27:58] [Server thread/WARN]: 	at io.lumine.xikage.mythicmobs.compatibility.ProtocolLibSupport.lambda$load$0(ProtocolLibSupport.java:26)
[12:27:58] [Server thread/WARN]: 	at io.lumine.xikage.mythicmobs.utils.events.functional.protocol.ProtocolListener.onPacket(ProtocolListener.java:107)
[12:27:58] [Server thread/WARN]: 	at io.lumine.xikage.mythicmobs.utils.events.functional.protocol.ProtocolListener.onPacketSending(ProtocolListener.java:81)
[12:27:58] [Server thread/WARN]: 	at com.comphenix.protocol.injector.SortedPacketListenerList.invokeSendingListener(SortedPacketListenerList.java:195)
[12:27:58] [Server thread/WARN]: 	at com.comphenix.protocol.injector.SortedPacketListenerList.invokePacketSending(SortedPacketListenerList.java:149)
[12:27:58] [Server thread/WARN]: 	at com.comphenix.protocol.injector.PacketFilterManager.handlePacket(PacketFilterManager.java:588)
[12:27:58] [Server thread/WARN]: 	at com.comphenix.protocol.injector.PacketFilterManager.invokePacketSending(PacketFilterManager.java:564)
[12:27:58] [Server thread/WARN]: 	at com.comphenix.protocol.injector.netty.ProtocolInjector.packetQueued(ProtocolInjector.java:338)
[12:27:58] [Server thread/WARN]: 	at com.comphenix.protocol.injector.netty.ProtocolInjector.onPacketSending(ProtocolInjector.java:298)
[12:27:58] [Server thread/WARN]: 	at com.comphenix.protocol.injector.netty.ChannelInjector.processSending(ChannelInjector.java:386)
[12:27:58] [Server thread/WARN]: 	at com.comphenix.protocol.injector.netty.ChannelInjector.access$500(ChannelInjector.java:77)
[12:27:58] [Server thread/WARN]: 	at com.comphenix.protocol.injector.netty.ChannelInjector$5.handleScheduled(ChannelInjector.java:352)
[12:27:58] [Server thread/WARN]: 	at com.comphenix.protocol.injector.netty.ChannelInjector$5.onMessageScheduled(ChannelInjector.java:320)
[12:27:58] [Server thread/WARN]: 	at com.comphenix.protocol.injector.netty.ChannelProxy$2.schedulingRunnable(ChannelProxy.java:127)
[12:27:58] [Server thread/WARN]: 	at com.comphenix.protocol.injector.netty.EventLoopProxy.execute(EventLoopProxy.java:95)
[12:27:58] [Server thread/WARN]: 	at net.minecraft.server.v1_12_R1.NetworkManager.a(NetworkManager.java:194)
[12:27:58] [Server thread/WARN]: 	at net.minecraft.server.v1_12_R1.NetworkManager.sendPacket(NetworkManager.java:143)
[12:27:58] [Server thread/WARN]: 	at net.minecraft.server.v1_12_R1.PlayerConnection.sendPacket(PlayerConnection.java:1142)
[12:27:58] [Server thread/WARN]: 	at net.minecraft.server.v1_12_R1.EntityTrackerEntry.broadcast(EntityTrackerEntry.java:292)
[12:27:58] [Server thread/WARN]: 	at net.minecraft.server.v1_12_R1.EntityTrackerEntry.track(EntityTrackerEntry.java:204)
[12:27:58] [Server thread/WARN]: 	at net.minecraft.server.v1_12_R1.EntityTracker.updatePlayers(EntityTracker.java:182)
[12:27:58] [Server thread/WARN]: 	at net.minecraft.server.v1_12_R1.MinecraftServer.D(MinecraftServer.java:834)
[12:27:58] [Server thread/WARN]: 	at net.minecraft.server.v1_12_R1.DedicatedServer.D(DedicatedServer.java:406)
[12:27:58] [Server thread/WARN]: 	at net.minecraft.server.v1_12_R1.MinecraftServer.C(MinecraftServer.java:679)
[12:27:58] [Server thread/WARN]: 	at net.minecraft.server.v1_12_R1.MinecraftServer.run(MinecraftServer.java:577)
[12:27:58] [Server thread/WARN]: 	at java.lang.Thread.run(Thread.java:750)
[12:27:58] [Server thread/ERROR]: [MythicMobs] [31m[EVENTS] Exception thrown whilst handling event: com.comphenix.protocol.events.PacketEvent[37m
[12:27:58] [Server thread/WARN]: java.lang.NoSuchMethodError: com.comphenix.protocol.events.PacketEvent.isPlayerTemporary()Z
[12:27:58] [Server thread/WARN]: 	at io.lumine.xikage.mythicmobs.compatibility.ProtocolLibSupport.lambda$load$0(ProtocolLibSupport.java:26)
[12:27:58] [Server thread/WARN]: 	at io.lumine.xikage.mythicmobs.utils.events.functional.protocol.ProtocolListener.onPacket(ProtocolListener.java:107)
[12:27:58] [Server thread/WARN]: 	at io.lumine.xikage.mythicmobs.utils.events.functional.protocol.ProtocolListener.onPacketSending(ProtocolListener.java:81)
[12:27:58] [Server thread/WARN]: 	at com.comphenix.protocol.injector.SortedPacketListenerList.invokeSendingListener(SortedPacketListenerList.java:195)
[12:27:58] [Server thread/WARN]: 	at com.comphenix.protocol.injector.SortedPacketListenerList.invokePacketSending(SortedPacketListenerList.java:149)
[12:27:58] [Server thread/WARN]: 	at com.comphenix.protocol.injector.PacketFilterManager.handlePacket(PacketFilterManager.java:588)
[12:27:58] [Server thread/WARN]: 	at com.comphenix.protocol.injector.PacketFilterManager.invokePacketSending(PacketFilterManager.java:564)
[12:27:58] [Server thread/WARN]: 	at com.comphenix.protocol.injector.netty.ProtocolInjector.packetQueued(ProtocolInjector.java:338)
[12:27:58] [Server thread/WARN]: 	at com.comphenix.protocol.injector.netty.ProtocolInjector.onPacketSending(ProtocolInjector.java:298)
[12:27:58] [Server thread/WARN]: 	at com.comphenix.protocol.injector.netty.ChannelInjector.processSending(ChannelInjector.java:386)
[12:27:58] [Server thread/WARN]: 	at com.comphenix.protocol.injector.netty.ChannelInjector.access$500(ChannelInjector.java:77)
[12:27:58] [Server thread/WARN]: 	at com.comphenix.protocol.injector.netty.ChannelInjector$5.handleScheduled(ChannelInjector.java:352)
[12:27:58] [Server thread/WARN]: 	at com.comphenix.protocol.injector.netty.ChannelInjector$5.onMessageScheduled(ChannelInjector.java:320)
[12:27:58] [Server thread/WARN]: 	at com.comphenix.protocol.injector.netty.ChannelProxy$2.schedulingRunnable(ChannelProxy.java:127)
[12:27:58] [Server thread/WARN]: 	at com.comphenix.protocol.injector.netty.EventLoopProxy.execute(EventLoopProxy.java:95)
[12:27:58] [Server thread/WARN]: 	at net.minecraft.server.v1_12_R1.NetworkManager.a(NetworkManager.java:194)
[12:27:58] [Server thread/WARN]: 	at net.minecraft.server.v1_12_R1.NetworkManager.sendPacket(NetworkManager.java:143)
[12:27:58] [Server thread/WARN]: 	at net.minecraft.server.v1_12_R1.PlayerConnection.sendPacket(PlayerConnection.java:1142)
[12:27:58] [Server thread/WARN]: 	at net.minecraft.server.v1_12_R1.EntityTrackerEntry.broadcast(EntityTrackerEntry.java:292)
[12:27:58] [Server thread/WARN]: 	at net.minecraft.server.v1_12_R1.EntityTrackerEntry.track(EntityTrackerEntry.java:204)
[12:27:58] [Server thread/WARN]: 	at net.minecraft.server.v1_12_R1.EntityTracker.updatePlayers(EntityTracker.java:182)
[12:27:58] [Server thread/WARN]: 	at net.minecraft.server.v1_12_R1.MinecraftServer.D(MinecraftServer.java:834)
[12:27:58] [Server thread/WARN]: 	at net.minecraft.server.v1_12_R1.DedicatedServer.D(DedicatedServer.java:406)
[12:27:58] [Server thread/WARN]: 	at net.minecraft.server.v1_12_R1.MinecraftServer.C(MinecraftServer.java:679)
[12:27:58] [Server thread/WARN]: 	at net.minecraft.server.v1_12_R1.MinecraftServer.run(MinecraftServer.java:577)
[12:27:58] [Server thread/WARN]: 	at java.lang.Thread.run(Thread.java:750)
[12:27:58] [Server thread/ERROR]: [MythicMobs] [31m[EVENTS] Exception thrown whilst handling event: com.comphenix.protocol.events.PacketEvent[37m
[12:27:58] [Server thread/WARN]: java.lang.NoSuchMethodError: com.comphenix.protocol.events.PacketEvent.isPlayerTemporary()Z
[12:27:58] [Server thread/WARN]: 	at io.lumine.xikage.mythicmobs.compatibility.ProtocolLibSupport.lambda$load$0(ProtocolLibSupport.java:26)
[12:27:58] [Server thread/WARN]: 	at io.lumine.xikage.mythicmobs.utils.events.functional.protocol.ProtocolListener.onPacket(ProtocolListener.java:107)
[12:27:58] [Server thread/WARN]: 	at io.lumine.xikage.mythicmobs.utils.events.functional.protocol.ProtocolListener.onPacketSending(ProtocolListener.java:81)
[12:27:58] [Server thread/WARN]: 	at com.comphenix.protocol.injector.SortedPacketListenerList.invokeSendingListener(SortedPacketListenerList.java:195)
[12:27:58] [Server thread/WARN]: 	at com.comphenix.protocol.injector.SortedPacketListenerList.invokePacketSending(SortedPacketListenerList.java:149)
[12:27:58] [Server thread/WARN]: 	at com.comphenix.protocol.injector.PacketFilterManager.handlePacket(PacketFilterManager.java:588)
[12:27:58] [Server thread/WARN]: 	at com.comphenix.protocol.injector.PacketFilterManager.invokePacketSending(PacketFilterManager.java:564)
[12:27:58] [Server thread/WARN]: 	at com.comphenix.protocol.injector.netty.ProtocolInjector.packetQueued(ProtocolInjector.java:338)
[12:27:58] [Server thread/WARN]: 	at com.comphenix.protocol.injector.netty.ProtocolInjector.onPacketSending(ProtocolInjector.java:298)
[12:27:58] [Server thread/WARN]: 	at com.comphenix.protocol.injector.netty.ChannelInjector.processSending(ChannelInjector.java:386)
[12:27:58] [Server thread/WARN]: 	at com.comphenix.protocol.injector.netty.ChannelInjector.access$500(ChannelInjector.java:77)
[12:27:58] [Server thread/WARN]: 	at com.comphenix.protocol.injector.netty.ChannelInjector$5.handleScheduled(ChannelInjector.java:352)
[12:27:58] [Server thread/WARN]: 	at com.comphenix.protocol.injector.netty.ChannelInjector$5.onMessageScheduled(ChannelInjector.java:320)
[12:27:58] [Server thread/WARN]: 	at com.comphenix.protocol.injector.netty.ChannelProxy$2.schedulingRunnable(ChannelProxy.java:127)
[12:27:58] [Server thread/WARN]: 	at com.comphenix.protocol.injector.netty.EventLoopProxy.execute(EventLoopProxy.java:95)
[12:27:58] [Server thread/WARN]: 	at net.minecraft.server.v1_12_R1.NetworkManager.a(NetworkManager.java:194)
[12:27:58] [Server thread/WARN]: 	at net.minecraft.server.v1_12_R1.NetworkManager.sendPacket(NetworkManager.java:143)
[12:27:58] [Server thread/WARN]: 	at net.minecraft.server.v1_12_R1.PlayerConnection.sendPacket(PlayerConnection.java:1142)
[12:27:58] [Server thread/WARN]: 	at net.minecraft.server.v1_12_R1.EntityTrackerEntry.broadcast(EntityTrackerEntry.java:292)
[12:27:58] [Server thread/WARN]: 	at net.minecraft.server.v1_12_R1.EntityTrackerEntry.track(EntityTrackerEntry.java:204)
[12:27:58] [Server thread/WARN]: 	at net.minecraft.server.v1_12_R1.EntityTracker.updatePlayers(EntityTracker.java:182)
[12:27:58] [Server thread/WARN]: 	at net.minecraft.server.v1_12_R1.MinecraftServer.D(MinecraftServer.java:834)
[12:27:58] [Server thread/WARN]: 	at net.minecraft.server.v1_12_R1.DedicatedServer.D(DedicatedServer.java:406)
[12:27:58] [Server thread/WARN]: 	at net.minecraft.server.v1_12_R1.MinecraftServer.C(MinecraftServer.java:679)
[12:27:58] [Server thread/WARN]: 	at net.minecraft.server.v1_12_R1.MinecraftServer.run(MinecraftServer.java:577)
[12:27:58] [Server thread/WARN]: 	at java.lang.Thread.run(Thread.java:750)
[12:27:58] [Server thread/ERROR]: [MythicMobs] [31m[EVENTS] Exception thrown whilst handling event: com.comphenix.protocol.events.PacketEvent[37m
[12:27:58] [Server thread/WARN]: java.lang.NoSuchMethodError: com.comphenix.protocol.events.PacketEvent.isPlayerTemporary()Z
[12:27:58] [Server thread/WARN]: 	at io.lumine.xikage.mythicmobs.compatibility.ProtocolLibSupport.lambda$load$0(ProtocolLibSupport.java:26)
[12:27:58] [Server thread/WARN]: 	at io.lumine.xikage.mythicmobs.utils.events.functional.protocol.ProtocolListener.onPacket(ProtocolListener.java:107)
[12:27:58] [Server thread/WARN]: 	at io.lumine.xikage.mythicmobs.utils.events.functional.protocol.ProtocolListener.onPacketSending(ProtocolListener.java:81)
[12:27:58] [Server thread/WARN]: 	at com.comphenix.protocol.injector.SortedPacketListenerList.invokeSendingListener(SortedPacketListenerList.java:195)
[12:27:58] [Server thread/WARN]: 	at com.comphenix.protocol.injector.SortedPacketListenerList.invokePacketSending(SortedPacketListenerList.java:149)
[12:27:58] [Server thread/WARN]: 	at com.comphenix.protocol.injector.PacketFilterManager.handlePacket(PacketFilterManager.java:588)
[12:27:58] [Server thread/WARN]: 	at com.comphenix.protocol.injector.PacketFilterManager.invokePacketSending(PacketFilterManager.java:564)
[12:27:58] [Server thread/WARN]: 	at com.comphenix.protocol.injector.netty.ProtocolInjector.packetQueued(ProtocolInjector.java:338)
[12:27:58] [Server thread/WARN]: 	at com.comphenix.protocol.injector.netty.ProtocolInjector.onPacketSending(ProtocolInjector.java:298)
[12:27:58] [Server thread/WARN]: 	at com.comphenix.protocol.injector.netty.ChannelInjector.processSending(ChannelInjector.java:386)
[12:27:58] [Server thread/WARN]: 	at com.comphenix.protocol.injector.netty.ChannelInjector.access$500(ChannelInjector.java:77)
[12:27:58] [Server thread/WARN]: 	at com.comphenix.protocol.injector.netty.ChannelInjector$5.handleScheduled(ChannelInjector.java:352)
[12:27:58] [Server thread/WARN]: 	at com.comphenix.protocol.injector.netty.ChannelInjector$5.onMessageScheduled(ChannelInjector.java:320)
[12:27:58] [Server thread/WARN]: 	at com.comphenix.protocol.injector.netty.ChannelProxy$2.schedulingRunnable(ChannelProxy.java:127)
[12:27:58] [Server thread/WARN]: 	at com.comphenix.protocol.injector.netty.EventLoopProxy.execute(EventLoopProxy.java:95)
[12:27:58] [Server thread/WARN]: 	at net.minecraft.server.v1_12_R1.NetworkManager.a(NetworkManager.java:194)
[12:27:58] [Server thread/WARN]: 	at net.minecraft.server.v1_12_R1.NetworkManager.sendPacket(NetworkManager.java:143)
[12:27:58] [Server thread/WARN]: 	at net.minecraft.server.v1_12_R1.PlayerConnection.sendPacket(PlayerConnection.java:1142)
[12:27:58] [Server thread/WARN]: 	at net.minecraft.server.v1_12_R1.EntityTrackerEntry.broadcast(EntityTrackerEntry.java:292)
[12:27:58] [Server thread/WARN]: 	at net.minecraft.server.v1_12_R1.EntityTrackerEntry.track(EntityTrackerEntry.java:204)
[12:27:58] [Server thread/WARN]: 	at net.minecraft.server.v1_12_R1.EntityTracker.updatePlayers(EntityTracker.java:182)
[12:27:58] [Server thread/WARN]: 	at net.minecraft.server.v1_12_R1.MinecraftServer.D(MinecraftServer.java:834)
[12:27:58] [Server thread/WARN]: 	at net.minecraft.server.v1_12_R1.DedicatedServer.D(DedicatedServer.java:406)
[12:27:58] [Server thread/WARN]: 	at net.minecraft.server.v1_12_R1.MinecraftServer.C(MinecraftServer.java:679)
[12:27:58] [Server thread/WARN]: 	at net.minecraft.server.v1_12_R1.MinecraftServer.run(MinecraftServer.java:577)
[12:27:58] [Server thread/WARN]: 	at java.lang.Thread.run(Thread.java:750)
[12:27:58] [Server thread/ERROR]: [MythicMobs] [31m[EVENTS] Exception thrown whilst handling event: com.comphenix.protocol.events.PacketEvent[37m
[12:27:58] [Server thread/WARN]: java.lang.NoSuchMethodError: com.comphenix.protocol.events.PacketEvent.isPlayerTemporary()Z
[12:27:58] [Server thread/WARN]: 	at io.lumine.xikage.mythicmobs.compatibility.ProtocolLibSupport.lambda$load$0(ProtocolLibSupport.java:26)
[12:27:58] [Server thread/WARN]: 	at io.lumine.xikage.mythicmobs.utils.events.functional.protocol.ProtocolListener.onPacket(ProtocolListener.java:107)
[12:27:58] [Server thread/WARN]: 	at io.lumine.xikage.mythicmobs.utils.events.functional.protocol.ProtocolListener.onPacketSending(ProtocolListener.java:81)
[12:27:58] [Server thread/WARN]: 	at com.comphenix.protocol.injector.SortedPacketListenerList.invokeSendingListener(SortedPacketListenerList.java:195)
[12:27:58] [Server thread/WARN]: 	at com.comphenix.protocol.injector.SortedPacketListenerList.invokePacketSending(SortedPacketListenerList.java:149)
[12:27:58] [Server thread/WARN]: 	at com.comphenix.protocol.injector.PacketFilterManager.handlePacket(PacketFilterManager.java:588)
[12:27:58] [Server thread/WARN]: 	at com.comphenix.protocol.injector.PacketFilterManager.invokePacketSending(PacketFilterManager.java:564)
[12:27:58] [Server thread/WARN]: 	at com.comphenix.protocol.injector.netty.ProtocolInjector.packetQueued(ProtocolInjector.java:338)
[12:27:58] [Server thread/WARN]: 	at com.comphenix.protocol.injector.netty.ProtocolInjector.onPacketSending(ProtocolInjector.java:298)
[12:27:58] [Server thread/WARN]: 	at com.comphenix.protocol.injector.netty.ChannelInjector.processSending(ChannelInjector.java:386)
[12:27:58] [Server thread/WARN]: 	at com.comphenix.protocol.injector.netty.ChannelInjector.access$500(ChannelInjector.java:77)
[12:27:58] [Server thread/WARN]: 	at com.comphenix.protocol.injector.netty.ChannelInjector$5.handleScheduled(ChannelInjector.java:352)
[12:27:58] [Server thread/WARN]: 	at com.comphenix.protocol.injector.netty.ChannelInjector$5.onMessageScheduled(ChannelInjector.java:320)
[12:27:58] [Server thread/WARN]: 	at com.comphenix.protocol.injector.netty.ChannelProxy$2.schedulingRunnable(ChannelProxy.java:127)
[12:27:58] [Server thread/WARN]: 	at com.comphenix.protocol.injector.netty.EventLoopProxy.execute(EventLoopProxy.java:95)
[12:27:58] [Server thread/WARN]: 	at net.minecraft.server.v1_12_R1.NetworkManager.a(NetworkManager.java:194)
[12:27:58] [Server thread/WARN]: 	at net.minecraft.server.v1_12_R1.NetworkManager.sendPacket(NetworkManager.java:143)
[12:27:58] [Server thread/WARN]: 	at net.minecraft.server.v1_12_R1.PlayerConnection.sendPacket(PlayerConnection.java:1142)
[12:27:58] [Server thread/WARN]: 	at net.minecraft.server.v1_12_R1.EntityTrackerEntry.broadcast(EntityTrackerEntry.java:292)
[12:27:58] [Server thread/WARN]: 	at net.minecraft.server.v1_12_R1.EntityTrackerEntry.track(EntityTrackerEntry.java:204)
[12:27:58] [Server thread/WARN]: 	at net.minecraft.server.v1_12_R1.EntityTracker.updatePlayers(EntityTracker.java:182)
[12:27:58] [Server thread/WARN]: 	at net.minecraft.server.v1_12_R1.MinecraftServer.D(MinecraftServer.java:834)
[12:27:58] [Server thread/WARN]: 	at net.minecraft.server.v1_12_R1.DedicatedServer.D(DedicatedServer.java:406)
[12:27:58] [Server thread/WARN]: 	at net.minecraft.server.v1_12_R1.MinecraftServer.C(MinecraftServer.java:679)
[12:27:58] [Server thread/WARN]: 	at net.minecraft.server.v1_12_R1.MinecraftServer.run(MinecraftServer.java:577)
[12:27:58] [Server thread/WARN]: 	at java.lang.Thread.run(Thread.java:750)
[12:27:59] [Server thread/ERROR]: [MythicMobs] [31m[EVENTS] Exception thrown whilst handling event: com.comphenix.protocol.events.PacketEvent[37m
[12:27:59] [Server thread/WARN]: java.lang.NoSuchMethodError: com.comphenix.protocol.events.PacketEvent.isPlayerTemporary()Z
[12:27:59] [Server thread/WARN]: 	at io.lumine.xikage.mythicmobs.compatibility.ProtocolLibSupport.lambda$load$0(ProtocolLibSupport.java:26)
[12:27:59] [Server thread/WARN]: 	at io.lumine.xikage.mythicmobs.utils.events.functional.protocol.ProtocolListener.onPacket(ProtocolListener.java:107)
[12:27:59] [Server thread/WARN]: 	at io.lumine.xikage.mythicmobs.utils.events.functional.protocol.ProtocolListener.onPacketSending(ProtocolListener.java:81)
[12:27:59] [Server thread/WARN]: 	at com.comphenix.protocol.injector.SortedPacketListenerList.invokeSendingListener(SortedPacketListenerList.java:195)
[12:27:59] [Server thread/WARN]: 	at com.comphenix.protocol.injector.SortedPacketListenerList.invokePacketSending(SortedPacketListenerList.java:149)
[12:27:59] [Server thread/WARN]: 	at com.comphenix.protocol.injector.PacketFilterManager.handlePacket(PacketFilterManager.java:588)
[12:27:59] [Server thread/WARN]: 	at com.comphenix.protocol.injector.PacketFilterManager.invokePacketSending(PacketFilterManager.java:564)
[12:27:59] [Server thread/WARN]: 	at com.comphenix.protocol.injector.netty.ProtocolInjector.packetQueued(ProtocolInjector.java:338)
[12:27:59] [Server thread/WARN]: 	at com.comphenix.protocol.injector.netty.ProtocolInjector.onPacketSending(ProtocolInjector.java:298)
[12:27:59] [Server thread/WARN]: 	at com.comphenix.protocol.injector.netty.ChannelInjector.processSending(ChannelInjector.java:386)
[12:27:59] [Server thread/WARN]: 	at com.comphenix.protocol.injector.netty.ChannelInjector.access$500(ChannelInjector.java:77)
[12:27:59] [Server thread/WARN]: 	at com.comphenix.protocol.injector.netty.ChannelInjector$5.handleScheduled(ChannelInjector.java:352)
[12:27:59] [Server thread/WARN]: 	at com.comphenix.protocol.injector.netty.ChannelInjector$5.onMessageScheduled(ChannelInjector.java:320)
[12:27:59] [Server thread/WARN]: 	at com.comphenix.protocol.injector.netty.ChannelProxy$2.schedulingRunnable(ChannelProxy.java:127)
[12:27:59] [Server thread/WARN]: 	at com.comphenix.protocol.injector.netty.EventLoopProxy.execute(EventLoopProxy.java:95)
[12:27:59] [Server thread/WARN]: 	at net.minecraft.server.v1_12_R1.NetworkManager.a(NetworkManager.java:194)
[12:27:59] [Server thread/WARN]: 	at net.minecraft.server.v1_12_R1.NetworkManager.sendPacket(NetworkManager.java:143)
[12:27:59] [Server thread/WARN]: 	at net.minecraft.server.v1_12_R1.PlayerConnection.sendPacket(PlayerConnection.java:1142)
[12:27:59] [Server thread/WARN]: 	at net.minecraft.server.v1_12_R1.EntityTrackerEntry.broadcast(EntityTrackerEntry.java:292)
[12:27:59] [Server thread/WARN]: 	at net.minecraft.server.v1_12_R1.EntityTrackerEntry.track(EntityTrackerEntry.java:204)
[12:27:59] [Server thread/WARN]: 	at net.minecraft.server.v1_12_R1.EntityTracker.updatePlayers(EntityTracker.java:182)
[12:27:59] [Server thread/WARN]: 	at net.minecraft.server.v1_12_R1.MinecraftServer.D(MinecraftServer.java:834)
[12:27:59] [Server thread/WARN]: 	at net.minecraft.server.v1_12_R1.DedicatedServer.D(DedicatedServer.java:406)
[12:27:59] [Server thread/WARN]: 	at net.minecraft.server.v1_12_R1.MinecraftServer.C(MinecraftServer.java:679)
[12:27:59] [Server thread/WARN]: 	at net.minecraft.server.v1_12_R1.MinecraftServer.run(MinecraftServer.java:577)
[12:27:59] [Server thread/WARN]: 	at java.lang.Thread.run(Thread.java:750)
[12:27:59] [Server thread/ERROR]: [MythicMobs] [31m[EVENTS] Exception thrown whilst handling event: com.comphenix.protocol.events.PacketEvent[37m
[12:27:59] [Server thread/WARN]: java.lang.NoSuchMethodError: com.comphenix.protocol.events.PacketEvent.isPlayerTemporary()Z
[12:27:59] [Server thread/WARN]: 	at io.lumine.xikage.mythicmobs.compatibility.ProtocolLibSupport.lambda$load$0(ProtocolLibSupport.java:26)
[12:27:59] [Server thread/WARN]: 	at io.lumine.xikage.mythicmobs.utils.events.functional.protocol.ProtocolListener.onPacket(ProtocolListener.java:107)
[12:27:59] [Server thread/WARN]: 	at io.lumine.xikage.mythicmobs.utils.events.functional.protocol.ProtocolListener.onPacketSending(ProtocolListener.java:81)
[12:27:59] [Server thread/WARN]: 	at com.comphenix.protocol.injector.SortedPacketListenerList.invokeSendingListener(SortedPacketListenerList.java:195)
[12:27:59] [Server thread/WARN]: 	at com.comphenix.protocol.injector.SortedPacketListenerList.invokePacketSending(SortedPacketListenerList.java:149)
[12:27:59] [Server thread/WARN]: 	at com.comphenix.protocol.injector.PacketFilterManager.handlePacket(PacketFilterManager.java:588)
[12:27:59] [Server thread/WARN]: 	at com.comphenix.protocol.injector.PacketFilterManager.invokePacketSending(PacketFilterManager.java:564)
[12:27:59] [Server thread/WARN]: 	at com.comphenix.protocol.injector.netty.ProtocolInjector.packetQueued(ProtocolInjector.java:338)
[12:27:59] [Server thread/WARN]: 	at com.comphenix.protocol.injector.netty.ProtocolInjector.onPacketSending(ProtocolInjector.java:298)
[12:27:59] [Server thread/WARN]: 	at com.comphenix.protocol.injector.netty.ChannelInjector.processSending(ChannelInjector.java:386)
[12:27:59] [Server thread/WARN]: 	at com.comphenix.protocol.injector.netty.ChannelInjector.access$500(ChannelInjector.java:77)
[12:27:59] [Server thread/WARN]: 	at com.comphenix.protocol.injector.netty.ChannelInjector$5.handleScheduled(ChannelInjector.java:352)
[12:27:59] [Server thread/WARN]: 	at com.comphenix.protocol.injector.netty.ChannelInjector$5.onMessageScheduled(ChannelInjector.java:320)
[12:27:59] [Server thread/WARN]: 	at com.comphenix.protocol.injector.netty.ChannelProxy$2.schedulingRunnable(ChannelProxy.java:127)
[12:27:59] [Server thread/WARN]: 	at com.comphenix.protocol.injector.netty.EventLoopProxy.execute(EventLoopProxy.java:95)
[12:27:59] [Server thread/WARN]: 	at net.minecraft.server.v1_12_R1.NetworkManager.a(NetworkManager.java:194)
[12:27:59] [Server thread/WARN]: 	at net.minecraft.server.v1_12_R1.NetworkManager.sendPacket(NetworkManager.java:143)
[12:27:59] [Server thread/WARN]: 	at net.minecraft.server.v1_12_R1.PlayerConnection.sendPacket(PlayerConnection.java:1142)
[12:27:59] [Server thread/WARN]: 	at net.minecraft.server.v1_12_R1.EntityTrackerEntry.broadcast(EntityTrackerEntry.java:292)
[12:27:59] [Server thread/WARN]: 	at net.minecraft.server.v1_12_R1.EntityTrackerEntry.track(EntityTrackerEntry.java:204)
[12:27:59] [Server thread/WARN]: 	at net.minecraft.server.v1_12_R1.EntityTracker.updatePlayers(EntityTracker.java:182)
[12:27:59] [Server thread/WARN]: 	at net.minecraft.server.v1_12_R1.MinecraftServer.D(MinecraftServer.java:834)
[12:27:59] [Server thread/WARN]: 	at net.minecraft.server.v1_12_R1.DedicatedServer.D(DedicatedServer.java:406)
[12:27:59] [Server thread/WARN]: 	at net.minecraft.server.v1_12_R1.MinecraftServer.C(MinecraftServer.java:679)
[12:27:59] [Server thread/WARN]: 	at net.minecraft.server.v1_12_R1.MinecraftServer.run(MinecraftServer.java:577)
[12:27:59] [Server thread/WARN]: 	at java.lang.Thread.run(Thread.java:750)
[12:28:00] [Server thread/ERROR]: [MythicMobs] [31m[EVENTS] Exception thrown whilst handling event: com.comphenix.protocol.events.PacketEvent[37m
[12:28:00] [Server thread/WARN]: java.lang.NoSuchMethodError: com.comphenix.protocol.events.PacketEvent.isPlayerTemporary()Z
[12:28:00] [Server thread/WARN]: 	at io.lumine.xikage.mythicmobs.compatibility.ProtocolLibSupport.lambda$load$0(ProtocolLibSupport.java:26)
[12:28:00] [Server thread/WARN]: 	at io.lumine.xikage.mythicmobs.utils.events.functional.protocol.ProtocolListener.onPacket(ProtocolListener.java:107)
[12:28:00] [Server thread/WARN]: 	at io.lumine.xikage.mythicmobs.utils.events.functional.protocol.ProtocolListener.onPacketSending(ProtocolListener.java:81)
[12:28:00] [Server thread/WARN]: 	at com.comphenix.protocol.injector.SortedPacketListenerList.invokeSendingListener(SortedPacketListenerList.java:195)
[12:28:00] [Server thread/WARN]: 	at com.comphenix.protocol.injector.SortedPacketListenerList.invokePacketSending(SortedPacketListenerList.java:149)
[12:28:00] [Server thread/WARN]: 	at com.comphenix.protocol.injector.PacketFilterManager.handlePacket(PacketFilterManager.java:588)
[12:28:00] [Server thread/WARN]: 	at com.comphenix.protocol.injector.PacketFilterManager.invokePacketSending(PacketFilterManager.java:564)
[12:28:00] [Server thread/WARN]: 	at com.comphenix.protocol.injector.netty.ProtocolInjector.packetQueued(ProtocolInjector.java:338)
[12:28:00] [Server thread/WARN]: 	at com.comphenix.protocol.injector.netty.ProtocolInjector.onPacketSending(ProtocolInjector.java:298)
[12:28:00] [Server thread/WARN]: 	at com.comphenix.protocol.injector.netty.ChannelInjector.processSending(ChannelInjector.java:386)
[12:28:00] [Server thread/WARN]: 	at com.comphenix.protocol.injector.netty.ChannelInjector.access$500(ChannelInjector.java:77)
[12:28:00] [Server thread/WARN]: 	at com.comphenix.protocol.injector.netty.ChannelInjector$5.handleScheduled(ChannelInjector.java:352)
[12:28:00] [Server thread/WARN]: 	at com.comphenix.protocol.injector.netty.ChannelInjector$5.onMessageScheduled(ChannelInjector.java:320)
[12:28:00] [Server thread/WARN]: 	at com.comphenix.protocol.injector.netty.ChannelProxy$2.schedulingRunnable(ChannelProxy.java:127)
[12:28:00] [Server thread/WARN]: 	at com.comphenix.protocol.injector.netty.EventLoopProxy.execute(EventLoopProxy.java:95)
[12:28:00] [Server thread/WARN]: 	at net.minecraft.server.v1_12_R1.NetworkManager.a(NetworkManager.java:194)
[12:28:00] [Server thread/WARN]: 	at net.minecraft.server.v1_12_R1.NetworkManager.sendPacket(NetworkManager.java:143)
[12:28:00] [Server thread/WARN]: 	at net.minecraft.server.v1_12_R1.PlayerConnection.sendPacket(PlayerConnection.java:1142)
[12:28:00] [Server thread/WARN]: 	at net.minecraft.server.v1_12_R1.EntityTrackerEntry.broadcast(EntityTrackerEntry.java:292)
[12:28:00] [Server thread/WARN]: 	at net.minecraft.server.v1_12_R1.EntityTrackerEntry.track(EntityTrackerEntry.java:204)
[12:28:00] [Server thread/WARN]: 	at net.minecraft.server.v1_12_R1.EntityTracker.updatePlayers(EntityTracker.java:182)
[12:28:00] [Server thread/WARN]: 	at net.minecraft.server.v1_12_R1.MinecraftServer.D(MinecraftServer.java:834)
[12:28:00] [Server thread/WARN]: 	at net.minecraft.server.v1_12_R1.DedicatedServer.D(DedicatedServer.java:406)
[12:28:00] [Server thread/WARN]: 	at net.minecraft.server.v1_12_R1.MinecraftServer.C(MinecraftServer.java:679)
[12:28:00] [Server thread/WARN]: 	at net.minecraft.server.v1_12_R1.MinecraftServer.run(MinecraftServer.java:577)
[12:28:00] [Server thread/WARN]: 	at java.lang.Thread.run(Thread.java:750)
[12:28:00] [Server thread/ERROR]: [MythicMobs] [31m[EVENTS] Exception thrown whilst handling event: com.comphenix.protocol.events.PacketEvent[37m
[12:28:00] [Server thread/WARN]: java.lang.NoSuchMethodError: com.comphenix.protocol.events.PacketEvent.isPlayerTemporary()Z
[12:28:00] [Server thread/WARN]: 	at io.lumine.xikage.mythicmobs.compatibility.ProtocolLibSupport.lambda$load$0(ProtocolLibSupport.java:26)
[12:28:00] [Server thread/WARN]: 	at io.lumine.xikage.mythicmobs.utils.events.functional.protocol.ProtocolListener.onPacket(ProtocolListener.java:107)
[12:28:00] [Server thread/WARN]: 	at io.lumine.xikage.mythicmobs.utils.events.functional.protocol.ProtocolListener.onPacketSending(ProtocolListener.java:81)
[12:28:00] [Server thread/WARN]: 	at com.comphenix.protocol.injector.SortedPacketListenerList.invokeSendingListener(SortedPacketListenerList.java:195)
[12:28:00] [Server thread/WARN]: 	at com.comphenix.protocol.injector.SortedPacketListenerList.invokePacketSending(SortedPacketListenerList.java:149)
[12:28:00] [Server thread/WARN]: 	at com.comphenix.protocol.injector.PacketFilterManager.handlePacket(PacketFilterManager.java:588)
[12:28:00] [Server thread/WARN]: 	at com.comphenix.protocol.injector.PacketFilterManager.invokePacketSending(PacketFilterManager.java:564)
[12:28:00] [Server thread/WARN]: 	at com.comphenix.protocol.injector.netty.ProtocolInjector.packetQueued(ProtocolInjector.java:338)
[12:28:00] [Server thread/WARN]: 	at com.comphenix.protocol.injector.netty.ProtocolInjector.onPacketSending(ProtocolInjector.java:298)
[12:28:00] [Server thread/WARN]: 	at com.comphenix.protocol.injector.netty.ChannelInjector.processSending(ChannelInjector.java:386)
[12:28:00] [Server thread/WARN]: 	at com.comphenix.protocol.injector.netty.ChannelInjector.access$500(ChannelInjector.java:77)
[12:28:00] [Server thread/WARN]: 	at com.comphenix.protocol.injector.netty.ChannelInjector$5.handleScheduled(ChannelInjector.java:352)
[12:28:00] [Server thread/WARN]: 	at com.comphenix.protocol.injector.netty.ChannelInjector$5.onMessageScheduled(ChannelInjector.java:320)
[12:28:00] [Server thread/WARN]: 	at com.comphenix.protocol.injector.netty.ChannelProxy$2.schedulingRunnable(ChannelProxy.java:127)
[12:28:00] [Server thread/WARN]: 	at com.comphenix.protocol.injector.netty.EventLoopProxy.execute(EventLoopProxy.java:95)
[12:28:00] [Server thread/WARN]: 	at net.minecraft.server.v1_12_R1.NetworkManager.a(NetworkManager.java:194)
[12:28:00] [Server thread/WARN]: 	at net.minecraft.server.v1_12_R1.NetworkManager.sendPacket(NetworkManager.java:143)
[12:28:00] [Server thread/WARN]: 	at net.minecraft.server.v1_12_R1.PlayerConnection.sendPacket(PlayerConnection.java:1142)
[12:28:00] [Server thread/WARN]: 	at net.minecraft.server.v1_12_R1.EntityTrackerEntry.broadcast(EntityTrackerEntry.java:292)
[12:28:00] [Server thread/WARN]: 	at net.minecraft.server.v1_12_R1.EntityTrackerEntry.track(EntityTrackerEntry.java:204)
[12:28:00] [Server thread/WARN]: 	at net.minecraft.server.v1_12_R1.EntityTracker.updatePlayers(EntityTracker.java:182)
[12:28:00] [Server thread/WARN]: 	at net.minecraft.server.v1_12_R1.MinecraftServer.D(MinecraftServer.java:834)
[12:28:00] [Server thread/WARN]: 	at net.minecraft.server.v1_12_R1.DedicatedServer.D(DedicatedServer.java:406)
[12:28:00] [Server thread/WARN]: 	at net.minecraft.server.v1_12_R1.MinecraftServer.C(MinecraftServer.java:679)
[12:28:00] [Server thread/WARN]: 	at net.minecraft.server.v1_12_R1.MinecraftServer.run(MinecraftServer.java:577)
[12:28:00] [Server thread/WARN]: 	at java.lang.Thread.run(Thread.java:750)
[12:28:00] [Server thread/ERROR]: [MythicMobs] [31m[EVENTS] Exception thrown whilst handling event: com.comphenix.protocol.events.PacketEvent[37m
[12:28:00] [Server thread/WARN]: java.lang.NoSuchMethodError: com.comphenix.protocol.events.PacketEvent.isPlayerTemporary()Z
[12:28:00] [Server thread/WARN]: 	at io.lumine.xikage.mythicmobs.compatibility.ProtocolLibSupport.lambda$load$0(ProtocolLibSupport.java:26)
[12:28:00] [Server thread/WARN]: 	at io.lumine.xikage.mythicmobs.utils.events.functional.protocol.ProtocolListener.onPacket(ProtocolListener.java:107)
[12:28:00] [Server thread/WARN]: 	at io.lumine.xikage.mythicmobs.utils.events.functional.protocol.ProtocolListener.onPacketSending(ProtocolListener.java:81)
[12:28:00] [Server thread/WARN]: 	at com.comphenix.protocol.injector.SortedPacketListenerList.invokeSendingListener(SortedPacketListenerList.java:195)
[12:28:00] [Server thread/WARN]: 	at com.comphenix.protocol.injector.SortedPacketListenerList.invokePacketSending(SortedPacketListenerList.java:149)
[12:28:00] [Server thread/WARN]: 	at com.comphenix.protocol.injector.PacketFilterManager.handlePacket(PacketFilterManager.java:588)
[12:28:00] [Server thread/WARN]: 	at com.comphenix.protocol.injector.PacketFilterManager.invokePacketSending(PacketFilterManager.java:564)
[12:28:00] [Server thread/WARN]: 	at com.comphenix.protocol.injector.netty.ProtocolInjector.packetQueued(ProtocolInjector.java:338)
[12:28:00] [Server thread/WARN]: 	at com.comphenix.protocol.injector.netty.ProtocolInjector.onPacketSending(ProtocolInjector.java:298)
[12:28:00] [Server thread/WARN]: 	at com.comphenix.protocol.injector.netty.ChannelInjector.processSending(ChannelInjector.java:386)
[12:28:00] [Server thread/WARN]: 	at com.comphenix.protocol.injector.netty.ChannelInjector.access$500(ChannelInjector.java:77)
[12:28:00] [Server thread/WARN]: 	at com.comphenix.protocol.injector.netty.ChannelInjector$5.handleScheduled(ChannelInjector.java:352)
[12:28:00] [Server thread/WARN]: 	at com.comphenix.protocol.injector.netty.ChannelInjector$5.onMessageScheduled(ChannelInjector.java:320)
[12:28:00] [Server thread/WARN]: 	at com.comphenix.protocol.injector.netty.ChannelProxy$2.schedulingRunnable(ChannelProxy.java:127)
[12:28:00] [Server thread/WARN]: 	at com.comphenix.protocol.injector.netty.EventLoopProxy.execute(EventLoopProxy.java:95)
[12:28:00] [Server thread/WARN]: 	at net.minecraft.server.v1_12_R1.NetworkManager.a(NetworkManager.java:194)
[12:28:00] [Server thread/WARN]: 	at net.minecraft.server.v1_12_R1.NetworkManager.sendPacket(NetworkManager.java:143)
[12:28:00] [Server thread/WARN]: 	at net.minecraft.server.v1_12_R1.PlayerConnection.sendPacket(PlayerConnection.java:1142)
[12:28:00] [Server thread/WARN]: 	at net.minecraft.server.v1_12_R1.EntityTrackerEntry.broadcast(EntityTrackerEntry.java:292)
[12:28:00] [Server thread/WARN]: 	at net.minecraft.server.v1_12_R1.EntityTrackerEntry.track(EntityTrackerEntry.java:204)
[12:28:00] [Server thread/WARN]: 	at net.minecraft.server.v1_12_R1.EntityTracker.updatePlayers(EntityTracker.java:182)
[12:28:00] [Server thread/WARN]: 	at net.minecraft.server.v1_12_R1.MinecraftServer.D(MinecraftServer.java:834)
[12:28:00] [Server thread/WARN]: 	at net.minecraft.server.v1_12_R1.DedicatedServer.D(DedicatedServer.java:406)
[12:28:00] [Server thread/WARN]: 	at net.minecraft.server.v1_12_R1.MinecraftServer.C(MinecraftServer.java:679)
[12:28:00] [Server thread/WARN]: 	at net.minecraft.server.v1_12_R1.MinecraftServer.run(MinecraftServer.java:577)
[12:28:00] [Server thread/WARN]: 	at java.lang.Thread.run(Thread.java:750)
[12:28:00] [Server thread/ERROR]: [MythicMobs] [31m[EVENTS] Exception thrown whilst handling event: com.comphenix.protocol.events.PacketEvent[37m
[12:28:00] [Server thread/WARN]: java.lang.NoSuchMethodError: com.comphenix.protocol.events.PacketEvent.isPlayerTemporary()Z
[12:28:00] [Server thread/WARN]: 	at io.lumine.xikage.mythicmobs.compatibility.ProtocolLibSupport.lambda$load$0(ProtocolLibSupport.java:26)
[12:28:00] [Server thread/WARN]: 	at io.lumine.xikage.mythicmobs.utils.events.functional.protocol.ProtocolListener.onPacket(ProtocolListener.java:107)
[12:28:00] [Server thread/WARN]: 	at io.lumine.xikage.mythicmobs.utils.events.functional.protocol.ProtocolListener.onPacketSending(ProtocolListener.java:81)
[12:28:00] [Server thread/WARN]: 	at com.comphenix.protocol.injector.SortedPacketListenerList.invokeSendingListener(SortedPacketListenerList.java:195)
[12:28:00] [Server thread/WARN]: 	at com.comphenix.protocol.injector.SortedPacketListenerList.invokePacketSending(SortedPacketListenerList.java:149)
[12:28:00] [Server thread/WARN]: 	at com.comphenix.protocol.injector.PacketFilterManager.handlePacket(PacketFilterManager.java:588)
[12:28:00] [Server thread/WARN]: 	at com.comphenix.protocol.injector.PacketFilterManager.invokePacketSending(PacketFilterManager.java:564)
[12:28:00] [Server thread/WARN]: 	at com.comphenix.protocol.injector.netty.ProtocolInjector.packetQueued(ProtocolInjector.java:338)
[12:28:00] [Server thread/WARN]: 	at com.comphenix.protocol.injector.netty.ProtocolInjector.onPacketSending(ProtocolInjector.java:298)
[12:28:00] [Server thread/WARN]: 	at com.comphenix.protocol.injector.netty.ChannelInjector.processSending(ChannelInjector.java:386)
[12:28:00] [Server thread/WARN]: 	at com.comphenix.protocol.injector.netty.ChannelInjector.access$500(ChannelInjector.java:77)
[12:28:00] [Server thread/WARN]: 	at com.comphenix.protocol.injector.netty.ChannelInjector$5.handleScheduled(ChannelInjector.java:352)
[12:28:00] [Server thread/WARN]: 	at com.comphenix.protocol.injector.netty.ChannelInjector$5.onMessageScheduled(ChannelInjector.java:320)
[12:28:00] [Server thread/WARN]: 	at com.comphenix.protocol.injector.netty.ChannelProxy$2.schedulingRunnable(ChannelProxy.java:127)
[12:28:00] [Server thread/WARN]: 	at com.comphenix.protocol.injector.netty.EventLoopProxy.execute(EventLoopProxy.java:95)
[12:28:00] [Server thread/WARN]: 	at net.minecraft.server.v1_12_R1.NetworkManager.a(NetworkManager.java:194)
[12:28:00] [Server thread/WARN]: 	at net.minecraft.server.v1_12_R1.NetworkManager.sendPacket(NetworkManager.java:143)
[12:28:00] [Server thread/WARN]: 	at net.minecraft.server.v1_12_R1.PlayerConnection.sendPacket(PlayerConnection.java:1142)
[12:28:00] [Server thread/WARN]: 	at net.minecraft.server.v1_12_R1.EntityTrackerEntry.broadcast(EntityTrackerEntry.java:292)
[12:28:00] [Server thread/WARN]: 	at net.minecraft.server.v1_12_R1.EntityTrackerEntry.track(EntityTrackerEntry.java:204)
[12:28:00] [Server thread/WARN]: 	at net.minecraft.server.v1_12_R1.EntityTracker.updatePlayers(EntityTracker.java:182)
[12:28:00] [Server thread/WARN]: 	at net.minecraft.server.v1_12_R1.MinecraftServer.D(MinecraftServer.java:834)
[12:28:00] [Server thread/WARN]: 	at net.minecraft.server.v1_12_R1.DedicatedServer.D(DedicatedServer.java:406)
[12:28:00] [Server thread/WARN]: 	at net.minecraft.server.v1_12_R1.MinecraftServer.C(MinecraftServer.java:679)
[12:28:00] [Server thread/WARN]: 	at net.minecraft.server.v1_12_R1.MinecraftServer.run(MinecraftServer.java:577)
[12:28:00] [Server thread/WARN]: 	at java.lang.Thread.run(Thread.java:750)
[12:28:01] [Server thread/ERROR]: [MythicMobs] [31m[EVENTS] Exception thrown whilst handling event: com.comphenix.protocol.events.PacketEvent[37m
[12:28:01] [Server thread/WARN]: java.lang.NoSuchMethodError: com.comphenix.protocol.events.PacketEvent.isPlayerTemporary()Z
[12:28:01] [Server thread/WARN]: 	at io.lumine.xikage.mythicmobs.compatibility.ProtocolLibSupport.lambda$load$0(ProtocolLibSupport.java:26)
[12:28:01] [Server thread/WARN]: 	at io.lumine.xikage.mythicmobs.utils.events.functional.protocol.ProtocolListener.onPacket(ProtocolListener.java:107)
[12:28:01] [Server thread/WARN]: 	at io.lumine.xikage.mythicmobs.utils.events.functional.protocol.ProtocolListener.onPacketSending(ProtocolListener.java:81)
[12:28:01] [Server thread/WARN]: 	at com.comphenix.protocol.injector.SortedPacketListenerList.invokeSendingListener(SortedPacketListenerList.java:195)
[12:28:01] [Server thread/WARN]: 	at com.comphenix.protocol.injector.SortedPacketListenerList.invokePacketSending(SortedPacketListenerList.java:149)
[12:28:01] [Server thread/WARN]: 	at com.comphenix.protocol.injector.PacketFilterManager.handlePacket(PacketFilterManager.java:588)
[12:28:01] [Server thread/WARN]: 	at com.comphenix.protocol.injector.PacketFilterManager.invokePacketSending(PacketFilterManager.java:564)
[12:28:01] [Server thread/WARN]: 	at com.comphenix.protocol.injector.netty.ProtocolInjector.packetQueued(ProtocolInjector.java:338)
[12:28:01] [Server thread/WARN]: 	at com.comphenix.protocol.injector.netty.ProtocolInjector.onPacketSending(ProtocolInjector.java:298)
[12:28:01] [Server thread/WARN]: 	at com.comphenix.protocol.injector.netty.ChannelInjector.processSending(ChannelInjector.java:386)
[12:28:01] [Server thread/WARN]: 	at com.comphenix.protocol.injector.netty.ChannelInjector.access$500(ChannelInjector.java:77)
[12:28:01] [Server thread/WARN]: 	at com.comphenix.protocol.injector.netty.ChannelInjector$5.handleScheduled(ChannelInjector.java:352)
[12:28:01] [Server thread/WARN]: 	at com.comphenix.protocol.injector.netty.ChannelInjector$5.onMessageScheduled(ChannelInjector.java:320)
[12:28:01] [Server thread/WARN]: 	at com.comphenix.protocol.injector.netty.ChannelProxy$2.schedulingRunnable(ChannelProxy.java:127)
[12:28:01] [Server thread/WARN]: 	at com.comphenix.protocol.injector.netty.EventLoopProxy.execute(EventLoopProxy.java:95)
[12:28:01] [Server thread/WARN]: 	at net.minecraft.server.v1_12_R1.NetworkManager.a(NetworkManager.java:194)
[12:28:01] [Server thread/WARN]: 	at net.minecraft.server.v1_12_R1.NetworkManager.sendPacket(NetworkManager.java:143)
[12:28:01] [Server thread/WARN]: 	at net.minecraft.server.v1_12_R1.PlayerConnection.sendPacket(PlayerConnection.java:1142)
[12:28:01] [Server thread/WARN]: 	at net.minecraft.server.v1_12_R1.EntityTrackerEntry.broadcast(EntityTrackerEntry.java:292)
[12:28:01] [Server thread/WARN]: 	at net.minecraft.server.v1_12_R1.EntityTrackerEntry.track(EntityTrackerEntry.java:204)
[12:28:01] [Server thread/WARN]: 	at net.minecraft.server.v1_12_R1.EntityTracker.updatePlayers(EntityTracker.java:182)
[12:28:01] [Server thread/WARN]: 	at net.minecraft.server.v1_12_R1.MinecraftServer.D(MinecraftServer.java:834)
[12:28:01] [Server thread/WARN]: 	at net.minecraft.server.v1_12_R1.DedicatedServer.D(DedicatedServer.java:406)
[12:28:01] [Server thread/WARN]: 	at net.minecraft.server.v1_12_R1.MinecraftServer.C(MinecraftServer.java:679)
[12:28:01] [Server thread/WARN]: 	at net.minecraft.server.v1_12_R1.MinecraftServer.run(MinecraftServer.java:577)
[12:28:01] [Server thread/WARN]: 	at java.lang.Thread.run(Thread.java:750)
[12:28:01] [Server thread/ERROR]: [MythicMobs] [31m[EVENTS] Exception thrown whilst handling event: com.comphenix.protocol.events.PacketEvent[37m
[12:28:01] [Server thread/WARN]: java.lang.NoSuchMethodError: com.comphenix.protocol.events.PacketEvent.isPlayerTemporary()Z
[12:28:01] [Server thread/WARN]: 	at io.lumine.xikage.mythicmobs.compatibility.ProtocolLibSupport.lambda$load$0(ProtocolLibSupport.java:26)
[12:28:01] [Server thread/WARN]: 	at io.lumine.xikage.mythicmobs.utils.events.functional.protocol.ProtocolListener.onPacket(ProtocolListener.java:107)
[12:28:01] [Server thread/WARN]: 	at io.lumine.xikage.mythicmobs.utils.events.functional.protocol.ProtocolListener.onPacketSending(ProtocolListener.java:81)
[12:28:01] [Server thread/WARN]: 	at com.comphenix.protocol.injector.SortedPacketListenerList.invokeSendingListener(SortedPacketListenerList.java:195)
[12:28:01] [Server thread/WARN]: 	at com.comphenix.protocol.injector.SortedPacketListenerList.invokePacketSending(SortedPacketListenerList.java:149)
[12:28:01] [Server thread/WARN]: 	at com.comphenix.protocol.injector.PacketFilterManager.handlePacket(PacketFilterManager.java:588)
[12:28:01] [Server thread/WARN]: 	at com.comphenix.protocol.injector.PacketFilterManager.invokePacketSending(PacketFilterManager.java:564)
[12:28:01] [Server thread/WARN]: 	at com.comphenix.protocol.injector.netty.ProtocolInjector.packetQueued(ProtocolInjector.java:338)
[12:28:01] [Server thread/WARN]: 	at com.comphenix.protocol.injector.netty.ProtocolInjector.onPacketSending(ProtocolInjector.java:298)
[12:28:01] [Server thread/WARN]: 	at com.comphenix.protocol.injector.netty.ChannelInjector.processSending(ChannelInjector.java:386)
[12:28:01] [Server thread/WARN]: 	at com.comphenix.protocol.injector.netty.ChannelInjector.access$500(ChannelInjector.java:77)
[12:28:01] [Server thread/WARN]: 	at com.comphenix.protocol.injector.netty.ChannelInjector$5.handleScheduled(ChannelInjector.java:352)
[12:28:01] [Server thread/WARN]: 	at com.comphenix.protocol.injector.netty.ChannelInjector$5.onMessageScheduled(ChannelInjector.java:320)
[12:28:01] [Server thread/WARN]: 	at com.comphenix.protocol.injector.netty.ChannelProxy$2.schedulingRunnable(ChannelProxy.java:127)
[12:28:01] [Server thread/WARN]: 	at com.comphenix.protocol.injector.netty.EventLoopProxy.execute(EventLoopProxy.java:95)
[12:28:01] [Server thread/WARN]: 	at net.minecraft.server.v1_12_R1.NetworkManager.a(NetworkManager.java:194)
[12:28:01] [Server thread/WARN]: 	at net.minecraft.server.v1_12_R1.NetworkManager.sendPacket(NetworkManager.java:143)
[12:28:01] [Server thread/WARN]: 	at net.minecraft.server.v1_12_R1.PlayerConnection.sendPacket(PlayerConnection.java:1142)
[12:28:01] [Server thread/WARN]: 	at net.minecraft.server.v1_12_R1.EntityTrackerEntry.broadcast(EntityTrackerEntry.java:292)
[12:28:01] [Server thread/WARN]: 	at net.minecraft.server.v1_12_R1.EntityTrackerEntry.track(EntityTrackerEntry.java:204)
[12:28:01] [Server thread/WARN]: 	at net.minecraft.server.v1_12_R1.EntityTracker.updatePlayers(EntityTracker.java:182)
[12:28:01] [Server thread/WARN]: 	at net.minecraft.server.v1_12_R1.MinecraftServer.D(MinecraftServer.java:834)
[12:28:01] [Server thread/WARN]: 	at net.minecraft.server.v1_12_R1.DedicatedServer.D(DedicatedServer.java:406)
[12:28:01] [Server thread/WARN]: 	at net.minecraft.server.v1_12_R1.MinecraftServer.C(MinecraftServer.java:679)
[12:28:01] [Server thread/WARN]: 	at net.minecraft.server.v1_12_R1.MinecraftServer.run(MinecraftServer.java:577)
[12:28:01] [Server thread/WARN]: 	at java.lang.Thread.run(Thread.java:750)
[12:28:01] [Server thread/ERROR]: [MythicMobs] [31m[EVENTS] Exception thrown whilst handling event: com.comphenix.protocol.events.PacketEvent[37m
[12:28:01] [Server thread/WARN]: java.lang.NoSuchMethodError: com.comphenix.protocol.events.PacketEvent.isPlayerTemporary()Z
[12:28:01] [Server thread/WARN]: 	at io.lumine.xikage.mythicmobs.compatibility.ProtocolLibSupport.lambda$load$0(ProtocolLibSupport.java:26)
[12:28:01] [Server thread/WARN]: 	at io.lumine.xikage.mythicmobs.utils.events.functional.protocol.ProtocolListener.onPacket(ProtocolListener.java:107)
[12:28:01] [Server thread/WARN]: 	at io.lumine.xikage.mythicmobs.utils.events.functional.protocol.ProtocolListener.onPacketSending(ProtocolListener.java:81)
[12:28:01] [Server thread/WARN]: 	at com.comphenix.protocol.injector.SortedPacketListenerList.invokeSendingListener(SortedPacketListenerList.java:195)
[12:28:01] [Server thread/WARN]: 	at com.comphenix.protocol.injector.SortedPacketListenerList.invokePacketSending(SortedPacketListenerList.java:149)
[12:28:01] [Server thread/WARN]: 	at com.comphenix.protocol.injector.PacketFilterManager.handlePacket(PacketFilterManager.java:588)
[12:28:01] [Server thread/WARN]: 	at com.comphenix.protocol.injector.PacketFilterManager.invokePacketSending(PacketFilterManager.java:564)
[12:28:01] [Server thread/WARN]: 	at com.comphenix.protocol.injector.netty.ProtocolInjector.packetQueued(ProtocolInjector.java:338)
[12:28:01] [Server thread/WARN]: 	at com.comphenix.protocol.injector.netty.ProtocolInjector.onPacketSending(ProtocolInjector.java:298)
[12:28:01] [Server thread/WARN]: 	at com.comphenix.protocol.injector.netty.ChannelInjector.processSending(ChannelInjector.java:386)
[12:28:01] [Server thread/WARN]: 	at com.comphenix.protocol.injector.netty.ChannelInjector.access$500(ChannelInjector.java:77)
[12:28:01] [Server thread/WARN]: 	at com.comphenix.protocol.injector.netty.ChannelInjector$5.handleScheduled(ChannelInjector.java:352)
[12:28:01] [Server thread/WARN]: 	at com.comphenix.protocol.injector.netty.ChannelInjector$5.onMessageScheduled(ChannelInjector.java:320)
[12:28:01] [Server thread/WARN]: 	at com.comphenix.protocol.injector.netty.ChannelProxy$2.schedulingRunnable(ChannelProxy.java:127)
[12:28:01] [Server thread/WARN]: 	at com.comphenix.protocol.injector.netty.EventLoopProxy.execute(EventLoopProxy.java:95)
[12:28:01] [Server thread/WARN]: 	at net.minecraft.server.v1_12_R1.NetworkManager.a(NetworkManager.java:194)
[12:28:01] [Server thread/WARN]: 	at net.minecraft.server.v1_12_R1.NetworkManager.sendPacket(NetworkManager.java:143)
[12:28:01] [Server thread/WARN]: 	at net.minecraft.server.v1_12_R1.PlayerConnection.sendPacket(PlayerConnection.java:1142)
[12:28:01] [Server thread/WARN]: 	at net.minecraft.server.v1_12_R1.EntityTrackerEntry.broadcast(EntityTrackerEntry.java:292)
[12:28:01] [Server thread/WARN]: 	at net.minecraft.server.v1_12_R1.EntityTrackerEntry.track(EntityTrackerEntry.java:204)
[12:28:01] [Server thread/WARN]: 	at net.minecraft.server.v1_12_R1.EntityTracker.updatePlayers(EntityTracker.java:182)
[12:28:01] [Server thread/WARN]: 	at net.minecraft.server.v1_12_R1.MinecraftServer.D(MinecraftServer.java:834)
[12:28:01] [Server thread/WARN]: 	at net.minecraft.server.v1_12_R1.DedicatedServer.D(DedicatedServer.java:406)
[12:28:01] [Server thread/WARN]: 	at net.minecraft.server.v1_12_R1.MinecraftServer.C(MinecraftServer.java:679)
[12:28:01] [Server thread/WARN]: 	at net.minecraft.server.v1_12_R1.MinecraftServer.run(MinecraftServer.java:577)
[12:28:01] [Server thread/WARN]: 	at java.lang.Thread.run(Thread.java:750)
[12:28:01] [Server thread/ERROR]: [MythicMobs] [31m[EVENTS] Exception thrown whilst handling event: com.comphenix.protocol.events.PacketEvent[37m
[12:28:01] [Server thread/WARN]: java.lang.NoSuchMethodError: com.comphenix.protocol.events.PacketEvent.isPlayerTemporary()Z
[12:28:01] [Server thread/WARN]: 	at io.lumine.xikage.mythicmobs.compatibility.ProtocolLibSupport.lambda$load$0(ProtocolLibSupport.java:26)
[12:28:01] [Server thread/WARN]: 	at io.lumine.xikage.mythicmobs.utils.events.functional.protocol.ProtocolListener.onPacket(ProtocolListener.java:107)
[12:28:01] [Server thread/WARN]: 	at io.lumine.xikage.mythicmobs.utils.events.functional.protocol.ProtocolListener.onPacketSending(ProtocolListener.java:81)
[12:28:01] [Server thread/WARN]: 	at com.comphenix.protocol.injector.SortedPacketListenerList.invokeSendingListener(SortedPacketListenerList.java:195)
[12:28:01] [Server thread/WARN]: 	at com.comphenix.protocol.injector.SortedPacketListenerList.invokePacketSending(SortedPacketListenerList.java:149)
[12:28:01] [Server thread/WARN]: 	at com.comphenix.protocol.injector.PacketFilterManager.handlePacket(PacketFilterManager.java:588)
[12:28:01] [Server thread/WARN]: 	at com.comphenix.protocol.injector.PacketFilterManager.invokePacketSending(PacketFilterManager.java:564)
[12:28:01] [Server thread/WARN]: 	at com.comphenix.protocol.injector.netty.ProtocolInjector.packetQueued(ProtocolInjector.java:338)
[12:28:01] [Server thread/WARN]: 	at com.comphenix.protocol.injector.netty.ProtocolInjector.onPacketSending(ProtocolInjector.java:298)
[12:28:01] [Server thread/WARN]: 	at com.comphenix.protocol.injector.netty.ChannelInjector.processSending(ChannelInjector.java:386)
[12:28:01] [Server thread/WARN]: 	at com.comphenix.protocol.injector.netty.ChannelInjector.access$500(ChannelInjector.java:77)
[12:28:01] [Server thread/WARN]: 	at com.comphenix.protocol.injector.netty.ChannelInjector$5.handleScheduled(ChannelInjector.java:352)
[12:28:01] [Server thread/WARN]: 	at com.comphenix.protocol.injector.netty.ChannelInjector$5.onMessageScheduled(ChannelInjector.java:320)
[12:28:01] [Server thread/WARN]: 	at com.comphenix.protocol.injector.netty.ChannelProxy$2.schedulingRunnable(ChannelProxy.java:127)
[12:28:01] [Server thread/WARN]: 	at com.comphenix.protocol.injector.netty.EventLoopProxy.execute(EventLoopProxy.java:95)
[12:28:01] [Server thread/WARN]: 	at net.minecraft.server.v1_12_R1.NetworkManager.a(NetworkManager.java:194)
[12:28:01] [Server thread/WARN]: 	at net.minecraft.server.v1_12_R1.NetworkManager.sendPacket(NetworkManager.java:143)
[12:28:01] [Server thread/WARN]: 	at net.minecraft.server.v1_12_R1.PlayerConnection.sendPacket(PlayerConnection.java:1142)
[12:28:01] [Server thread/WARN]: 	at net.minecraft.server.v1_12_R1.EntityTrackerEntry.broadcast(EntityTrackerEntry.java:292)
[12:28:01] [Server thread/WARN]: 	at net.minecraft.server.v1_12_R1.EntityTrackerEntry.track(EntityTrackerEntry.java:204)
[12:28:01] [Server thread/WARN]: 	at net.minecraft.server.v1_12_R1.EntityTracker.updatePlayers(EntityTracker.java:182)
[12:28:01] [Server thread/WARN]: 	at net.minecraft.server.v1_12_R1.MinecraftServer.D(MinecraftServer.java:834)
[12:28:01] [Server thread/WARN]: 	at net.minecraft.server.v1_12_R1.DedicatedServer.D(DedicatedServer.java:406)
[12:28:01] [Server thread/WARN]: 	at net.minecraft.server.v1_12_R1.MinecraftServer.C(MinecraftServer.java:679)
[12:28:01] [Server thread/WARN]: 	at net.minecraft.server.v1_12_R1.MinecraftServer.run(MinecraftServer.java:577)
[12:28:01] [Server thread/WARN]: 	at java.lang.Thread.run(Thread.java:750)
[12:28:01] [Server thread/ERROR]: [MythicMobs] [31m[EVENTS] Exception thrown whilst handling event: com.comphenix.protocol.events.PacketEvent[37m
[12:28:01] [Server thread/WARN]: java.lang.NoSuchMethodError: com.comphenix.protocol.events.PacketEvent.isPlayerTemporary()Z
[12:28:01] [Server thread/WARN]: 	at io.lumine.xikage.mythicmobs.compatibility.ProtocolLibSupport.lambda$load$0(ProtocolLibSupport.java:26)
[12:28:01] [Server thread/WARN]: 	at io.lumine.xikage.mythicmobs.utils.events.functional.protocol.ProtocolListener.onPacket(ProtocolListener.java:107)
[12:28:01] [Server thread/WARN]: 	at io.lumine.xikage.mythicmobs.utils.events.functional.protocol.ProtocolListener.onPacketSending(ProtocolListener.java:81)
[12:28:01] [Server thread/WARN]: 	at com.comphenix.protocol.injector.SortedPacketListenerList.invokeSendingListener(SortedPacketListenerList.java:195)
[12:28:01] [Server thread/WARN]: 	at com.comphenix.protocol.injector.SortedPacketListenerList.invokePacketSending(SortedPacketListenerList.java:149)
[12:28:01] [Server thread/WARN]: 	at com.comphenix.protocol.injector.PacketFilterManager.handlePacket(PacketFilterManager.java:588)
[12:28:01] [Server thread/WARN]: 	at com.comphenix.protocol.injector.PacketFilterManager.invokePacketSending(PacketFilterManager.java:564)
[12:28:01] [Server thread/WARN]: 	at com.comphenix.protocol.injector.netty.ProtocolInjector.packetQueued(ProtocolInjector.java:338)
[12:28:01] [Server thread/WARN]: 	at com.comphenix.protocol.injector.netty.ProtocolInjector.onPacketSending(ProtocolInjector.java:298)
[12:28:01] [Server thread/WARN]: 	at com.comphenix.protocol.injector.netty.ChannelInjector.processSending(ChannelInjector.java:386)
[12:28:01] [Server thread/WARN]: 	at com.comphenix.protocol.injector.netty.ChannelInjector.access$500(ChannelInjector.java:77)
[12:28:01] [Server thread/WARN]: 	at com.comphenix.protocol.injector.netty.ChannelInjector$5.handleScheduled(ChannelInjector.java:352)
[12:28:01] [Server thread/WARN]: 	at com.comphenix.protocol.injector.netty.ChannelInjector$5.onMessageScheduled(ChannelInjector.java:320)
[12:28:01] [Server thread/WARN]: 	at com.comphenix.protocol.injector.netty.ChannelProxy$2.schedulingRunnable(ChannelProxy.java:127)
[12:28:01] [Server thread/WARN]: 	at com.comphenix.protocol.injector.netty.EventLoopProxy.execute(EventLoopProxy.java:95)
[12:28:01] [Server thread/WARN]: 	at net.minecraft.server.v1_12_R1.NetworkManager.a(NetworkManager.java:194)
[12:28:01] [Server thread/WARN]: 	at net.minecraft.server.v1_12_R1.NetworkManager.sendPacket(NetworkManager.java:143)
[12:28:01] [Server thread/WARN]: 	at net.minecraft.server.v1_12_R1.PlayerConnection.sendPacket(PlayerConnection.java:1142)
[12:28:01] [Server thread/WARN]: 	at net.minecraft.server.v1_12_R1.EntityTrackerEntry.broadcast(EntityTrackerEntry.java:292)
[12:28:01] [Server thread/WARN]: 	at net.minecraft.server.v1_12_R1.EntityTrackerEntry.track(EntityTrackerEntry.java:204)
[12:28:01] [Server thread/WARN]: 	at net.minecraft.server.v1_12_R1.EntityTracker.updatePlayers(EntityTracker.java:182)
[12:28:01] [Server thread/WARN]: 	at net.minecraft.server.v1_12_R1.MinecraftServer.D(MinecraftServer.java:834)
[12:28:01] [Server thread/WARN]: 	at net.minecraft.server.v1_12_R1.DedicatedServer.D(DedicatedServer.java:406)
[12:28:01] [Server thread/WARN]: 	at net.minecraft.server.v1_12_R1.MinecraftServer.C(MinecraftServer.java:679)
[12:28:01] [Server thread/WARN]: 	at net.minecraft.server.v1_12_R1.MinecraftServer.run(MinecraftServer.java:577)
[12:28:01] [Server thread/WARN]: 	at java.lang.Thread.run(Thread.java:750)
[12:28:01] [Server thread/INFO]: Genshin lost connection: Disconnected
[12:28:01] [Server thread/INFO]: Genshin left the game
[12:28:10] [User Authenticator #2/INFO]: UUID of player qwqee is fda9bd4b-a5c6-3f89-94e3-4675218a843e
[12:28:10] [Server thread/INFO]: qwqee[/192.168.200.172:1517] logged in with entity id 452 at ([world]-116.0, 68.0, 256.0)
[12:28:11] [Server thread/ERROR]: [MythicMobs] [31m[EVENTS] Exception thrown whilst handling event: com.comphenix.protocol.events.PacketEvent[37m
[12:28:11] [Server thread/WARN]: java.lang.NoSuchMethodError: com.comphenix.protocol.events.PacketEvent.isPlayerTemporary()Z
[12:28:11] [Server thread/WARN]: 	at io.lumine.xikage.mythicmobs.compatibility.ProtocolLibSupport.lambda$load$0(ProtocolLibSupport.java:26)
[12:28:11] [Server thread/WARN]: 	at io.lumine.xikage.mythicmobs.utils.events.functional.protocol.ProtocolListener.onPacket(ProtocolListener.java:107)
[12:28:11] [Server thread/WARN]: 	at io.lumine.xikage.mythicmobs.utils.events.functional.protocol.ProtocolListener.onPacketSending(ProtocolListener.java:81)
[12:28:11] [Server thread/WARN]: 	at com.comphenix.protocol.injector.SortedPacketListenerList.invokeSendingListener(SortedPacketListenerList.java:195)
[12:28:11] [Server thread/WARN]: 	at com.comphenix.protocol.injector.SortedPacketListenerList.invokePacketSending(SortedPacketListenerList.java:149)
[12:28:11] [Server thread/WARN]: 	at com.comphenix.protocol.injector.PacketFilterManager.handlePacket(PacketFilterManager.java:588)
[12:28:11] [Server thread/WARN]: 	at com.comphenix.protocol.injector.PacketFilterManager.invokePacketSending(PacketFilterManager.java:564)
[12:28:11] [Server thread/WARN]: 	at com.comphenix.protocol.injector.netty.ProtocolInjector.packetQueued(ProtocolInjector.java:338)
[12:28:11] [Server thread/WARN]: 	at com.comphenix.protocol.injector.netty.ProtocolInjector.onPacketSending(ProtocolInjector.java:298)
[12:28:11] [Server thread/WARN]: 	at com.comphenix.protocol.injector.netty.ChannelInjector.processSending(ChannelInjector.java:386)
[12:28:11] [Server thread/WARN]: 	at com.comphenix.protocol.injector.netty.ChannelInjector.access$500(ChannelInjector.java:77)
[12:28:11] [Server thread/WARN]: 	at com.comphenix.protocol.injector.netty.ChannelInjector$5.handleScheduled(ChannelInjector.java:352)
[12:28:11] [Server thread/WARN]: 	at com.comphenix.protocol.injector.netty.ChannelInjector$5.onMessageScheduled(ChannelInjector.java:320)
[12:28:11] [Server thread/WARN]: 	at com.comphenix.protocol.injector.netty.ChannelProxy$2.schedulingRunnable(ChannelProxy.java:127)
[12:28:11] [Server thread/WARN]: 	at com.comphenix.protocol.injector.netty.EventLoopProxy.execute(EventLoopProxy.java:95)
[12:28:11] [Server thread/WARN]: 	at net.minecraft.server.v1_12_R1.NetworkManager.a(NetworkManager.java:194)
[12:28:11] [Server thread/WARN]: 	at net.minecraft.server.v1_12_R1.NetworkManager.sendPacket(NetworkManager.java:143)
[12:28:11] [Server thread/WARN]: 	at net.minecraft.server.v1_12_R1.PlayerConnection.sendPacket(PlayerConnection.java:1142)
[12:28:11] [Server thread/WARN]: 	at net.minecraft.server.v1_12_R1.EntityTrackerEntry.broadcast(EntityTrackerEntry.java:292)
[12:28:11] [Server thread/WARN]: 	at net.minecraft.server.v1_12_R1.EntityTrackerEntry.track(EntityTrackerEntry.java:204)
[12:28:11] [Server thread/WARN]: 	at net.minecraft.server.v1_12_R1.EntityTracker.updatePlayers(EntityTracker.java:182)
[12:28:11] [Server thread/WARN]: 	at net.minecraft.server.v1_12_R1.MinecraftServer.D(MinecraftServer.java:834)
[12:28:11] [Server thread/WARN]: 	at net.minecraft.server.v1_12_R1.DedicatedServer.D(DedicatedServer.java:406)
[12:28:11] [Server thread/WARN]: 	at net.minecraft.server.v1_12_R1.MinecraftServer.C(MinecraftServer.java:679)
[12:28:11] [Server thread/WARN]: 	at net.minecraft.server.v1_12_R1.MinecraftServer.run(MinecraftServer.java:577)
[12:28:11] [Server thread/WARN]: 	at java.lang.Thread.run(Thread.java:750)
[12:28:13] [Server thread/ERROR]: [MythicMobs] [31m[EVENTS] Exception thrown whilst handling event: com.comphenix.protocol.events.PacketEvent[37m
[12:28:13] [Server thread/WARN]: java.lang.NoSuchMethodError: com.comphenix.protocol.events.PacketEvent.isPlayerTemporary()Z
[12:28:13] [Server thread/WARN]: 	at io.lumine.xikage.mythicmobs.compatibility.ProtocolLibSupport.lambda$load$0(ProtocolLibSupport.java:26)
[12:28:13] [Server thread/WARN]: 	at io.lumine.xikage.mythicmobs.utils.events.functional.protocol.ProtocolListener.onPacket(ProtocolListener.java:107)
[12:28:13] [Server thread/WARN]: 	at io.lumine.xikage.mythicmobs.utils.events.functional.protocol.ProtocolListener.onPacketSending(ProtocolListener.java:81)
[12:28:13] [Server thread/WARN]: 	at com.comphenix.protocol.injector.SortedPacketListenerList.invokeSendingListener(SortedPacketListenerList.java:195)
[12:28:13] [Server thread/WARN]: 	at com.comphenix.protocol.injector.SortedPacketListenerList.invokePacketSending(SortedPacketListenerList.java:149)
[12:28:13] [Server thread/WARN]: 	at com.comphenix.protocol.injector.PacketFilterManager.handlePacket(PacketFilterManager.java:588)
[12:28:13] [Server thread/WARN]: 	at com.comphenix.protocol.injector.PacketFilterManager.invokePacketSending(PacketFilterManager.java:564)
[12:28:13] [Server thread/WARN]: 	at com.comphenix.protocol.injector.netty.ProtocolInjector.packetQueued(ProtocolInjector.java:338)
[12:28:13] [Server thread/WARN]: 	at com.comphenix.protocol.injector.netty.ProtocolInjector.onPacketSending(ProtocolInjector.java:298)
[12:28:13] [Server thread/WARN]: 	at com.comphenix.protocol.injector.netty.ChannelInjector.processSending(ChannelInjector.java:386)
[12:28:13] [Server thread/WARN]: 	at com.comphenix.protocol.injector.netty.ChannelInjector.access$500(ChannelInjector.java:77)
[12:28:13] [Server thread/WARN]: 	at com.comphenix.protocol.injector.netty.ChannelInjector$5.handleScheduled(ChannelInjector.java:352)
[12:28:13] [Server thread/WARN]: 	at com.comphenix.protocol.injector.netty.ChannelInjector$5.onMessageScheduled(ChannelInjector.java:320)
[12:28:13] [Server thread/WARN]: 	at com.comphenix.protocol.injector.netty.ChannelProxy$2.schedulingRunnable(ChannelProxy.java:127)
[12:28:13] [Server thread/WARN]: 	at com.comphenix.protocol.injector.netty.EventLoopProxy.execute(EventLoopProxy.java:95)
[12:28:13] [Server thread/WARN]: 	at net.minecraft.server.v1_12_R1.NetworkManager.a(NetworkManager.java:194)
[12:28:13] [Server thread/WARN]: 	at net.minecraft.server.v1_12_R1.NetworkManager.sendPacket(NetworkManager.java:143)
[12:28:13] [Server thread/WARN]: 	at net.minecraft.server.v1_12_R1.PlayerConnection.sendPacket(PlayerConnection.java:1142)
[12:28:13] [Server thread/WARN]: 	at net.minecraft.server.v1_12_R1.EntityTrackerEntry.broadcast(EntityTrackerEntry.java:292)
[12:28:13] [Server thread/WARN]: 	at net.minecraft.server.v1_12_R1.EntityTrackerEntry.track(EntityTrackerEntry.java:204)
[12:28:13] [Server thread/WARN]: 	at net.minecraft.server.v1_12_R1.EntityTracker.updatePlayers(EntityTracker.java:182)
[12:28:13] [Server thread/WARN]: 	at net.minecraft.server.v1_12_R1.MinecraftServer.D(MinecraftServer.java:834)
[12:28:13] [Server thread/WARN]: 	at net.minecraft.server.v1_12_R1.DedicatedServer.D(DedicatedServer.java:406)
[12:28:13] [Server thread/WARN]: 	at net.minecraft.server.v1_12_R1.MinecraftServer.C(MinecraftServer.java:679)
[12:28:13] [Server thread/WARN]: 	at net.minecraft.server.v1_12_R1.MinecraftServer.run(MinecraftServer.java:577)
[12:28:13] [Server thread/WARN]: 	at java.lang.Thread.run(Thread.java:750)
[12:28:13] [Server thread/ERROR]: [MythicMobs] [31m[EVENTS] Exception thrown whilst handling event: com.comphenix.protocol.events.PacketEvent[37m
[12:28:13] [Server thread/WARN]: java.lang.NoSuchMethodError: com.comphenix.protocol.events.PacketEvent.isPlayerTemporary()Z
[12:28:13] [Server thread/WARN]: 	at io.lumine.xikage.mythicmobs.compatibility.ProtocolLibSupport.lambda$load$0(ProtocolLibSupport.java:26)
[12:28:13] [Server thread/WARN]: 	at io.lumine.xikage.mythicmobs.utils.events.functional.protocol.ProtocolListener.onPacket(ProtocolListener.java:107)
[12:28:13] [Server thread/WARN]: 	at io.lumine.xikage.mythicmobs.utils.events.functional.protocol.ProtocolListener.onPacketSending(ProtocolListener.java:81)
[12:28:13] [Server thread/WARN]: 	at com.comphenix.protocol.injector.SortedPacketListenerList.invokeSendingListener(SortedPacketListenerList.java:195)
[12:28:13] [Server thread/WARN]: 	at com.comphenix.protocol.injector.SortedPacketListenerList.invokePacketSending(SortedPacketListenerList.java:149)
[12:28:13] [Server thread/WARN]: 	at com.comphenix.protocol.injector.PacketFilterManager.handlePacket(PacketFilterManager.java:588)
[12:28:13] [Server thread/WARN]: 	at com.comphenix.protocol.injector.PacketFilterManager.invokePacketSending(PacketFilterManager.java:564)
[12:28:13] [Server thread/WARN]: 	at com.comphenix.protocol.injector.netty.ProtocolInjector.packetQueued(ProtocolInjector.java:338)
[12:28:13] [Server thread/WARN]: 	at com.comphenix.protocol.injector.netty.ProtocolInjector.onPacketSending(ProtocolInjector.java:298)
[12:28:13] [Server thread/WARN]: 	at com.comphenix.protocol.injector.netty.ChannelInjector.processSending(ChannelInjector.java:386)
[12:28:13] [Server thread/WARN]: 	at com.comphenix.protocol.injector.netty.ChannelInjector.access$500(ChannelInjector.java:77)
[12:28:13] [Server thread/WARN]: 	at com.comphenix.protocol.injector.netty.ChannelInjector$5.handleScheduled(ChannelInjector.java:352)
[12:28:13] [Server thread/WARN]: 	at com.comphenix.protocol.injector.netty.ChannelInjector$5.onMessageScheduled(ChannelInjector.java:320)
[12:28:13] [Server thread/WARN]: 	at com.comphenix.protocol.injector.netty.ChannelProxy$2.schedulingRunnable(ChannelProxy.java:127)
[12:28:13] [Server thread/WARN]: 	at com.comphenix.protocol.injector.netty.EventLoopProxy.execute(EventLoopProxy.java:95)
[12:28:13] [Server thread/WARN]: 	at net.minecraft.server.v1_12_R1.NetworkManager.a(NetworkManager.java:194)
[12:28:13] [Server thread/WARN]: 	at net.minecraft.server.v1_12_R1.NetworkManager.sendPacket(NetworkManager.java:143)
[12:28:13] [Server thread/WARN]: 	at net.minecraft.server.v1_12_R1.PlayerConnection.sendPacket(PlayerConnection.java:1142)
[12:28:13] [Server thread/WARN]: 	at net.minecraft.server.v1_12_R1.EntityTrackerEntry.broadcast(EntityTrackerEntry.java:292)
[12:28:13] [Server thread/WARN]: 	at net.minecraft.server.v1_12_R1.EntityTrackerEntry.track(EntityTrackerEntry.java:204)
[12:28:13] [Server thread/WARN]: 	at net.minecraft.server.v1_12_R1.EntityTracker.updatePlayers(EntityTracker.java:182)
[12:28:13] [Server thread/WARN]: 	at net.minecraft.server.v1_12_R1.MinecraftServer.D(MinecraftServer.java:834)
[12:28:13] [Server thread/WARN]: 	at net.minecraft.server.v1_12_R1.DedicatedServer.D(DedicatedServer.java:406)
[12:28:13] [Server thread/WARN]: 	at net.minecraft.server.v1_12_R1.MinecraftServer.C(MinecraftServer.java:679)
[12:28:13] [Server thread/WARN]: 	at net.minecraft.server.v1_12_R1.MinecraftServer.run(MinecraftServer.java:577)
[12:28:13] [Server thread/WARN]: 	at java.lang.Thread.run(Thread.java:750)
[12:28:13] [Server thread/ERROR]: [MythicMobs] [31m[EVENTS] Exception thrown whilst handling event: com.comphenix.protocol.events.PacketEvent[37m
[12:28:13] [Server thread/WARN]: java.lang.NoSuchMethodError: com.comphenix.protocol.events.PacketEvent.isPlayerTemporary()Z
[12:28:13] [Server thread/WARN]: 	at io.lumine.xikage.mythicmobs.compatibility.ProtocolLibSupport.lambda$load$0(ProtocolLibSupport.java:26)
[12:28:13] [Server thread/WARN]: 	at io.lumine.xikage.mythicmobs.utils.events.functional.protocol.ProtocolListener.onPacket(ProtocolListener.java:107)
[12:28:13] [Server thread/WARN]: 	at io.lumine.xikage.mythicmobs.utils.events.functional.protocol.ProtocolListener.onPacketSending(ProtocolListener.java:81)
[12:28:13] [Server thread/WARN]: 	at com.comphenix.protocol.injector.SortedPacketListenerList.invokeSendingListener(SortedPacketListenerList.java:195)
[12:28:13] [Server thread/WARN]: 	at com.comphenix.protocol.injector.SortedPacketListenerList.invokePacketSending(SortedPacketListenerList.java:149)
[12:28:13] [Server thread/WARN]: 	at com.comphenix.protocol.injector.PacketFilterManager.handlePacket(PacketFilterManager.java:588)
[12:28:13] [Server thread/WARN]: 	at com.comphenix.protocol.injector.PacketFilterManager.invokePacketSending(PacketFilterManager.java:564)
[12:28:13] [Server thread/WARN]: 	at com.comphenix.protocol.injector.netty.ProtocolInjector.packetQueued(ProtocolInjector.java:338)
[12:28:13] [Server thread/WARN]: 	at com.comphenix.protocol.injector.netty.ProtocolInjector.onPacketSending(ProtocolInjector.java:298)
[12:28:13] [Server thread/WARN]: 	at com.comphenix.protocol.injector.netty.ChannelInjector.processSending(ChannelInjector.java:386)
[12:28:13] [Server thread/WARN]: 	at com.comphenix.protocol.injector.netty.ChannelInjector.access$500(ChannelInjector.java:77)
[12:28:13] [Server thread/WARN]: 	at com.comphenix.protocol.injector.netty.ChannelInjector$5.handleScheduled(ChannelInjector.java:352)
[12:28:13] [Server thread/WARN]: 	at com.comphenix.protocol.injector.netty.ChannelInjector$5.onMessageScheduled(ChannelInjector.java:320)
[12:28:13] [Server thread/WARN]: 	at com.comphenix.protocol.injector.netty.ChannelProxy$2.schedulingRunnable(ChannelProxy.java:127)
[12:28:13] [Server thread/WARN]: 	at com.comphenix.protocol.injector.netty.EventLoopProxy.execute(EventLoopProxy.java:95)
[12:28:13] [Server thread/WARN]: 	at net.minecraft.server.v1_12_R1.NetworkManager.a(NetworkManager.java:194)
[12:28:13] [Server thread/WARN]: 	at net.minecraft.server.v1_12_R1.NetworkManager.sendPacket(NetworkManager.java:143)
[12:28:13] [Server thread/WARN]: 	at net.minecraft.server.v1_12_R1.PlayerConnection.sendPacket(PlayerConnection.java:1142)
[12:28:13] [Server thread/WARN]: 	at net.minecraft.server.v1_12_R1.EntityTrackerEntry.broadcast(EntityTrackerEntry.java:292)
[12:28:13] [Server thread/WARN]: 	at net.minecraft.server.v1_12_R1.EntityTrackerEntry.track(EntityTrackerEntry.java:204)
[12:28:13] [Server thread/WARN]: 	at net.minecraft.server.v1_12_R1.EntityTracker.updatePlayers(EntityTracker.java:182)
[12:28:13] [Server thread/WARN]: 	at net.minecraft.server.v1_12_R1.MinecraftServer.D(MinecraftServer.java:834)
[12:28:13] [Server thread/WARN]: 	at net.minecraft.server.v1_12_R1.DedicatedServer.D(DedicatedServer.java:406)
[12:28:13] [Server thread/WARN]: 	at net.minecraft.server.v1_12_R1.MinecraftServer.C(MinecraftServer.java:679)
[12:28:13] [Server thread/WARN]: 	at net.minecraft.server.v1_12_R1.MinecraftServer.run(MinecraftServer.java:577)
[12:28:13] [Server thread/WARN]: 	at java.lang.Thread.run(Thread.java:750)
[12:28:13] [Server thread/ERROR]: [MythicMobs] [31m[EVENTS] Exception thrown whilst handling event: com.comphenix.protocol.events.PacketEvent[37m
[12:28:13] [Server thread/WARN]: java.lang.NoSuchMethodError: com.comphenix.protocol.events.PacketEvent.isPlayerTemporary()Z
[12:28:13] [Server thread/WARN]: 	at io.lumine.xikage.mythicmobs.compatibility.ProtocolLibSupport.lambda$load$0(ProtocolLibSupport.java:26)
[12:28:13] [Server thread/WARN]: 	at io.lumine.xikage.mythicmobs.utils.events.functional.protocol.ProtocolListener.onPacket(ProtocolListener.java:107)
[12:28:13] [Server thread/WARN]: 	at io.lumine.xikage.mythicmobs.utils.events.functional.protocol.ProtocolListener.onPacketSending(ProtocolListener.java:81)
[12:28:13] [Server thread/WARN]: 	at com.comphenix.protocol.injector.SortedPacketListenerList.invokeSendingListener(SortedPacketListenerList.java:195)
[12:28:13] [Server thread/WARN]: 	at com.comphenix.protocol.injector.SortedPacketListenerList.invokePacketSending(SortedPacketListenerList.java:149)
[12:28:13] [Server thread/WARN]: 	at com.comphenix.protocol.injector.PacketFilterManager.handlePacket(PacketFilterManager.java:588)
[12:28:13] [Server thread/WARN]: 	at com.comphenix.protocol.injector.PacketFilterManager.invokePacketSending(PacketFilterManager.java:564)
[12:28:13] [Server thread/WARN]: 	at com.comphenix.protocol.injector.netty.ProtocolInjector.packetQueued(ProtocolInjector.java:338)
[12:28:13] [Server thread/WARN]: 	at com.comphenix.protocol.injector.netty.ProtocolInjector.onPacketSending(ProtocolInjector.java:298)
[12:28:13] [Server thread/WARN]: 	at com.comphenix.protocol.injector.netty.ChannelInjector.processSending(ChannelInjector.java:386)
[12:28:13] [Server thread/WARN]: 	at com.comphenix.protocol.injector.netty.ChannelInjector.access$500(ChannelInjector.java:77)
[12:28:13] [Server thread/WARN]: 	at com.comphenix.protocol.injector.netty.ChannelInjector$5.handleScheduled(ChannelInjector.java:352)
[12:28:13] [Server thread/WARN]: 	at com.comphenix.protocol.injector.netty.ChannelInjector$5.onMessageScheduled(ChannelInjector.java:320)
[12:28:13] [Server thread/WARN]: 	at com.comphenix.protocol.injector.netty.ChannelProxy$2.schedulingRunnable(ChannelProxy.java:127)
[12:28:13] [Server thread/WARN]: 	at com.comphenix.protocol.injector.netty.EventLoopProxy.execute(EventLoopProxy.java:95)
[12:28:13] [Server thread/WARN]: 	at net.minecraft.server.v1_12_R1.NetworkManager.a(NetworkManager.java:194)
[12:28:13] [Server thread/WARN]: 	at net.minecraft.server.v1_12_R1.NetworkManager.sendPacket(NetworkManager.java:143)
[12:28:13] [Server thread/WARN]: 	at net.minecraft.server.v1_12_R1.PlayerConnection.sendPacket(PlayerConnection.java:1142)
[12:28:13] [Server thread/WARN]: 	at net.minecraft.server.v1_12_R1.EntityTrackerEntry.broadcast(EntityTrackerEntry.java:292)
[12:28:13] [Server thread/WARN]: 	at net.minecraft.server.v1_12_R1.EntityTrackerEntry.track(EntityTrackerEntry.java:204)
[12:28:13] [Server thread/WARN]: 	at net.minecraft.server.v1_12_R1.EntityTracker.updatePlayers(EntityTracker.java:182)
[12:28:13] [Server thread/WARN]: 	at net.minecraft.server.v1_12_R1.MinecraftServer.D(MinecraftServer.java:834)
[12:28:13] [Server thread/WARN]: 	at net.minecraft.server.v1_12_R1.DedicatedServer.D(DedicatedServer.java:406)
[12:28:13] [Server thread/WARN]: 	at net.minecraft.server.v1_12_R1.MinecraftServer.C(MinecraftServer.java:679)
[12:28:13] [Server thread/WARN]: 	at net.minecraft.server.v1_12_R1.MinecraftServer.run(MinecraftServer.java:577)
[12:28:13] [Server thread/WARN]: 	at java.lang.Thread.run(Thread.java:750)
[12:28:14] [Server thread/ERROR]: [MythicMobs] [31m[EVENTS] Exception thrown whilst handling event: com.comphenix.protocol.events.PacketEvent[37m
[12:28:14] [Server thread/WARN]: java.lang.NoSuchMethodError: com.comphenix.protocol.events.PacketEvent.isPlayerTemporary()Z
[12:28:14] [Server thread/WARN]: 	at io.lumine.xikage.mythicmobs.compatibility.ProtocolLibSupport.lambda$load$0(ProtocolLibSupport.java:26)
[12:28:14] [Server thread/WARN]: 	at io.lumine.xikage.mythicmobs.utils.events.functional.protocol.ProtocolListener.onPacket(ProtocolListener.java:107)
[12:28:14] [Server thread/WARN]: 	at io.lumine.xikage.mythicmobs.utils.events.functional.protocol.ProtocolListener.onPacketSending(ProtocolListener.java:81)
[12:28:14] [Server thread/WARN]: 	at com.comphenix.protocol.injector.SortedPacketListenerList.invokeSendingListener(SortedPacketListenerList.java:195)
[12:28:14] [Server thread/WARN]: 	at com.comphenix.protocol.injector.SortedPacketListenerList.invokePacketSending(SortedPacketListenerList.java:149)
[12:28:14] [Server thread/WARN]: 	at com.comphenix.protocol.injector.PacketFilterManager.handlePacket(PacketFilterManager.java:588)
[12:28:14] [Server thread/WARN]: 	at com.comphenix.protocol.injector.PacketFilterManager.invokePacketSending(PacketFilterManager.java:564)
[12:28:14] [Server thread/WARN]: 	at com.comphenix.protocol.injector.netty.ProtocolInjector.packetQueued(ProtocolInjector.java:338)
[12:28:14] [Server thread/WARN]: 	at com.comphenix.protocol.injector.netty.ProtocolInjector.onPacketSending(ProtocolInjector.java:298)
[12:28:14] [Server thread/WARN]: 	at com.comphenix.protocol.injector.netty.ChannelInjector.processSending(ChannelInjector.java:386)
[12:28:14] [Server thread/WARN]: 	at com.comphenix.protocol.injector.netty.ChannelInjector.access$500(ChannelInjector.java:77)
[12:28:14] [Server thread/WARN]: 	at com.comphenix.protocol.injector.netty.ChannelInjector$5.handleScheduled(ChannelInjector.java:352)
[12:28:14] [Server thread/WARN]: 	at com.comphenix.protocol.injector.netty.ChannelInjector$5.onMessageScheduled(ChannelInjector.java:320)
[12:28:14] [Server thread/WARN]: 	at com.comphenix.protocol.injector.netty.ChannelProxy$2.schedulingRunnable(ChannelProxy.java:127)
[12:28:14] [Server thread/WARN]: 	at com.comphenix.protocol.injector.netty.EventLoopProxy.execute(EventLoopProxy.java:95)
[12:28:14] [Server thread/WARN]: 	at net.minecraft.server.v1_12_R1.NetworkManager.a(NetworkManager.java:194)
[12:28:14] [Server thread/WARN]: 	at net.minecraft.server.v1_12_R1.NetworkManager.sendPacket(NetworkManager.java:143)
[12:28:14] [Server thread/WARN]: 	at net.minecraft.server.v1_12_R1.PlayerConnection.sendPacket(PlayerConnection.java:1142)
[12:28:14] [Server thread/WARN]: 	at net.minecraft.server.v1_12_R1.EntityTrackerEntry.broadcast(EntityTrackerEntry.java:292)
[12:28:14] [Server thread/WARN]: 	at net.minecraft.server.v1_12_R1.EntityTrackerEntry.track(EntityTrackerEntry.java:204)
[12:28:14] [Server thread/WARN]: 	at net.minecraft.server.v1_12_R1.EntityTracker.updatePlayers(EntityTracker.java:182)
[12:28:14] [Server thread/WARN]: 	at net.minecraft.server.v1_12_R1.MinecraftServer.D(MinecraftServer.java:834)
[12:28:14] [Server thread/WARN]: 	at net.minecraft.server.v1_12_R1.DedicatedServer.D(DedicatedServer.java:406)
[12:28:14] [Server thread/WARN]: 	at net.minecraft.server.v1_12_R1.MinecraftServer.C(MinecraftServer.java:679)
[12:28:14] [Server thread/WARN]: 	at net.minecraft.server.v1_12_R1.MinecraftServer.run(MinecraftServer.java:577)
[12:28:14] [Server thread/WARN]: 	at java.lang.Thread.run(Thread.java:750)
[12:28:16] [Server thread/ERROR]: [MythicMobs] [31m[EVENTS] Exception thrown whilst handling event: com.comphenix.protocol.events.PacketEvent[37m
[12:28:16] [Server thread/WARN]: java.lang.NoSuchMethodError: com.comphenix.protocol.events.PacketEvent.isPlayerTemporary()Z
[12:28:16] [Server thread/WARN]: 	at io.lumine.xikage.mythicmobs.compatibility.ProtocolLibSupport.lambda$load$0(ProtocolLibSupport.java:26)
[12:28:16] [Server thread/WARN]: 	at io.lumine.xikage.mythicmobs.utils.events.functional.protocol.ProtocolListener.onPacket(ProtocolListener.java:107)
[12:28:16] [Server thread/WARN]: 	at io.lumine.xikage.mythicmobs.utils.events.functional.protocol.ProtocolListener.onPacketSending(ProtocolListener.java:81)
[12:28:16] [Server thread/WARN]: 	at com.comphenix.protocol.injector.SortedPacketListenerList.invokeSendingListener(SortedPacketListenerList.java:195)
[12:28:16] [Server thread/WARN]: 	at com.comphenix.protocol.injector.SortedPacketListenerList.invokePacketSending(SortedPacketListenerList.java:149)
[12:28:16] [Server thread/WARN]: 	at com.comphenix.protocol.injector.PacketFilterManager.handlePacket(PacketFilterManager.java:588)
[12:28:16] [Server thread/WARN]: 	at com.comphenix.protocol.injector.PacketFilterManager.invokePacketSending(PacketFilterManager.java:564)
[12:28:16] [Server thread/WARN]: 	at com.comphenix.protocol.injector.netty.ProtocolInjector.packetQueued(ProtocolInjector.java:338)
[12:28:16] [Server thread/WARN]: 	at com.comphenix.protocol.injector.netty.ProtocolInjector.onPacketSending(ProtocolInjector.java:298)
[12:28:16] [Server thread/WARN]: 	at com.comphenix.protocol.injector.netty.ChannelInjector.processSending(ChannelInjector.java:386)
[12:28:16] [Server thread/WARN]: 	at com.comphenix.protocol.injector.netty.ChannelInjector.access$500(ChannelInjector.java:77)
[12:28:16] [Server thread/WARN]: 	at com.comphenix.protocol.injector.netty.ChannelInjector$5.handleScheduled(ChannelInjector.java:352)
[12:28:16] [Server thread/WARN]: 	at com.comphenix.protocol.injector.netty.ChannelInjector$5.onMessageScheduled(ChannelInjector.java:320)
[12:28:16] [Server thread/WARN]: 	at com.comphenix.protocol.injector.netty.ChannelProxy$2.schedulingRunnable(ChannelProxy.java:127)
[12:28:16] [Server thread/WARN]: 	at com.comphenix.protocol.injector.netty.EventLoopProxy.execute(EventLoopProxy.java:95)
[12:28:16] [Server thread/WARN]: 	at net.minecraft.server.v1_12_R1.NetworkManager.a(NetworkManager.java:194)
[12:28:16] [Server thread/WARN]: 	at net.minecraft.server.v1_12_R1.NetworkManager.sendPacket(NetworkManager.java:143)
[12:28:16] [Server thread/WARN]: 	at net.minecraft.server.v1_12_R1.PlayerConnection.sendPacket(PlayerConnection.java:1142)
[12:28:16] [Server thread/WARN]: 	at net.minecraft.server.v1_12_R1.EntityTrackerEntry.broadcast(EntityTrackerEntry.java:292)
[12:28:16] [Server thread/WARN]: 	at net.minecraft.server.v1_12_R1.EntityTrackerEntry.track(EntityTrackerEntry.java:204)
[12:28:16] [Server thread/WARN]: 	at net.minecraft.server.v1_12_R1.EntityTracker.updatePlayers(EntityTracker.java:182)
[12:28:16] [Server thread/WARN]: 	at net.minecraft.server.v1_12_R1.MinecraftServer.D(MinecraftServer.java:834)
[12:28:16] [Server thread/WARN]: 	at net.minecraft.server.v1_12_R1.DedicatedServer.D(DedicatedServer.java:406)
[12:28:16] [Server thread/WARN]: 	at net.minecraft.server.v1_12_R1.MinecraftServer.C(MinecraftServer.java:679)
[12:28:16] [Server thread/WARN]: 	at net.minecraft.server.v1_12_R1.MinecraftServer.run(MinecraftServer.java:577)
[12:28:16] [Server thread/WARN]: 	at java.lang.Thread.run(Thread.java:750)
[12:28:17] [Server thread/ERROR]: [MythicMobs] [31m[EVENTS] Exception thrown whilst handling event: com.comphenix.protocol.events.PacketEvent[37m
[12:28:17] [Server thread/WARN]: java.lang.NoSuchMethodError: com.comphenix.protocol.events.PacketEvent.isPlayerTemporary()Z
[12:28:17] [Server thread/WARN]: 	at io.lumine.xikage.mythicmobs.compatibility.ProtocolLibSupport.lambda$load$0(ProtocolLibSupport.java:26)
[12:28:17] [Server thread/WARN]: 	at io.lumine.xikage.mythicmobs.utils.events.functional.protocol.ProtocolListener.onPacket(ProtocolListener.java:107)
[12:28:17] [Server thread/WARN]: 	at io.lumine.xikage.mythicmobs.utils.events.functional.protocol.ProtocolListener.onPacketSending(ProtocolListener.java:81)
[12:28:17] [Server thread/WARN]: 	at com.comphenix.protocol.injector.SortedPacketListenerList.invokeSendingListener(SortedPacketListenerList.java:195)
[12:28:17] [Server thread/WARN]: 	at com.comphenix.protocol.injector.SortedPacketListenerList.invokePacketSending(SortedPacketListenerList.java:149)
[12:28:17] [Server thread/WARN]: 	at com.comphenix.protocol.injector.PacketFilterManager.handlePacket(PacketFilterManager.java:588)
[12:28:17] [Server thread/WARN]: 	at com.comphenix.protocol.injector.PacketFilterManager.invokePacketSending(PacketFilterManager.java:564)
[12:28:17] [Server thread/WARN]: 	at com.comphenix.protocol.injector.netty.ProtocolInjector.packetQueued(ProtocolInjector.java:338)
[12:28:17] [Server thread/WARN]: 	at com.comphenix.protocol.injector.netty.ProtocolInjector.onPacketSending(ProtocolInjector.java:298)
[12:28:17] [Server thread/WARN]: 	at com.comphenix.protocol.injector.netty.ChannelInjector.processSending(ChannelInjector.java:386)
[12:28:17] [Server thread/WARN]: 	at com.comphenix.protocol.injector.netty.ChannelInjector.access$500(ChannelInjector.java:77)
[12:28:17] [Server thread/WARN]: 	at com.comphenix.protocol.injector.netty.ChannelInjector$5.handleScheduled(ChannelInjector.java:352)
[12:28:17] [Server thread/WARN]: 	at com.comphenix.protocol.injector.netty.ChannelInjector$5.onMessageScheduled(ChannelInjector.java:320)
[12:28:17] [Server thread/WARN]: 	at com.comphenix.protocol.injector.netty.ChannelProxy$2.schedulingRunnable(ChannelProxy.java:127)
[12:28:17] [Server thread/WARN]: 	at com.comphenix.protocol.injector.netty.EventLoopProxy.execute(EventLoopProxy.java:95)
[12:28:17] [Server thread/WARN]: 	at net.minecraft.server.v1_12_R1.NetworkManager.a(NetworkManager.java:194)
[12:28:17] [Server thread/WARN]: 	at net.minecraft.server.v1_12_R1.NetworkManager.sendPacket(NetworkManager.java:143)
[12:28:17] [Server thread/WARN]: 	at net.minecraft.server.v1_12_R1.PlayerConnection.sendPacket(PlayerConnection.java:1142)
[12:28:17] [Server thread/WARN]: 	at net.minecraft.server.v1_12_R1.EntityTrackerEntry.broadcast(EntityTrackerEntry.java:292)
[12:28:17] [Server thread/WARN]: 	at net.minecraft.server.v1_12_R1.EntityTrackerEntry.track(EntityTrackerEntry.java:204)
[12:28:17] [Server thread/WARN]: 	at net.minecraft.server.v1_12_R1.EntityTracker.updatePlayers(EntityTracker.java:182)
[12:28:17] [Server thread/WARN]: 	at net.minecraft.server.v1_12_R1.MinecraftServer.D(MinecraftServer.java:834)
[12:28:17] [Server thread/WARN]: 	at net.minecraft.server.v1_12_R1.DedicatedServer.D(DedicatedServer.java:406)
[12:28:17] [Server thread/WARN]: 	at net.minecraft.server.v1_12_R1.MinecraftServer.C(MinecraftServer.java:679)
[12:28:17] [Server thread/WARN]: 	at net.minecraft.server.v1_12_R1.MinecraftServer.run(MinecraftServer.java:577)
[12:28:17] [Server thread/WARN]: 	at java.lang.Thread.run(Thread.java:750)
[12:28:17] [Server thread/ERROR]: [MythicMobs] [31m[EVENTS] Exception thrown whilst handling event: com.comphenix.protocol.events.PacketEvent[37m
[12:28:17] [Server thread/WARN]: java.lang.NoSuchMethodError: com.comphenix.protocol.events.PacketEvent.isPlayerTemporary()Z
[12:28:17] [Server thread/WARN]: 	at io.lumine.xikage.mythicmobs.compatibility.ProtocolLibSupport.lambda$load$0(ProtocolLibSupport.java:26)
[12:28:17] [Server thread/WARN]: 	at io.lumine.xikage.mythicmobs.utils.events.functional.protocol.ProtocolListener.onPacket(ProtocolListener.java:107)
[12:28:17] [Server thread/WARN]: 	at io.lumine.xikage.mythicmobs.utils.events.functional.protocol.ProtocolListener.onPacketSending(ProtocolListener.java:81)
[12:28:17] [Server thread/WARN]: 	at com.comphenix.protocol.injector.SortedPacketListenerList.invokeSendingListener(SortedPacketListenerList.java:195)
[12:28:17] [Server thread/WARN]: 	at com.comphenix.protocol.injector.SortedPacketListenerList.invokePacketSending(SortedPacketListenerList.java:149)
[12:28:17] [Server thread/WARN]: 	at com.comphenix.protocol.injector.PacketFilterManager.handlePacket(PacketFilterManager.java:588)
[12:28:17] [Server thread/WARN]: 	at com.comphenix.protocol.injector.PacketFilterManager.invokePacketSending(PacketFilterManager.java:564)
[12:28:17] [Server thread/WARN]: 	at com.comphenix.protocol.injector.netty.ProtocolInjector.packetQueued(ProtocolInjector.java:338)
[12:28:17] [Server thread/WARN]: 	at com.comphenix.protocol.injector.netty.ProtocolInjector.onPacketSending(ProtocolInjector.java:298)
[12:28:17] [Server thread/WARN]: 	at com.comphenix.protocol.injector.netty.ChannelInjector.processSending(ChannelInjector.java:386)
[12:28:17] [Server thread/WARN]: 	at com.comphenix.protocol.injector.netty.ChannelInjector.access$500(ChannelInjector.java:77)
[12:28:17] [Server thread/WARN]: 	at com.comphenix.protocol.injector.netty.ChannelInjector$5.handleScheduled(ChannelInjector.java:352)
[12:28:17] [Server thread/WARN]: 	at com.comphenix.protocol.injector.netty.ChannelInjector$5.onMessageScheduled(ChannelInjector.java:320)
[12:28:17] [Server thread/WARN]: 	at com.comphenix.protocol.injector.netty.ChannelProxy$2.schedulingRunnable(ChannelProxy.java:127)
[12:28:17] [Server thread/WARN]: 	at com.comphenix.protocol.injector.netty.EventLoopProxy.execute(EventLoopProxy.java:95)
[12:28:17] [Server thread/WARN]: 	at net.minecraft.server.v1_12_R1.NetworkManager.a(NetworkManager.java:194)
[12:28:17] [Server thread/WARN]: 	at net.minecraft.server.v1_12_R1.NetworkManager.sendPacket(NetworkManager.java:143)
[12:28:17] [Server thread/WARN]: 	at net.minecraft.server.v1_12_R1.PlayerConnection.sendPacket(PlayerConnection.java:1142)
[12:28:17] [Server thread/WARN]: 	at net.minecraft.server.v1_12_R1.EntityTrackerEntry.broadcast(EntityTrackerEntry.java:292)
[12:28:17] [Server thread/WARN]: 	at net.minecraft.server.v1_12_R1.EntityTrackerEntry.track(EntityTrackerEntry.java:204)
[12:28:17] [Server thread/WARN]: 	at net.minecraft.server.v1_12_R1.EntityTracker.updatePlayers(EntityTracker.java:182)
[12:28:17] [Server thread/WARN]: 	at net.minecraft.server.v1_12_R1.MinecraftServer.D(MinecraftServer.java:834)
[12:28:17] [Server thread/WARN]: 	at net.minecraft.server.v1_12_R1.DedicatedServer.D(DedicatedServer.java:406)
[12:28:17] [Server thread/WARN]: 	at net.minecraft.server.v1_12_R1.MinecraftServer.C(MinecraftServer.java:679)
[12:28:17] [Server thread/WARN]: 	at net.minecraft.server.v1_12_R1.MinecraftServer.run(MinecraftServer.java:577)
[12:28:17] [Server thread/WARN]: 	at java.lang.Thread.run(Thread.java:750)
[12:28:17] [Server thread/INFO]: qwqee lost connection: Disconnected
[12:28:17] [Server thread/INFO]: qwqee left the game
[12:28:58] [Server thread/INFO]: [0;33;22mReloading all Multiverse Plugin configs...[m
[12:29:00] [Server thread/INFO]: [Multiverse-Core] 4 - World(s) loaded.
[12:29:00] [Server thread/INFO]: Multiverse-Core - config.yml[m
[12:29:00] [Server thread/INFO]: Multiverse-Core - worlds.yml[m
[12:29:00] [Server thread/INFO]: Multiverse-Core - anchors.yml[m
[12:29:00] [Server thread/INFO]: [0;32;1mReload Complete![m
[12:29:03] [User Authenticator #3/INFO]: UUID of player qwqee is fda9bd4b-a5c6-3f89-94e3-4675218a843e
[12:29:03] [Server thread/INFO]: qwqee[/192.168.200.172:1721] logged in with entity id 743 at ([world]-117.64615932883181, 68.0, 252.4653153191814)
[12:29:03] [Server thread/ERROR]: [MythicMobs] [31m[EVENTS] Exception thrown whilst handling event: com.comphenix.protocol.events.PacketEvent[37m
[12:29:03] [Server thread/WARN]: java.lang.NoSuchMethodError: com.comphenix.protocol.events.PacketEvent.isPlayerTemporary()Z
[12:29:03] [Server thread/WARN]: 	at io.lumine.xikage.mythicmobs.compatibility.ProtocolLibSupport.lambda$load$0(ProtocolLibSupport.java:26)
[12:29:03] [Server thread/WARN]: 	at io.lumine.xikage.mythicmobs.utils.events.functional.protocol.ProtocolListener.onPacket(ProtocolListener.java:107)
[12:29:03] [Server thread/WARN]: 	at io.lumine.xikage.mythicmobs.utils.events.functional.protocol.ProtocolListener.onPacketSending(ProtocolListener.java:81)
[12:29:03] [Server thread/WARN]: 	at com.comphenix.protocol.injector.SortedPacketListenerList.invokeSendingListener(SortedPacketListenerList.java:195)
[12:29:03] [Server thread/WARN]: 	at com.comphenix.protocol.injector.SortedPacketListenerList.invokePacketSending(SortedPacketListenerList.java:149)
[12:29:03] [Server thread/WARN]: 	at com.comphenix.protocol.injector.PacketFilterManager.handlePacket(PacketFilterManager.java:588)
[12:29:03] [Server thread/WARN]: 	at com.comphenix.protocol.injector.PacketFilterManager.invokePacketSending(PacketFilterManager.java:564)
[12:29:03] [Server thread/WARN]: 	at com.comphenix.protocol.injector.netty.ProtocolInjector.packetQueued(ProtocolInjector.java:338)
[12:29:03] [Server thread/WARN]: 	at com.comphenix.protocol.injector.netty.ProtocolInjector.onPacketSending(ProtocolInjector.java:298)
[12:29:03] [Server thread/WARN]: 	at com.comphenix.protocol.injector.netty.ChannelInjector.processSending(ChannelInjector.java:386)
[12:29:03] [Server thread/WARN]: 	at com.comphenix.protocol.injector.netty.ChannelInjector.access$500(ChannelInjector.java:77)
[12:29:03] [Server thread/WARN]: 	at com.comphenix.protocol.injector.netty.ChannelInjector$5.handleScheduled(ChannelInjector.java:352)
[12:29:03] [Server thread/WARN]: 	at com.comphenix.protocol.injector.netty.ChannelInjector$5.onMessageScheduled(ChannelInjector.java:320)
[12:29:03] [Server thread/WARN]: 	at com.comphenix.protocol.injector.netty.ChannelProxy$2.schedulingRunnable(ChannelProxy.java:127)
[12:29:03] [Server thread/WARN]: 	at com.comphenix.protocol.injector.netty.EventLoopProxy.execute(EventLoopProxy.java:95)
[12:29:03] [Server thread/WARN]: 	at net.minecraft.server.v1_12_R1.NetworkManager.a(NetworkManager.java:194)
[12:29:03] [Server thread/WARN]: 	at net.minecraft.server.v1_12_R1.NetworkManager.sendPacket(NetworkManager.java:143)
[12:29:03] [Server thread/WARN]: 	at net.minecraft.server.v1_12_R1.PlayerConnection.sendPacket(PlayerConnection.java:1142)
[12:29:03] [Server thread/WARN]: 	at net.minecraft.server.v1_12_R1.EntityTrackerEntry.broadcast(EntityTrackerEntry.java:292)
[12:29:03] [Server thread/WARN]: 	at net.minecraft.server.v1_12_R1.EntityTrackerEntry.track(EntityTrackerEntry.java:204)
[12:29:03] [Server thread/WARN]: 	at net.minecraft.server.v1_12_R1.EntityTracker.updatePlayers(EntityTracker.java:182)
[12:29:03] [Server thread/WARN]: 	at net.minecraft.server.v1_12_R1.MinecraftServer.D(MinecraftServer.java:834)
[12:29:03] [Server thread/WARN]: 	at net.minecraft.server.v1_12_R1.DedicatedServer.D(DedicatedServer.java:406)
[12:29:03] [Server thread/WARN]: 	at net.minecraft.server.v1_12_R1.MinecraftServer.C(MinecraftServer.java:679)
[12:29:03] [Server thread/WARN]: 	at net.minecraft.server.v1_12_R1.MinecraftServer.run(MinecraftServer.java:577)
[12:29:03] [Server thread/WARN]: 	at java.lang.Thread.run(Thread.java:750)
[12:29:03] [Server thread/ERROR]: [MythicMobs] [31m[EVENTS] Exception thrown whilst handling event: com.comphenix.protocol.events.PacketEvent[37m
[12:29:03] [Server thread/WARN]: java.lang.NoSuchMethodError: com.comphenix.protocol.events.PacketEvent.isPlayerTemporary()Z
[12:29:03] [Server thread/WARN]: 	at io.lumine.xikage.mythicmobs.compatibility.ProtocolLibSupport.lambda$load$0(ProtocolLibSupport.java:26)
[12:29:03] [Server thread/WARN]: 	at io.lumine.xikage.mythicmobs.utils.events.functional.protocol.ProtocolListener.onPacket(ProtocolListener.java:107)
[12:29:03] [Server thread/WARN]: 	at io.lumine.xikage.mythicmobs.utils.events.functional.protocol.ProtocolListener.onPacketSending(ProtocolListener.java:81)
[12:29:03] [Server thread/WARN]: 	at com.comphenix.protocol.injector.SortedPacketListenerList.invokeSendingListener(SortedPacketListenerList.java:195)
[12:29:03] [Server thread/WARN]: 	at com.comphenix.protocol.injector.SortedPacketListenerList.invokePacketSending(SortedPacketListenerList.java:149)
[12:29:03] [Server thread/WARN]: 	at com.comphenix.protocol.injector.PacketFilterManager.handlePacket(PacketFilterManager.java:588)
[12:29:03] [Server thread/WARN]: 	at com.comphenix.protocol.injector.PacketFilterManager.invokePacketSending(PacketFilterManager.java:564)
[12:29:03] [Server thread/WARN]: 	at com.comphenix.protocol.injector.netty.ProtocolInjector.packetQueued(ProtocolInjector.java:338)
[12:29:03] [Server thread/WARN]: 	at com.comphenix.protocol.injector.netty.ProtocolInjector.onPacketSending(ProtocolInjector.java:298)
[12:29:03] [Server thread/WARN]: 	at com.comphenix.protocol.injector.netty.ChannelInjector.processSending(ChannelInjector.java:386)
[12:29:03] [Server thread/WARN]: 	at com.comphenix.protocol.injector.netty.ChannelInjector.access$500(ChannelInjector.java:77)
[12:29:03] [Server thread/WARN]: 	at com.comphenix.protocol.injector.netty.ChannelInjector$5.handleScheduled(ChannelInjector.java:352)
[12:29:03] [Server thread/WARN]: 	at com.comphenix.protocol.injector.netty.ChannelInjector$5.onMessageScheduled(ChannelInjector.java:320)
[12:29:03] [Server thread/WARN]: 	at com.comphenix.protocol.injector.netty.ChannelProxy$2.schedulingRunnable(ChannelProxy.java:127)
[12:29:03] [Server thread/WARN]: 	at com.comphenix.protocol.injector.netty.EventLoopProxy.execute(EventLoopProxy.java:95)
[12:29:03] [Server thread/WARN]: 	at net.minecraft.server.v1_12_R1.NetworkManager.a(NetworkManager.java:194)
[12:29:03] [Server thread/WARN]: 	at net.minecraft.server.v1_12_R1.NetworkManager.sendPacket(NetworkManager.java:143)
[12:29:03] [Server thread/WARN]: 	at net.minecraft.server.v1_12_R1.PlayerConnection.sendPacket(PlayerConnection.java:1142)
[12:29:03] [Server thread/WARN]: 	at net.minecraft.server.v1_12_R1.EntityTrackerEntry.broadcast(EntityTrackerEntry.java:292)
[12:29:03] [Server thread/WARN]: 	at net.minecraft.server.v1_12_R1.EntityTrackerEntry.track(EntityTrackerEntry.java:204)
[12:29:03] [Server thread/WARN]: 	at net.minecraft.server.v1_12_R1.EntityTracker.updatePlayers(EntityTracker.java:182)
[12:29:03] [Server thread/WARN]: 	at net.minecraft.server.v1_12_R1.MinecraftServer.D(MinecraftServer.java:834)
[12:29:03] [Server thread/WARN]: 	at net.minecraft.server.v1_12_R1.DedicatedServer.D(DedicatedServer.java:406)
[12:29:03] [Server thread/WARN]: 	at net.minecraft.server.v1_12_R1.MinecraftServer.C(MinecraftServer.java:679)
[12:29:03] [Server thread/WARN]: 	at net.minecraft.server.v1_12_R1.MinecraftServer.run(MinecraftServer.java:577)
[12:29:03] [Server thread/WARN]: 	at java.lang.Thread.run(Thread.java:750)
[12:29:03] [Server thread/ERROR]: [MythicMobs] [31m[EVENTS] Exception thrown whilst handling event: com.comphenix.protocol.events.PacketEvent[37m
[12:29:03] [Server thread/WARN]: java.lang.NoSuchMethodError: com.comphenix.protocol.events.PacketEvent.isPlayerTemporary()Z
[12:29:03] [Server thread/WARN]: 	at io.lumine.xikage.mythicmobs.compatibility.ProtocolLibSupport.lambda$load$0(ProtocolLibSupport.java:26)
[12:29:03] [Server thread/WARN]: 	at io.lumine.xikage.mythicmobs.utils.events.functional.protocol.ProtocolListener.onPacket(ProtocolListener.java:107)
[12:29:03] [Server thread/WARN]: 	at io.lumine.xikage.mythicmobs.utils.events.functional.protocol.ProtocolListener.onPacketSending(ProtocolListener.java:81)
[12:29:03] [Server thread/WARN]: 	at com.comphenix.protocol.injector.SortedPacketListenerList.invokeSendingListener(SortedPacketListenerList.java:195)
[12:29:03] [Server thread/WARN]: 	at com.comphenix.protocol.injector.SortedPacketListenerList.invokePacketSending(SortedPacketListenerList.java:149)
[12:29:03] [Server thread/WARN]: 	at com.comphenix.protocol.injector.PacketFilterManager.handlePacket(PacketFilterManager.java:588)
[12:29:03] [Server thread/WARN]: 	at com.comphenix.protocol.injector.PacketFilterManager.invokePacketSending(PacketFilterManager.java:564)
[12:29:03] [Server thread/WARN]: 	at com.comphenix.protocol.injector.netty.ProtocolInjector.packetQueued(ProtocolInjector.java:338)
[12:29:03] [Server thread/WARN]: 	at com.comphenix.protocol.injector.netty.ProtocolInjector.onPacketSending(ProtocolInjector.java:298)
[12:29:03] [Server thread/WARN]: 	at com.comphenix.protocol.injector.netty.ChannelInjector.processSending(ChannelInjector.java:386)
[12:29:03] [Server thread/WARN]: 	at com.comphenix.protocol.injector.netty.ChannelInjector.access$500(ChannelInjector.java:77)
[12:29:03] [Server thread/WARN]: 	at com.comphenix.protocol.injector.netty.ChannelInjector$5.handleScheduled(ChannelInjector.java:352)
[12:29:03] [Server thread/WARN]: 	at com.comphenix.protocol.injector.netty.ChannelInjector$5.onMessageScheduled(ChannelInjector.java:320)
[12:29:03] [Server thread/WARN]: 	at com.comphenix.protocol.injector.netty.ChannelProxy$2.schedulingRunnable(ChannelProxy.java:127)
[12:29:03] [Server thread/WARN]: 	at com.comphenix.protocol.injector.netty.EventLoopProxy.execute(EventLoopProxy.java:95)
[12:29:03] [Server thread/WARN]: 	at net.minecraft.server.v1_12_R1.NetworkManager.a(NetworkManager.java:194)
[12:29:03] [Server thread/WARN]: 	at net.minecraft.server.v1_12_R1.NetworkManager.sendPacket(NetworkManager.java:143)
[12:29:03] [Server thread/WARN]: 	at net.minecraft.server.v1_12_R1.PlayerConnection.sendPacket(PlayerConnection.java:1142)
[12:29:03] [Server thread/WARN]: 	at net.minecraft.server.v1_12_R1.EntityTrackerEntry.broadcast(EntityTrackerEntry.java:292)
[12:29:03] [Server thread/WARN]: 	at net.minecraft.server.v1_12_R1.EntityTrackerEntry.track(EntityTrackerEntry.java:204)
[12:29:03] [Server thread/WARN]: 	at net.minecraft.server.v1_12_R1.EntityTracker.updatePlayers(EntityTracker.java:182)
[12:29:03] [Server thread/WARN]: 	at net.minecraft.server.v1_12_R1.MinecraftServer.D(MinecraftServer.java:834)
[12:29:03] [Server thread/WARN]: 	at net.minecraft.server.v1_12_R1.DedicatedServer.D(DedicatedServer.java:406)
[12:29:03] [Server thread/WARN]: 	at net.minecraft.server.v1_12_R1.MinecraftServer.C(MinecraftServer.java:679)
[12:29:03] [Server thread/WARN]: 	at net.minecraft.server.v1_12_R1.MinecraftServer.run(MinecraftServer.java:577)
[12:29:03] [Server thread/WARN]: 	at java.lang.Thread.run(Thread.java:750)
[12:29:03] [Server thread/ERROR]: [MythicMobs] [31m[EVENTS] Exception thrown whilst handling event: com.comphenix.protocol.events.PacketEvent[37m
[12:29:03] [Server thread/WARN]: java.lang.NoSuchMethodError: com.comphenix.protocol.events.PacketEvent.isPlayerTemporary()Z
[12:29:03] [Server thread/WARN]: 	at io.lumine.xikage.mythicmobs.compatibility.ProtocolLibSupport.lambda$load$0(ProtocolLibSupport.java:26)
[12:29:03] [Server thread/WARN]: 	at io.lumine.xikage.mythicmobs.utils.events.functional.protocol.ProtocolListener.onPacket(ProtocolListener.java:107)
[12:29:03] [Server thread/WARN]: 	at io.lumine.xikage.mythicmobs.utils.events.functional.protocol.ProtocolListener.onPacketSending(ProtocolListener.java:81)
[12:29:03] [Server thread/WARN]: 	at com.comphenix.protocol.injector.SortedPacketListenerList.invokeSendingListener(SortedPacketListenerList.java:195)
[12:29:03] [Server thread/WARN]: 	at com.comphenix.protocol.injector.SortedPacketListenerList.invokePacketSending(SortedPacketListenerList.java:149)
[12:29:03] [Server thread/WARN]: 	at com.comphenix.protocol.injector.PacketFilterManager.handlePacket(PacketFilterManager.java:588)
[12:29:03] [Server thread/WARN]: 	at com.comphenix.protocol.injector.PacketFilterManager.invokePacketSending(PacketFilterManager.java:564)
[12:29:03] [Server thread/WARN]: 	at com.comphenix.protocol.injector.netty.ProtocolInjector.packetQueued(ProtocolInjector.java:338)
[12:29:03] [Server thread/WARN]: 	at com.comphenix.protocol.injector.netty.ProtocolInjector.onPacketSending(ProtocolInjector.java:298)
[12:29:03] [Server thread/WARN]: 	at com.comphenix.protocol.injector.netty.ChannelInjector.processSending(ChannelInjector.java:386)
[12:29:03] [Server thread/WARN]: 	at com.comphenix.protocol.injector.netty.ChannelInjector.access$500(ChannelInjector.java:77)
[12:29:03] [Server thread/WARN]: 	at com.comphenix.protocol.injector.netty.ChannelInjector$5.handleScheduled(ChannelInjector.java:352)
[12:29:03] [Server thread/WARN]: 	at com.comphenix.protocol.injector.netty.ChannelInjector$5.onMessageScheduled(ChannelInjector.java:320)
[12:29:03] [Server thread/WARN]: 	at com.comphenix.protocol.injector.netty.ChannelProxy$2.schedulingRunnable(ChannelProxy.java:127)
[12:29:03] [Server thread/WARN]: 	at com.comphenix.protocol.injector.netty.EventLoopProxy.execute(EventLoopProxy.java:95)
[12:29:03] [Server thread/WARN]: 	at net.minecraft.server.v1_12_R1.NetworkManager.a(NetworkManager.java:194)
[12:29:03] [Server thread/WARN]: 	at net.minecraft.server.v1_12_R1.NetworkManager.sendPacket(NetworkManager.java:143)
[12:29:03] [Server thread/WARN]: 	at net.minecraft.server.v1_12_R1.PlayerConnection.sendPacket(PlayerConnection.java:1142)
[12:29:03] [Server thread/WARN]: 	at net.minecraft.server.v1_12_R1.EntityTrackerEntry.broadcast(EntityTrackerEntry.java:292)
[12:29:03] [Server thread/WARN]: 	at net.minecraft.server.v1_12_R1.EntityTrackerEntry.track(EntityTrackerEntry.java:204)
[12:29:03] [Server thread/WARN]: 	at net.minecraft.server.v1_12_R1.EntityTracker.updatePlayers(EntityTracker.java:182)
[12:29:03] [Server thread/WARN]: 	at net.minecraft.server.v1_12_R1.MinecraftServer.D(MinecraftServer.java:834)
[12:29:03] [Server thread/WARN]: 	at net.minecraft.server.v1_12_R1.DedicatedServer.D(DedicatedServer.java:406)
[12:29:03] [Server thread/WARN]: 	at net.minecraft.server.v1_12_R1.MinecraftServer.C(MinecraftServer.java:679)
[12:29:03] [Server thread/WARN]: 	at net.minecraft.server.v1_12_R1.MinecraftServer.run(MinecraftServer.java:577)
[12:29:03] [Server thread/WARN]: 	at java.lang.Thread.run(Thread.java:750)
[12:29:04] [Server thread/ERROR]: [MythicMobs] [31m[EVENTS] Exception thrown whilst handling event: com.comphenix.protocol.events.PacketEvent[37m
[12:29:04] [Server thread/WARN]: java.lang.NoSuchMethodError: com.comphenix.protocol.events.PacketEvent.isPlayerTemporary()Z
[12:29:04] [Server thread/WARN]: 	at io.lumine.xikage.mythicmobs.compatibility.ProtocolLibSupport.lambda$load$0(ProtocolLibSupport.java:26)
[12:29:04] [Server thread/WARN]: 	at io.lumine.xikage.mythicmobs.utils.events.functional.protocol.ProtocolListener.onPacket(ProtocolListener.java:107)
[12:29:04] [Server thread/WARN]: 	at io.lumine.xikage.mythicmobs.utils.events.functional.protocol.ProtocolListener.onPacketSending(ProtocolListener.java:81)
[12:29:04] [Server thread/WARN]: 	at com.comphenix.protocol.injector.SortedPacketListenerList.invokeSendingListener(SortedPacketListenerList.java:195)
[12:29:04] [Server thread/WARN]: 	at com.comphenix.protocol.injector.SortedPacketListenerList.invokePacketSending(SortedPacketListenerList.java:149)
[12:29:04] [Server thread/WARN]: 	at com.comphenix.protocol.injector.PacketFilterManager.handlePacket(PacketFilterManager.java:588)
[12:29:04] [Server thread/WARN]: 	at com.comphenix.protocol.injector.PacketFilterManager.invokePacketSending(PacketFilterManager.java:564)
[12:29:04] [Server thread/WARN]: 	at com.comphenix.protocol.injector.netty.ProtocolInjector.packetQueued(ProtocolInjector.java:338)
[12:29:04] [Server thread/WARN]: 	at com.comphenix.protocol.injector.netty.ProtocolInjector.onPacketSending(ProtocolInjector.java:298)
[12:29:04] [Server thread/WARN]: 	at com.comphenix.protocol.injector.netty.ChannelInjector.processSending(ChannelInjector.java:386)
[12:29:04] [Server thread/WARN]: 	at com.comphenix.protocol.injector.netty.ChannelInjector.access$500(ChannelInjector.java:77)
[12:29:04] [Server thread/WARN]: 	at com.comphenix.protocol.injector.netty.ChannelInjector$5.handleScheduled(ChannelInjector.java:352)
[12:29:04] [Server thread/WARN]: 	at com.comphenix.protocol.injector.netty.ChannelInjector$5.onMessageScheduled(ChannelInjector.java:320)
[12:29:04] [Server thread/WARN]: 	at com.comphenix.protocol.injector.netty.ChannelProxy$2.schedulingRunnable(ChannelProxy.java:127)
[12:29:04] [Server thread/WARN]: 	at com.comphenix.protocol.injector.netty.EventLoopProxy.execute(EventLoopProxy.java:95)
[12:29:04] [Server thread/WARN]: 	at net.minecraft.server.v1_12_R1.NetworkManager.a(NetworkManager.java:194)
[12:29:04] [Server thread/WARN]: 	at net.minecraft.server.v1_12_R1.NetworkManager.sendPacket(NetworkManager.java:143)
[12:29:04] [Server thread/WARN]: 	at net.minecraft.server.v1_12_R1.PlayerConnection.sendPacket(PlayerConnection.java:1142)
[12:29:04] [Server thread/WARN]: 	at net.minecraft.server.v1_12_R1.EntityTrackerEntry.broadcast(EntityTrackerEntry.java:292)
[12:29:04] [Server thread/WARN]: 	at net.minecraft.server.v1_12_R1.EntityTrackerEntry.track(EntityTrackerEntry.java:204)
[12:29:04] [Server thread/WARN]: 	at net.minecraft.server.v1_12_R1.EntityTracker.updatePlayers(EntityTracker.java:182)
[12:29:04] [Server thread/WARN]: 	at net.minecraft.server.v1_12_R1.MinecraftServer.D(MinecraftServer.java:834)
[12:29:04] [Server thread/WARN]: 	at net.minecraft.server.v1_12_R1.DedicatedServer.D(DedicatedServer.java:406)
[12:29:04] [Server thread/WARN]: 	at net.minecraft.server.v1_12_R1.MinecraftServer.C(MinecraftServer.java:679)
[12:29:04] [Server thread/WARN]: 	at net.minecraft.server.v1_12_R1.MinecraftServer.run(MinecraftServer.java:577)
[12:29:04] [Server thread/WARN]: 	at java.lang.Thread.run(Thread.java:750)
[12:29:04] [Server thread/ERROR]: [MythicMobs] [31m[EVENTS] Exception thrown whilst handling event: com.comphenix.protocol.events.PacketEvent[37m
[12:29:04] [Server thread/WARN]: java.lang.NoSuchMethodError: com.comphenix.protocol.events.PacketEvent.isPlayerTemporary()Z
[12:29:04] [Server thread/WARN]: 	at io.lumine.xikage.mythicmobs.compatibility.ProtocolLibSupport.lambda$load$0(ProtocolLibSupport.java:26)
[12:29:04] [Server thread/WARN]: 	at io.lumine.xikage.mythicmobs.utils.events.functional.protocol.ProtocolListener.onPacket(ProtocolListener.java:107)
[12:29:04] [Server thread/WARN]: 	at io.lumine.xikage.mythicmobs.utils.events.functional.protocol.ProtocolListener.onPacketSending(ProtocolListener.java:81)
[12:29:04] [Server thread/WARN]: 	at com.comphenix.protocol.injector.SortedPacketListenerList.invokeSendingListener(SortedPacketListenerList.java:195)
[12:29:04] [Server thread/WARN]: 	at com.comphenix.protocol.injector.SortedPacketListenerList.invokePacketSending(SortedPacketListenerList.java:149)
[12:29:04] [Server thread/WARN]: 	at com.comphenix.protocol.injector.PacketFilterManager.handlePacket(PacketFilterManager.java:588)
[12:29:04] [Server thread/WARN]: 	at com.comphenix.protocol.injector.PacketFilterManager.invokePacketSending(PacketFilterManager.java:564)
[12:29:04] [Server thread/WARN]: 	at com.comphenix.protocol.injector.netty.ProtocolInjector.packetQueued(ProtocolInjector.java:338)
[12:29:04] [Server thread/WARN]: 	at com.comphenix.protocol.injector.netty.ProtocolInjector.onPacketSending(ProtocolInjector.java:298)
[12:29:04] [Server thread/WARN]: 	at com.comphenix.protocol.injector.netty.ChannelInjector.processSending(ChannelInjector.java:386)
[12:29:04] [Server thread/WARN]: 	at com.comphenix.protocol.injector.netty.ChannelInjector.access$500(ChannelInjector.java:77)
[12:29:04] [Server thread/WARN]: 	at com.comphenix.protocol.injector.netty.ChannelInjector$5.handleScheduled(ChannelInjector.java:352)
[12:29:04] [Server thread/WARN]: 	at com.comphenix.protocol.injector.netty.ChannelInjector$5.onMessageScheduled(ChannelInjector.java:320)
[12:29:04] [Server thread/WARN]: 	at com.comphenix.protocol.injector.netty.ChannelProxy$2.schedulingRunnable(ChannelProxy.java:127)
[12:29:04] [Server thread/WARN]: 	at com.comphenix.protocol.injector.netty.EventLoopProxy.execute(EventLoopProxy.java:95)
[12:29:04] [Server thread/WARN]: 	at net.minecraft.server.v1_12_R1.NetworkManager.a(NetworkManager.java:194)
[12:29:04] [Server thread/WARN]: 	at net.minecraft.server.v1_12_R1.NetworkManager.sendPacket(NetworkManager.java:143)
[12:29:04] [Server thread/WARN]: 	at net.minecraft.server.v1_12_R1.PlayerConnection.sendPacket(PlayerConnection.java:1142)
[12:29:04] [Server thread/WARN]: 	at net.minecraft.server.v1_12_R1.EntityTrackerEntry.broadcast(EntityTrackerEntry.java:292)
[12:29:04] [Server thread/WARN]: 	at net.minecraft.server.v1_12_R1.EntityTrackerEntry.track(EntityTrackerEntry.java:204)
[12:29:04] [Server thread/WARN]: 	at net.minecraft.server.v1_12_R1.EntityTracker.updatePlayers(EntityTracker.java:182)
[12:29:04] [Server thread/WARN]: 	at net.minecraft.server.v1_12_R1.MinecraftServer.D(MinecraftServer.java:834)
[12:29:04] [Server thread/WARN]: 	at net.minecraft.server.v1_12_R1.DedicatedServer.D(DedicatedServer.java:406)
[12:29:04] [Server thread/WARN]: 	at net.minecraft.server.v1_12_R1.MinecraftServer.C(MinecraftServer.java:679)
[12:29:04] [Server thread/WARN]: 	at net.minecraft.server.v1_12_R1.MinecraftServer.run(MinecraftServer.java:577)
[12:29:04] [Server thread/WARN]: 	at java.lang.Thread.run(Thread.java:750)
[12:29:04] [Server thread/ERROR]: [MythicMobs] [31m[EVENTS] Exception thrown whilst handling event: com.comphenix.protocol.events.PacketEvent[37m
[12:29:04] [Server thread/WARN]: java.lang.NoSuchMethodError: com.comphenix.protocol.events.PacketEvent.isPlayerTemporary()Z
[12:29:04] [Server thread/WARN]: 	at io.lumine.xikage.mythicmobs.compatibility.ProtocolLibSupport.lambda$load$0(ProtocolLibSupport.java:26)
[12:29:04] [Server thread/WARN]: 	at io.lumine.xikage.mythicmobs.utils.events.functional.protocol.ProtocolListener.onPacket(ProtocolListener.java:107)
[12:29:04] [Server thread/WARN]: 	at io.lumine.xikage.mythicmobs.utils.events.functional.protocol.ProtocolListener.onPacketSending(ProtocolListener.java:81)
[12:29:04] [Server thread/WARN]: 	at com.comphenix.protocol.injector.SortedPacketListenerList.invokeSendingListener(SortedPacketListenerList.java:195)
[12:29:04] [Server thread/WARN]: 	at com.comphenix.protocol.injector.SortedPacketListenerList.invokePacketSending(SortedPacketListenerList.java:149)
[12:29:04] [Server thread/WARN]: 	at com.comphenix.protocol.injector.PacketFilterManager.handlePacket(PacketFilterManager.java:588)
[12:29:04] [Server thread/WARN]: 	at com.comphenix.protocol.injector.PacketFilterManager.invokePacketSending(PacketFilterManager.java:564)
[12:29:04] [Server thread/WARN]: 	at com.comphenix.protocol.injector.netty.ProtocolInjector.packetQueued(ProtocolInjector.java:338)
[12:29:04] [Server thread/WARN]: 	at com.comphenix.protocol.injector.netty.ProtocolInjector.onPacketSending(ProtocolInjector.java:298)
[12:29:04] [Server thread/WARN]: 	at com.comphenix.protocol.injector.netty.ChannelInjector.processSending(ChannelInjector.java:386)
[12:29:04] [Server thread/WARN]: 	at com.comphenix.protocol.injector.netty.ChannelInjector.access$500(ChannelInjector.java:77)
[12:29:04] [Server thread/WARN]: 	at com.comphenix.protocol.injector.netty.ChannelInjector$5.handleScheduled(ChannelInjector.java:352)
[12:29:04] [Server thread/WARN]: 	at com.comphenix.protocol.injector.netty.ChannelInjector$5.onMessageScheduled(ChannelInjector.java:320)
[12:29:04] [Server thread/WARN]: 	at com.comphenix.protocol.injector.netty.ChannelProxy$2.schedulingRunnable(ChannelProxy.java:127)
[12:29:04] [Server thread/WARN]: 	at com.comphenix.protocol.injector.netty.EventLoopProxy.execute(EventLoopProxy.java:95)
[12:29:04] [Server thread/WARN]: 	at net.minecraft.server.v1_12_R1.NetworkManager.a(NetworkManager.java:194)
[12:29:04] [Server thread/WARN]: 	at net.minecraft.server.v1_12_R1.NetworkManager.sendPacket(NetworkManager.java:143)
[12:29:04] [Server thread/WARN]: 	at net.minecraft.server.v1_12_R1.PlayerConnection.sendPacket(PlayerConnection.java:1142)
[12:29:04] [Server thread/WARN]: 	at net.minecraft.server.v1_12_R1.EntityTrackerEntry.broadcast(EntityTrackerEntry.java:292)
[12:29:04] [Server thread/WARN]: 	at net.minecraft.server.v1_12_R1.EntityTrackerEntry.track(EntityTrackerEntry.java:204)
[12:29:04] [Server thread/WARN]: 	at net.minecraft.server.v1_12_R1.EntityTracker.updatePlayers(EntityTracker.java:182)
[12:29:04] [Server thread/WARN]: 	at net.minecraft.server.v1_12_R1.MinecraftServer.D(MinecraftServer.java:834)
[12:29:04] [Server thread/WARN]: 	at net.minecraft.server.v1_12_R1.DedicatedServer.D(DedicatedServer.java:406)
[12:29:04] [Server thread/WARN]: 	at net.minecraft.server.v1_12_R1.MinecraftServer.C(MinecraftServer.java:679)
[12:29:04] [Server thread/WARN]: 	at net.minecraft.server.v1_12_R1.MinecraftServer.run(MinecraftServer.java:577)
[12:29:04] [Server thread/WARN]: 	at java.lang.Thread.run(Thread.java:750)
[12:29:04] [Server thread/ERROR]: [MythicMobs] [31m[EVENTS] Exception thrown whilst handling event: com.comphenix.protocol.events.PacketEvent[37m
[12:29:04] [Server thread/WARN]: java.lang.NoSuchMethodError: com.comphenix.protocol.events.PacketEvent.isPlayerTemporary()Z
[12:29:04] [Server thread/WARN]: 	at io.lumine.xikage.mythicmobs.compatibility.ProtocolLibSupport.lambda$load$0(ProtocolLibSupport.java:26)
[12:29:04] [Server thread/WARN]: 	at io.lumine.xikage.mythicmobs.utils.events.functional.protocol.ProtocolListener.onPacket(ProtocolListener.java:107)
[12:29:04] [Server thread/WARN]: 	at io.lumine.xikage.mythicmobs.utils.events.functional.protocol.ProtocolListener.onPacketSending(ProtocolListener.java:81)
[12:29:04] [Server thread/WARN]: 	at com.comphenix.protocol.injector.SortedPacketListenerList.invokeSendingListener(SortedPacketListenerList.java:195)
[12:29:04] [Server thread/WARN]: 	at com.comphenix.protocol.injector.SortedPacketListenerList.invokePacketSending(SortedPacketListenerList.java:149)
[12:29:04] [Server thread/WARN]: 	at com.comphenix.protocol.injector.PacketFilterManager.handlePacket(PacketFilterManager.java:588)
[12:29:04] [Server thread/WARN]: 	at com.comphenix.protocol.injector.PacketFilterManager.invokePacketSending(PacketFilterManager.java:564)
[12:29:04] [Server thread/WARN]: 	at com.comphenix.protocol.injector.netty.ProtocolInjector.packetQueued(ProtocolInjector.java:338)
[12:29:04] [Server thread/WARN]: 	at com.comphenix.protocol.injector.netty.ProtocolInjector.onPacketSending(ProtocolInjector.java:298)
[12:29:04] [Server thread/WARN]: 	at com.comphenix.protocol.injector.netty.ChannelInjector.processSending(ChannelInjector.java:386)
[12:29:04] [Server thread/WARN]: 	at com.comphenix.protocol.injector.netty.ChannelInjector.access$500(ChannelInjector.java:77)
[12:29:04] [Server thread/WARN]: 	at com.comphenix.protocol.injector.netty.ChannelInjector$5.handleScheduled(ChannelInjector.java:352)
[12:29:04] [Server thread/WARN]: 	at com.comphenix.protocol.injector.netty.ChannelInjector$5.onMessageScheduled(ChannelInjector.java:320)
[12:29:04] [Server thread/WARN]: 	at com.comphenix.protocol.injector.netty.ChannelProxy$2.schedulingRunnable(ChannelProxy.java:127)
[12:29:04] [Server thread/WARN]: 	at com.comphenix.protocol.injector.netty.EventLoopProxy.execute(EventLoopProxy.java:95)
[12:29:04] [Server thread/WARN]: 	at net.minecraft.server.v1_12_R1.NetworkManager.a(NetworkManager.java:194)
[12:29:04] [Server thread/WARN]: 	at net.minecraft.server.v1_12_R1.NetworkManager.sendPacket(NetworkManager.java:143)
[12:29:04] [Server thread/WARN]: 	at net.minecraft.server.v1_12_R1.PlayerConnection.sendPacket(PlayerConnection.java:1142)
[12:29:04] [Server thread/WARN]: 	at net.minecraft.server.v1_12_R1.EntityTrackerEntry.broadcast(EntityTrackerEntry.java:292)
[12:29:04] [Server thread/WARN]: 	at net.minecraft.server.v1_12_R1.EntityTrackerEntry.track(EntityTrackerEntry.java:204)
[12:29:04] [Server thread/WARN]: 	at net.minecraft.server.v1_12_R1.EntityTracker.updatePlayers(EntityTracker.java:182)
[12:29:04] [Server thread/WARN]: 	at net.minecraft.server.v1_12_R1.MinecraftServer.D(MinecraftServer.java:834)
[12:29:04] [Server thread/WARN]: 	at net.minecraft.server.v1_12_R1.DedicatedServer.D(DedicatedServer.java:406)
[12:29:04] [Server thread/WARN]: 	at net.minecraft.server.v1_12_R1.MinecraftServer.C(MinecraftServer.java:679)
[12:29:04] [Server thread/WARN]: 	at net.minecraft.server.v1_12_R1.MinecraftServer.run(MinecraftServer.java:577)
[12:29:04] [Server thread/WARN]: 	at java.lang.Thread.run(Thread.java:750)
[12:29:04] [Server thread/ERROR]: [MythicMobs] [31m[EVENTS] Exception thrown whilst handling event: com.comphenix.protocol.events.PacketEvent[37m
[12:29:04] [Server thread/WARN]: java.lang.NoSuchMethodError: com.comphenix.protocol.events.PacketEvent.isPlayerTemporary()Z
[12:29:04] [Server thread/WARN]: 	at io.lumine.xikage.mythicmobs.compatibility.ProtocolLibSupport.lambda$load$0(ProtocolLibSupport.java:26)
[12:29:04] [Server thread/WARN]: 	at io.lumine.xikage.mythicmobs.utils.events.functional.protocol.ProtocolListener.onPacket(ProtocolListener.java:107)
[12:29:04] [Server thread/WARN]: 	at io.lumine.xikage.mythicmobs.utils.events.functional.protocol.ProtocolListener.onPacketSending(ProtocolListener.java:81)
[12:29:04] [Server thread/WARN]: 	at com.comphenix.protocol.injector.SortedPacketListenerList.invokeSendingListener(SortedPacketListenerList.java:195)
[12:29:04] [Server thread/WARN]: 	at com.comphenix.protocol.injector.SortedPacketListenerList.invokePacketSending(SortedPacketListenerList.java:149)
[12:29:04] [Server thread/WARN]: 	at com.comphenix.protocol.injector.PacketFilterManager.handlePacket(PacketFilterManager.java:588)
[12:29:04] [Server thread/WARN]: 	at com.comphenix.protocol.injector.PacketFilterManager.invokePacketSending(PacketFilterManager.java:564)
[12:29:04] [Server thread/WARN]: 	at com.comphenix.protocol.injector.netty.ProtocolInjector.packetQueued(ProtocolInjector.java:338)
[12:29:04] [Server thread/WARN]: 	at com.comphenix.protocol.injector.netty.ProtocolInjector.onPacketSending(ProtocolInjector.java:298)
[12:29:04] [Server thread/WARN]: 	at com.comphenix.protocol.injector.netty.ChannelInjector.processSending(ChannelInjector.java:386)
[12:29:04] [Server thread/WARN]: 	at com.comphenix.protocol.injector.netty.ChannelInjector.access$500(ChannelInjector.java:77)
[12:29:04] [Server thread/WARN]: 	at com.comphenix.protocol.injector.netty.ChannelInjector$5.handleScheduled(ChannelInjector.java:352)
[12:29:04] [Server thread/WARN]: 	at com.comphenix.protocol.injector.netty.ChannelInjector$5.onMessageScheduled(ChannelInjector.java:320)
[12:29:04] [Server thread/WARN]: 	at com.comphenix.protocol.injector.netty.ChannelProxy$2.schedulingRunnable(ChannelProxy.java:127)
[12:29:04] [Server thread/WARN]: 	at com.comphenix.protocol.injector.netty.EventLoopProxy.execute(EventLoopProxy.java:95)
[12:29:04] [Server thread/WARN]: 	at net.minecraft.server.v1_12_R1.NetworkManager.a(NetworkManager.java:194)
[12:29:04] [Server thread/WARN]: 	at net.minecraft.server.v1_12_R1.NetworkManager.sendPacket(NetworkManager.java:143)
[12:29:04] [Server thread/WARN]: 	at net.minecraft.server.v1_12_R1.PlayerConnection.sendPacket(PlayerConnection.java:1142)
[12:29:04] [Server thread/WARN]: 	at net.minecraft.server.v1_12_R1.EntityTrackerEntry.broadcast(EntityTrackerEntry.java:292)
[12:29:04] [Server thread/WARN]: 	at net.minecraft.server.v1_12_R1.EntityTrackerEntry.track(EntityTrackerEntry.java:204)
[12:29:04] [Server thread/WARN]: 	at net.minecraft.server.v1_12_R1.EntityTracker.updatePlayers(EntityTracker.java:182)
[12:29:04] [Server thread/WARN]: 	at net.minecraft.server.v1_12_R1.MinecraftServer.D(MinecraftServer.java:834)
[12:29:04] [Server thread/WARN]: 	at net.minecraft.server.v1_12_R1.DedicatedServer.D(DedicatedServer.java:406)
[12:29:04] [Server thread/WARN]: 	at net.minecraft.server.v1_12_R1.MinecraftServer.C(MinecraftServer.java:679)
[12:29:04] [Server thread/WARN]: 	at net.minecraft.server.v1_12_R1.MinecraftServer.run(MinecraftServer.java:577)
[12:29:04] [Server thread/WARN]: 	at java.lang.Thread.run(Thread.java:750)
[12:29:04] [Server thread/ERROR]: [MythicMobs] [31m[EVENTS] Exception thrown whilst handling event: com.comphenix.protocol.events.PacketEvent[37m
[12:29:04] [Server thread/WARN]: java.lang.NoSuchMethodError: com.comphenix.protocol.events.PacketEvent.isPlayerTemporary()Z
[12:29:04] [Server thread/WARN]: 	at io.lumine.xikage.mythicmobs.compatibility.ProtocolLibSupport.lambda$load$0(ProtocolLibSupport.java:26)
[12:29:04] [Server thread/WARN]: 	at io.lumine.xikage.mythicmobs.utils.events.functional.protocol.ProtocolListener.onPacket(ProtocolListener.java:107)
[12:29:04] [Server thread/WARN]: 	at io.lumine.xikage.mythicmobs.utils.events.functional.protocol.ProtocolListener.onPacketSending(ProtocolListener.java:81)
[12:29:04] [Server thread/WARN]: 	at com.comphenix.protocol.injector.SortedPacketListenerList.invokeSendingListener(SortedPacketListenerList.java:195)
[12:29:04] [Server thread/WARN]: 	at com.comphenix.protocol.injector.SortedPacketListenerList.invokePacketSending(SortedPacketListenerList.java:149)
[12:29:04] [Server thread/WARN]: 	at com.comphenix.protocol.injector.PacketFilterManager.handlePacket(PacketFilterManager.java:588)
[12:29:04] [Server thread/WARN]: 	at com.comphenix.protocol.injector.PacketFilterManager.invokePacketSending(PacketFilterManager.java:564)
[12:29:04] [Server thread/WARN]: 	at com.comphenix.protocol.injector.netty.ProtocolInjector.packetQueued(ProtocolInjector.java:338)
[12:29:04] [Server thread/WARN]: 	at com.comphenix.protocol.injector.netty.ProtocolInjector.onPacketSending(ProtocolInjector.java:298)
[12:29:04] [Server thread/WARN]: 	at com.comphenix.protocol.injector.netty.ChannelInjector.processSending(ChannelInjector.java:386)
[12:29:04] [Server thread/WARN]: 	at com.comphenix.protocol.injector.netty.ChannelInjector.access$500(ChannelInjector.java:77)
[12:29:04] [Server thread/WARN]: 	at com.comphenix.protocol.injector.netty.ChannelInjector$5.handleScheduled(ChannelInjector.java:352)
[12:29:04] [Server thread/WARN]: 	at com.comphenix.protocol.injector.netty.ChannelInjector$5.onMessageScheduled(ChannelInjector.java:320)
[12:29:04] [Server thread/WARN]: 	at com.comphenix.protocol.injector.netty.ChannelProxy$2.schedulingRunnable(ChannelProxy.java:127)
[12:29:04] [Server thread/WARN]: 	at com.comphenix.protocol.injector.netty.EventLoopProxy.execute(EventLoopProxy.java:95)
[12:29:04] [Server thread/WARN]: 	at net.minecraft.server.v1_12_R1.NetworkManager.a(NetworkManager.java:194)
[12:29:04] [Server thread/WARN]: 	at net.minecraft.server.v1_12_R1.NetworkManager.sendPacket(NetworkManager.java:143)
[12:29:04] [Server thread/WARN]: 	at net.minecraft.server.v1_12_R1.PlayerConnection.sendPacket(PlayerConnection.java:1142)
[12:29:04] [Server thread/WARN]: 	at net.minecraft.server.v1_12_R1.EntityTrackerEntry.broadcast(EntityTrackerEntry.java:292)
[12:29:04] [Server thread/WARN]: 	at net.minecraft.server.v1_12_R1.EntityTrackerEntry.track(EntityTrackerEntry.java:204)
[12:29:04] [Server thread/WARN]: 	at net.minecraft.server.v1_12_R1.EntityTracker.updatePlayers(EntityTracker.java:182)
[12:29:04] [Server thread/WARN]: 	at net.minecraft.server.v1_12_R1.MinecraftServer.D(MinecraftServer.java:834)
[12:29:04] [Server thread/WARN]: 	at net.minecraft.server.v1_12_R1.DedicatedServer.D(DedicatedServer.java:406)
[12:29:04] [Server thread/WARN]: 	at net.minecraft.server.v1_12_R1.MinecraftServer.C(MinecraftServer.java:679)
[12:29:04] [Server thread/WARN]: 	at net.minecraft.server.v1_12_R1.MinecraftServer.run(MinecraftServer.java:577)
[12:29:04] [Server thread/WARN]: 	at java.lang.Thread.run(Thread.java:750)
[12:29:05] [Server thread/ERROR]: [MythicMobs] [31m[EVENTS] Exception thrown whilst handling event: com.comphenix.protocol.events.PacketEvent[37m
[12:29:05] [Server thread/WARN]: java.lang.NoSuchMethodError: com.comphenix.protocol.events.PacketEvent.isPlayerTemporary()Z
[12:29:05] [Server thread/WARN]: 	at io.lumine.xikage.mythicmobs.compatibility.ProtocolLibSupport.lambda$load$0(ProtocolLibSupport.java:26)
[12:29:05] [Server thread/WARN]: 	at io.lumine.xikage.mythicmobs.utils.events.functional.protocol.ProtocolListener.onPacket(ProtocolListener.java:107)
[12:29:05] [Server thread/WARN]: 	at io.lumine.xikage.mythicmobs.utils.events.functional.protocol.ProtocolListener.onPacketSending(ProtocolListener.java:81)
[12:29:05] [Server thread/WARN]: 	at com.comphenix.protocol.injector.SortedPacketListenerList.invokeSendingListener(SortedPacketListenerList.java:195)
[12:29:05] [Server thread/WARN]: 	at com.comphenix.protocol.injector.SortedPacketListenerList.invokePacketSending(SortedPacketListenerList.java:149)
[12:29:05] [Server thread/WARN]: 	at com.comphenix.protocol.injector.PacketFilterManager.handlePacket(PacketFilterManager.java:588)
[12:29:05] [Server thread/WARN]: 	at com.comphenix.protocol.injector.PacketFilterManager.invokePacketSending(PacketFilterManager.java:564)
[12:29:05] [Server thread/WARN]: 	at com.comphenix.protocol.injector.netty.ProtocolInjector.packetQueued(ProtocolInjector.java:338)
[12:29:05] [Server thread/WARN]: 	at com.comphenix.protocol.injector.netty.ProtocolInjector.onPacketSending(ProtocolInjector.java:298)
[12:29:05] [Server thread/WARN]: 	at com.comphenix.protocol.injector.netty.ChannelInjector.processSending(ChannelInjector.java:386)
[12:29:05] [Server thread/WARN]: 	at com.comphenix.protocol.injector.netty.ChannelInjector.access$500(ChannelInjector.java:77)
[12:29:05] [Server thread/WARN]: 	at com.comphenix.protocol.injector.netty.ChannelInjector$5.handleScheduled(ChannelInjector.java:352)
[12:29:05] [Server thread/WARN]: 	at com.comphenix.protocol.injector.netty.ChannelInjector$5.onMessageScheduled(ChannelInjector.java:320)
[12:29:05] [Server thread/WARN]: 	at com.comphenix.protocol.injector.netty.ChannelProxy$2.schedulingRunnable(ChannelProxy.java:127)
[12:29:05] [Server thread/WARN]: 	at com.comphenix.protocol.injector.netty.EventLoopProxy.execute(EventLoopProxy.java:95)
[12:29:05] [Server thread/WARN]: 	at net.minecraft.server.v1_12_R1.NetworkManager.a(NetworkManager.java:194)
[12:29:05] [Server thread/WARN]: 	at net.minecraft.server.v1_12_R1.NetworkManager.sendPacket(NetworkManager.java:143)
[12:29:05] [Server thread/WARN]: 	at net.minecraft.server.v1_12_R1.PlayerConnection.sendPacket(PlayerConnection.java:1142)
[12:29:05] [Server thread/WARN]: 	at net.minecraft.server.v1_12_R1.EntityTrackerEntry.broadcast(EntityTrackerEntry.java:292)
[12:29:05] [Server thread/WARN]: 	at net.minecraft.server.v1_12_R1.EntityTrackerEntry.track(EntityTrackerEntry.java:204)
[12:29:05] [Server thread/WARN]: 	at net.minecraft.server.v1_12_R1.EntityTracker.updatePlayers(EntityTracker.java:182)
[12:29:05] [Server thread/WARN]: 	at net.minecraft.server.v1_12_R1.MinecraftServer.D(MinecraftServer.java:834)
[12:29:05] [Server thread/WARN]: 	at net.minecraft.server.v1_12_R1.DedicatedServer.D(DedicatedServer.java:406)
[12:29:05] [Server thread/WARN]: 	at net.minecraft.server.v1_12_R1.MinecraftServer.C(MinecraftServer.java:679)
[12:29:05] [Server thread/WARN]: 	at net.minecraft.server.v1_12_R1.MinecraftServer.run(MinecraftServer.java:577)
[12:29:05] [Server thread/WARN]: 	at java.lang.Thread.run(Thread.java:750)
[12:29:05] [Server thread/INFO]: qwqee lost connection: Disconnected
[12:29:05] [Server thread/INFO]: qwqee left the game
[12:29:07] [Server thread/INFO]: [0;31;22m[RichAutoMessage] [0;37;1m<ƒ¨»œœ˚œ¢> 'RichAutoMessage' µƒ‘≠¥¥◊˜’ﬂ «Blockhaus2000 [m
[12:29:11] [User Authenticator #4/INFO]: UUID of player domode is 2d47e9db-d5e3-378a-afab-556e0976a5d0
[12:29:11] [Server thread/INFO]: Creating player tables
[12:29:11] [Server thread/INFO]: domode[/192.168.200.172:1766] logged in with entity id 745 at ([world]-112.5, 67.0, 247.5)
[12:29:11] [pool-11-thread-1/INFO]: ¥¥Ω®ø’µƒ≈‰÷√:E:\MinecraftSever\1.12.2_Spigot_¥ø≤Âº˛\plugins\Essentials\userdata\2d47e9db-d5e3-378a-afab-556e0976a5d0.yml
[12:29:11] [Server thread/INFO]: domode has made the advancement [Getting an Upgrade]
[12:29:14] [Server thread/INFO]: domode lost connection: Disconnected
[12:29:14] [Server thread/INFO]: domode left the game
[12:29:20] [User Authenticator #5/INFO]: Disconnecting com.mojang.authlib.GameProfile@5e288dfa[id=e6ec842e-d1f2-35a3-b0d6-6bccbb117605,name=Folded_J,properties={},legacy=false] (/192.168.200.172:1813): °Ïbƒ˙‘⁄∂Ã ±º‰ƒ⁄µ«¬º¡ÀÃ´∂‡–°∫≈£¨∫»±≠≤Ë–›œ¢∆¨øÃ∞…£¨«Î…‘∫Û‘Ÿ ‘°£
[12:29:20] [Server thread/INFO]: com.mojang.authlib.GameProfile@5e288dfa[id=e6ec842e-d1f2-35a3-b0d6-6bccbb117605,name=Folded_J,properties={},legacy=false] (/192.168.200.172:1813) lost connection: °Ïbƒ˙‘⁄∂Ã ±º‰ƒ⁄µ«¬º¡ÀÃ´∂‡–°∫≈£¨∫»±≠≤Ë–›œ¢∆¨øÃ∞…£¨«Î…‘∫Û‘Ÿ ‘°£
[12:29:38] [User Authenticator #6/INFO]: Disconnecting com.mojang.authlib.GameProfile@21061f6c[id=e6ec842e-d1f2-35a3-b0d6-6bccbb117605,name=Folded_J,properties={},legacy=false] (/192.168.200.172:1902): °Ïbƒ˙‘⁄∂Ã ±º‰ƒ⁄µ«¬º¡ÀÃ´∂‡–°∫≈£¨∫»±≠≤Ë–›œ¢∆¨øÃ∞…£¨«Î…‘∫Û‘Ÿ ‘°£
[12:29:38] [Server thread/INFO]: com.mojang.authlib.GameProfile@21061f6c[id=e6ec842e-d1f2-35a3-b0d6-6bccbb117605,name=Folded_J,properties={},legacy=false] (/192.168.200.172:1902) lost connection: °Ïbƒ˙‘⁄∂Ã ±º‰ƒ⁄µ«¬º¡ÀÃ´∂‡–°∫≈£¨∫»±≠≤Ë–›œ¢∆¨øÃ∞…£¨«Î…‘∫Û‘Ÿ ‘°£
[12:29:44] [User Authenticator #7/INFO]: Disconnecting com.mojang.authlib.GameProfile@4d5b1c7f[id=39104da3-207c-3b69-a7d8-cfcc8e8a3307,name=Genshin,properties={},legacy=false] (/192.168.200.172:1923): °Ïbƒ˙‘⁄∂Ã ±º‰ƒ⁄µ«¬º¡ÀÃ´∂‡–°∫≈£¨∫»±≠≤Ë–›œ¢∆¨øÃ∞…£¨«Î…‘∫Û‘Ÿ ‘°£
[12:29:44] [Server thread/INFO]: com.mojang.authlib.GameProfile@4d5b1c7f[id=39104da3-207c-3b69-a7d8-cfcc8e8a3307,name=Genshin,properties={},legacy=false] (/192.168.200.172:1923) lost connection: °Ïbƒ˙‘⁄∂Ã ±º‰ƒ⁄µ«¬º¡ÀÃ´∂‡–°∫≈£¨∫»±≠≤Ë–›œ¢∆¨øÃ∞…£¨«Î…‘∫Û‘Ÿ ‘°£
[12:29:53] [Server thread/INFO]: Stopping the server
[12:29:53] [Server thread/INFO]: Stopping server
[12:29:53] [Server thread/INFO]: [DragonCore] Disabling DragonCore v2.6.2.9
[12:29:53] [Server thread/INFO]: [MythicMobsExtension] Disabling MythicMobsExtension v1.738c-SNAPSHOT
[12:29:53] [Server thread/INFO]: [AttributePlus] Disabling AttributePlus v3.3.2.7
[12:29:53] [Server thread/INFO]: [MythicCrucible] Disabling MythicCrucible v0.0.1-SNAPSHOT
[12:29:53] [Server thread/INFO]: [MythicMobs] Disabling MythicMobs v4.11.0-da8c22c1
[12:29:53] [Server thread/INFO]: [MythicMobs] Disabling Mythic Mobs...[0m
[12:29:53] [Server thread/INFO]: [MythicMobs] All active settings have been saved.[0m
[12:29:53] [Server thread/INFO]: [MythicMobs] [36mUNLOADED[0m
[12:29:53] [Server thread/INFO]: [Multiverse-Core] Disabling Multiverse-Core v1.1
[12:29:53] [Server thread/INFO]: [PlotMe-DefaultGenerator] Disabling PlotMe-DefaultGenerator v0.16.1
[12:29:53] [Server thread/INFO]: [EssentialsSpawn] Disabling EssentialsSpawn v2.15.0.45
[12:29:53] [Server thread/INFO]: [NeverLag] Disabling NeverLag v1.3.0
[12:29:53] [Server thread/INFO]: [ColorMOTD] Disabling ColorMOTD v1.5.3
[12:29:53] [Server thread/INFO]: [PlotMe] Disabling PlotMe v0.16.3
[12:29:53] [Server thread/INFO]: [EssentialsChat] Disabling EssentialsChat v2.15.0.45
[12:29:53] [Server thread/INFO]: [EssentialsProtect] Disabling EssentialsProtect v2.15.0.45
[12:29:53] [Server thread/INFO]: [Essentials] Disabling Essentials v2.15.0.45
[12:29:53] [Server thread/INFO]: [Vault][Economy] Essentials Economy unhooked.
[12:29:53] [Server thread/INFO]: [ChestCommands] Disabling ChestCommands v3.1.4
[12:29:53] [Server thread/INFO]: [EasyKitsRel] Disabling EasyKitsRel v2.3
[12:29:53] [Server thread/INFO]: [ProtocolLib] Disabling ProtocolLib v4.3.0
[12:29:53] [Server thread/INFO]: [RichAutoMessage] Disabling RichAutoMessage v1.3.7
[12:29:53] [Server thread/INFO]: [π´∏Ê≤Âº˛] ”… Fabian
[12:29:53] [Server thread/INFO]: [π´∏Ê≤Âº˛] ≤Âº˛∞Ê±æ: 1.3.8
[12:29:53] [Server thread/INFO]: [π´∏Ê≤Âº˛] Õ£”√
[12:29:53] [Server thread/INFO]: [Vault] Disabling Vault v1.6.7-b${env.TRAVIS_BUILD_NUMBER}
[12:29:53] [Server thread/INFO]: [DcBanItem] Disabling DcBanItem v1.0
[12:29:53] [Server thread/INFO]: DcBanItem is now Disabled!
[12:29:53] [Server thread/INFO]: [GroupManager] Disabling GroupManager v2.0.5
[12:29:53] [Server thread/INFO]: GroupManager - INFO - Scheduled Data Saving is disabled!
[12:29:53] [Server thread/INFO]: GroupManager version 2.0.5 is disabled!
[12:29:53] [Server thread/INFO]: [PlaceholderAPI] Disabling PlaceholderAPI v2.9.2
[12:29:53] [Server thread/INFO]: Saving players
[12:29:53] [Server thread/INFO]: Saving worlds
[12:29:53] [Server thread/INFO]: Saving chunks for level 'world'/overworld
[12:29:54] [Server thread/INFO]: Saving chunks for level 'world_nether'/the_nether
[12:29:54] [Server thread/INFO]: Saving chunks for level 'world_the_end'/the_end
[12:29:54] [Server thread/INFO]: Saving chunks for level 'zc'/overworld
